vdc,ward,parcel_id,Landuse
इटियाही,1,1,आवासिय क्षेत्र
इटियाही,1,3,आवासिय क्षेत्र
इटियाही,1,4,आवासिय क्षेत्र
इटियाही,1,6,सार्वजनिक उपयोग क्षेत्र
इटियाही,1,7,आवासिय क्षेत्र
इटियाही,1,8,आवासिय क्षेत्र
इटियाही,1,10,आवासिय क्षेत्र
इटियाही,1,12,आवासिय क्षेत्र
इटियाही,1,14,आवासिय क्षेत्र
इटियाही,1,16,आवासिय क्षेत्र
इटियाही,1,17,आवासिय क्षेत्र
इटियाही,1,18,आवासिय क्षेत्र
इटियाही,1,19,आवासिय क्षेत्र
इटियाही,1,20,आवासिय क्षेत्र
इटियाही,1,21,आवासिय क्षेत्र
इटियाही,1,23,आवासिय क्षेत्र
इटियाही,1,23,आवासिय क्षेत्र
इटियाही,1,23,आवासिय क्षेत्र
इटियाही,1,23,आवासिय क्षेत्र
इटियाही,1,23,आवासिय क्षेत्र
इटियाही,1,27,आवासिय क्षेत्र
इटियाही,1,32,"नदी, खोला, ताल, सिमसार क्षेत्र"
इटियाही,1,33,आवासिय क्षेत्र
इटियाही,1,34,कृषि क्षेत्र
इटियाही,1,37,कृषि क्षेत्र
इटियाही,1,42,कृषि क्षेत्र
इटियाही,1,43,कृषि क्षेत्र
इटियाही,1,45,कृषि क्षेत्र
इटियाही,1,48,आवासिय क्षेत्र
इटियाही,1,49,आवासिय क्षेत्र
इटियाही,1,50,आवासिय क्षेत्र
इटियाही,1,52,आवासिय क्षेत्र
इटियाही,1,53,आवासिय क्षेत्र
इटियाही,1,54,आवासिय क्षेत्र
इटियाही,1,55,आवासिय क्षेत्र
इटियाही,1,57,आवासिय क्षेत्र
इटियाही,1,58,आवासिय क्षेत्र
इटियाही,1,60,कृषि क्षेत्र
इटियाही,1,61,कृषि क्षेत्र
इटियाही,1,62,कृषि क्षेत्र
इटियाही,1,65,कृषि क्षेत्र
इटियाही,1,68,कृषि क्षेत्र
इटियाही,1,70,कृषि क्षेत्र
इटियाही,1,71,कृषि क्षेत्र
इटियाही,1,76,आवासिय क्षेत्र
इटियाही,1,77,आवासिय क्षेत्र
इटियाही,1,78,आवासिय क्षेत्र
इटियाही,1,79,आवासिय क्षेत्र
इटियाही,1,80,आवासिय क्षेत्र
इटियाही,1,81,आवासिय क्षेत्र
इटियाही,1,82,आवासिय क्षेत्र
इटियाही,1,83,आवासिय क्षेत्र
इटियाही,1,84,आवासिय क्षेत्र
इटियाही,1,85,आवासिय क्षेत्र
इटियाही,1,86,आवासिय क्षेत्र
इटियाही,1,88,आवासिय क्षेत्र
इटियाही,1,90,आवासिय क्षेत्र
इटियाही,1,91,आवासिय क्षेत्र
इटियाही,1,92,आवासिय क्षेत्र
इटियाही,1,96,आवासिय क्षेत्र
इटियाही,1,97,आवासिय क्षेत्र
इटियाही,1,98,आवासिय क्षेत्र
इटियाही,1,101,आवासिय क्षेत्र
इटियाही,1,102,आवासिय क्षेत्र
इटियाही,1,105,आवासिय क्षेत्र
इटियाही,1,106,आवासिय क्षेत्र
इटियाही,1,109,आवासिय क्षेत्र
इटियाही,1,110,आवासिय क्षेत्र
इटियाही,1,111,आवासिय क्षेत्र
इटियाही,1,112,आवासिय क्षेत्र
इटियाही,1,113,आवासिय क्षेत्र
इटियाही,1,116,आवासिय क्षेत्र
इटियाही,1,118,कृषि क्षेत्र
इटियाही,1,118,कृषि क्षेत्र
इटियाही,1,118,कृषि क्षेत्र
इटियाही,1,121,आवासिय क्षेत्र
इटियाही,1,122,आवासिय क्षेत्र
इटियाही,1,124,कृषि क्षेत्र
इटियाही,1,126,आवासिय क्षेत्र
इटियाही,1,129,कृषि क्षेत्र
इटियाही,1,130,कृषि क्षेत्र
इटियाही,1,136,आवासिय क्षेत्र
इटियाही,1,138,आवासिय क्षेत्र
इटियाही,1,139,आवासिय क्षेत्र
इटियाही,1,140,आवासिय क्षेत्र
इटियाही,1,141,आवासिय क्षेत्र
इटियाही,1,142,आवासिय क्षेत्र
इटियाही,1,175,आवासिय क्षेत्र
इटियाही,1,176,कृषि क्षेत्र
इटियाही,1,177,आवासिय क्षेत्र
इटियाही,1,185,कृषि क्षेत्र
इटियाही,1,186,आवासिय क्षेत्र
इटियाही,1,189,आवासिय क्षेत्र
इटियाही,1,192,आवासिय क्षेत्र
इटियाही,1,193,आवासिय क्षेत्र
इटियाही,1,206,आवासिय क्षेत्र
इटियाही,1,207,आवासिय क्षेत्र
इटियाही,1,214,आवासिय क्षेत्र
इटियाही,1,215,कृषि क्षेत्र
इटियाही,1,216,कृषि क्षेत्र
इटियाही,1,217,आवासिय क्षेत्र
इटियाही,1,218,आवासिय क्षेत्र
इटियाही,1,219,कृषि क्षेत्र
इटियाही,1,221,कृषि क्षेत्र
इटियाही,1,223,कृषि क्षेत्र
इटियाही,1,224,कृषि क्षेत्र
इटियाही,1,225,कृषि क्षेत्र
इटियाही,1,227,कृषि क्षेत्र
इटियाही,1,241,कृषि क्षेत्र
इटियाही,1,247,आवासिय क्षेत्र
इटियाही,1,248,आवासिय क्षेत्र
इटियाही,1,249,आवासिय क्षेत्र
इटियाही,1,250,आवासिय क्षेत्र
इटियाही,1,251,आवासिय क्षेत्र
इटियाही,1,252,आवासिय क्षेत्र
इटियाही,1,266,आवासिय क्षेत्र
इटियाही,1,267,आवासिय क्षेत्र
इटियाही,1,270,कृषि क्षेत्र
इटियाही,1,276,आवासिय क्षेत्र
इटियाही,1,277,आवासिय क्षेत्र
इटियाही,1,282,कृषि क्षेत्र
इटियाही,1,283,कृषि क्षेत्र
इटियाही,1,284,कृषि क्षेत्र
इटियाही,1,285,कृषि क्षेत्र
इटियाही,1,287,कृषि क्षेत्र
इटियाही,1,288,आवासिय क्षेत्र
इटियाही,1,289,आवासिय क्षेत्र
इटियाही,1,295,आवासिय क्षेत्र
इटियाही,1,296,आवासिय क्षेत्र
इटियाही,1,297,आवासिय क्षेत्र
इटियाही,1,298,आवासिय क्षेत्र
इटियाही,1,313,आवासिय क्षेत्र
इटियाही,1,314,आवासिय क्षेत्र
इटियाही,1,315,आवासिय क्षेत्र
इटियाही,1,316,आवासिय क्षेत्र
इटियाही,1,320,आवासिय क्षेत्र
इटियाही,1,321,कृषि क्षेत्र
इटियाही,1,322,कृषि क्षेत्र
इटियाही,1,326,आवासिय क्षेत्र
इटियाही,1,343,आवासिय क्षेत्र
इटियाही,1,344,आवासिय क्षेत्र
इटियाही,1,345,आवासिय क्षेत्र
इटियाही,1,347,आवासिय क्षेत्र
इटियाही,1,348,आवासिय क्षेत्र
इटियाही,1,349,आवासिय क्षेत्र
इटियाही,1,358,आवासिय क्षेत्र
इटियाही,1,359,आवासिय क्षेत्र
इटियाही,1,360,आवासिय क्षेत्र
इटियाही,1,361,आवासिय क्षेत्र
इटियाही,1,362,कृषि क्षेत्र
इटियाही,1,363,आवासिय क्षेत्र
इटियाही,1,364,कृषि क्षेत्र
इटियाही,1,376,आवासिय क्षेत्र
इटियाही,1,401,आवासिय क्षेत्र
इटियाही,1,402,आवासिय क्षेत्र
इटियाही,1,407,कृषि क्षेत्र
इटियाही,1,408,कृषि क्षेत्र
इटियाही,1,423,कृषि क्षेत्र
इटियाही,1,424,कृषि क्षेत्र
इटियाही,1,439,आवासिय क्षेत्र
इटियाही,1,440,आवासिय क्षेत्र
इटियाही,1,441,आवासिय क्षेत्र
इटियाही,1,443,आवासिय क्षेत्र
इटियाही,1,444,आवासिय क्षेत्र
इटियाही,1,448,आवासिय क्षेत्र
इटियाही,1,449,आवासिय क्षेत्र
इटियाही,1,467,कृषि क्षेत्र
इटियाही,1,468,कृषि क्षेत्र
इटियाही,1,469,कृषि क्षेत्र
इटियाही,1,482,आवासिय क्षेत्र
इटियाही,1,488,आवासिय क्षेत्र
इटियाही,1,490,आवासिय क्षेत्र
इटियाही,1,492,आवासिय क्षेत्र
इटियाही,1,493,आवासिय क्षेत्र
इटियाही,1,494,आवासिय क्षेत्र
इटियाही,1,562,कृषि क्षेत्र
इटियाही,1,563,आवासिय क्षेत्र
इटियाही,1,578,कृषि क्षेत्र
इटियाही,1,579,कृषि क्षेत्र
इटियाही,1,580,आवासिय क्षेत्र
इटियाही,1,581,आवासिय क्षेत्र
इटियाही,1,582,आवासिय क्षेत्र
इटियाही,1,583,आवासिय क्षेत्र
इटियाही,1,589,कृषि क्षेत्र
इटियाही,1,590,कृषि क्षेत्र
इटियाही,1,591,आवासिय क्षेत्र
इटियाही,1,592,आवासिय क्षेत्र
इटियाही,1,593,आवासिय क्षेत्र
इटियाही,1,594,आवासिय क्षेत्र
इटियाही,1,595,आवासिय क्षेत्र
इटियाही,1,596,आवासिय क्षेत्र
इटियाही,1,597,आवासिय क्षेत्र
इटियाही,1,598,आवासिय क्षेत्र
इटियाही,1,600,आवासिय क्षेत्र
इटियाही,1,601,आवासिय क्षेत्र
इटियाही,1,602,आवासिय क्षेत्र
इटियाही,1,603,आवासिय क्षेत्र
इटियाही,1,604,आवासिय क्षेत्र
इटियाही,1,605,आवासिय क्षेत्र
इटियाही,1,607,आवासिय क्षेत्र
इटियाही,1,607,आवासिय क्षेत्र
इटियाही,1,607,आवासिय क्षेत्र
इटियाही,1,607,आवासिय क्षेत्र
इटियाही,1,607,आवासिय क्षेत्र
इटियाही,1,607,आवासिय क्षेत्र
इटियाही,1,608,आवासिय क्षेत्र
इटियाही,1,609,आवासिय क्षेत्र
इटियाही,1,611,आवासिय क्षेत्र
इटियाही,1,612,आवासिय क्षेत्र
इटियाही,1,613,आवासिय क्षेत्र
इटियाही,1,614,आवासिय क्षेत्र
इटियाही,1,615,आवासिय क्षेत्र
इटियाही,1,616,आवासिय क्षेत्र
इटियाही,1,617,आवासिय क्षेत्र
इटियाही,1,619,आवासिय क्षेत्र
इटियाही,1,621,आवासिय क्षेत्र
इटियाही,1,622,आवासिय क्षेत्र
इटियाही,1,625,आवासिय क्षेत्र
इटियाही,1,631,आवासिय क्षेत्र
इटियाही,1,632,आवासिय क्षेत्र
इटियाही,1,633,आवासिय क्षेत्र
इटियाही,1,634,आवासिय क्षेत्र
इटियाही,1,635,आवासिय क्षेत्र
इटियाही,1,636,आवासिय क्षेत्र
इटियाही,1,637,आवासिय क्षेत्र
इटियाही,1,638,आवासिय क्षेत्र
इटियाही,1,639,आवासिय क्षेत्र
इटियाही,1,640,आवासिय क्षेत्र
इटियाही,1,643,आवासिय क्षेत्र
इटियाही,1,644,आवासिय क्षेत्र
इटियाही,1,647,आवासिय क्षेत्र
इटियाही,1,648,आवासिय क्षेत्र
इटियाही,1,649,आवासिय क्षेत्र
इटियाही,1,650,आवासिय क्षेत्र
इटियाही,1,651,आवासिय क्षेत्र
इटियाही,1,654,कृषि क्षेत्र
इटियाही,1,655,कृषि क्षेत्र
इटियाही,1,656,कृषि क्षेत्र
इटियाही,1,657,आवासिय क्षेत्र
इटियाही,1,658,आवासिय क्षेत्र
इटियाही,1,660,आवासिय क्षेत्र
इटियाही,1,660,आवासिय क्षेत्र
इटियाही,1,661,आवासिय क्षेत्र
इटियाही,1,662,आवासिय क्षेत्र
इटियाही,1,663,आवासिय क्षेत्र
इटियाही,1,665,आवासिय क्षेत्र
इटियाही,1,666,आवासिय क्षेत्र
इटियाही,1,669,आवासिय क्षेत्र
इटियाही,1,670,आवासिय क्षेत्र
इटियाही,1,671,आवासिय क्षेत्र
इटियाही,1,672,आवासिय क्षेत्र
इटियाही,1,673,कृषि क्षेत्र
इटियाही,1,675,कृषि क्षेत्र
इटियाही,1,676,कृषि क्षेत्र
इटियाही,1,677,कृषि क्षेत्र
इटियाही,1,678,कृषि क्षेत्र
इटियाही,1,679,आवासिय क्षेत्र
इटियाही,1,680,आवासिय क्षेत्र
इटियाही,1,684,आवासिय क्षेत्र
इटियाही,1,685,कृषि क्षेत्र
इटियाही,1,697,आवासिय क्षेत्र
इटियाही,1,698,आवासिय क्षेत्र
इटियाही,1,699,आवासिय क्षेत्र
इटियाही,1,700,आवासिय क्षेत्र
इटियाही,1,701,कृषि क्षेत्र
इटियाही,1,702,कृषि क्षेत्र
इटियाही,1 गाउँ,1,आवासिय क्षेत्र
इटियाही,1 गाउँ,2,आवासिय क्षेत्र
इटियाही,1 गाउँ,4,आवासिय क्षेत्र
इटियाही,1 गाउँ,6,आवासिय क्षेत्र
इटियाही,1 गाउँ,11,आवासिय क्षेत्र
इटियाही,1 गाउँ,12,आवासिय क्षेत्र
इटियाही,1 गाउँ,13,आवासिय क्षेत्र
इटियाही,1 गाउँ,14,आवासिय क्षेत्र
इटियाही,1 गाउँ,15,आवासिय क्षेत्र
इटियाही,1 गाउँ,16,आवासिय क्षेत्र
इटियाही,1 गाउँ,17,आवासिय क्षेत्र
इटियाही,1 गाउँ,18,आवासिय क्षेत्र
इटियाही,1 गाउँ,19,आवासिय क्षेत्र
इटियाही,1 गाउँ,20,आवासिय क्षेत्र
इटियाही,1 गाउँ,21,आवासिय क्षेत्र
इटियाही,1 गाउँ,22,आवासिय क्षेत्र
इटियाही,1 गाउँ,23,आवासिय क्षेत्र
इटियाही,1 गाउँ,24,आवासिय क्षेत्र
इटियाही,1 गाउँ,25,आवासिय क्षेत्र
इटियाही,1 गाउँ,26,आवासिय क्षेत्र
इटियाही,1 गाउँ,27,आवासिय क्षेत्र
इटियाही,1 गाउँ,28,आवासिय क्षेत्र
इटियाही,1 गाउँ,29,आवासिय क्षेत्र
इटियाही,1 गाउँ,30,आवासिय क्षेत्र
इटियाही,1 गाउँ,31,आवासिय क्षेत्र
इटियाही,1 गाउँ,32,आवासिय क्षेत्र
इटियाही,1 गाउँ,33,आवासिय क्षेत्र
इटियाही,1 गाउँ,34,आवासिय क्षेत्र
इटियाही,1 गाउँ,35,आवासिय क्षेत्र
इटियाही,1 गाउँ,36,आवासिय क्षेत्र
इटियाही,1 गाउँ,37,आवासिय क्षेत्र
इटियाही,1 गाउँ,38,आवासिय क्षेत्र
इटियाही,1 गाउँ,39,आवासिय क्षेत्र
इटियाही,1 गाउँ,40,आवासिय क्षेत्र
इटियाही,1 गाउँ,42,आवासिय क्षेत्र
इटियाही,1 गाउँ,43,आवासिय क्षेत्र
इटियाही,1 गाउँ,44,आवासिय क्षेत्र
इटियाही,1 गाउँ,45,आवासिय क्षेत्र
इटियाही,1 गाउँ,47,आवासिय क्षेत्र
इटियाही,1 गाउँ,50,आवासिय क्षेत्र
इटियाही,1 गाउँ,52,आवासिय क्षेत्र
इटियाही,1 गाउँ,53,आवासिय क्षेत्र
इटियाही,1 गाउँ,54,आवासिय क्षेत्र
इटियाही,1 गाउँ,55,आवासिय क्षेत्र
इटियाही,1 गाउँ,56,आवासिय क्षेत्र
इटियाही,1 गाउँ,64,आवासिय क्षेत्र
इटियाही,1 गाउँ,65,आवासिय क्षेत्र
इटियाही,1 गाउँ,66,आवासिय क्षेत्र
इटियाही,1 गाउँ,67,आवासिय क्षेत्र
इटियाही,1 गाउँ,68,आवासिय क्षेत्र
इटियाही,1 गाउँ,69,आवासिय क्षेत्र
इटियाही,1 गाउँ,70,आवासिय क्षेत्र
इटियाही,1 गाउँ,71,आवासिय क्षेत्र
इटियाही,1 गाउँ,72,आवासिय क्षेत्र
इटियाही,1 गाउँ,73,आवासिय क्षेत्र
इटियाही,1 गाउँ,74,आवासिय क्षेत्र
इटियाही,1 गाउँ,75,आवासिय क्षेत्र
इटियाही,1 गाउँ,78,आवासिय क्षेत्र
इटियाही,1 गाउँ,79,आवासिय क्षेत्र
इटियाही,1 नहर,5,आवासिय क्षेत्र
इटियाही,1 नहर,84,आवासिय क्षेत्र
इटियाही,1 नहर,86,आवासिय क्षेत्र
इटियाही,1 नहर,143,सार्वजनिक उपयोग क्षेत्र
इटियाही,1 नहर,147,सार्वजनिक उपयोग क्षेत्र
इटियाही,1 नहर,150,आवासिय क्षेत्र
इटियाही,1 नहर,151,आवासिय क्षेत्र
इटियाही,1 नहर,153,आवासिय क्षेत्र
इटियाही,1 नहर,154,आवासिय क्षेत्र
इटियाही,1 नहर,158,आवासिय क्षेत्र
इटियाही,1 नहर,161,आवासिय क्षेत्र
इटियाही,1 नहर,162,आवासिय क्षेत्र
इटियाही,1 नहर,163,आवासिय क्षेत्र
इटियाही,1 नहर,165,आवासिय क्षेत्र
इटियाही,1 नहर,179,आवासिय क्षेत्र
इटियाही,1 नहर,210,आवासिय क्षेत्र
इटियाही,1 नहर,211,आवासिय क्षेत्र
इटियाही,1 नहर,212,आवासिय क्षेत्र
इटियाही,1 नहर,255,आवासिय क्षेत्र
इटियाही,1 नहर,257,आवासिय क्षेत्र
इटियाही,1 नहर,301,आवासिय क्षेत्र
इटियाही,1 नहर,328,आवासिय क्षेत्र
इटियाही,1 नहर,329,आवासिय क्षेत्र
इटियाही,1 नहर,352,आवासिय क्षेत्र
इटियाही,1 नहर,353,आवासिय क्षेत्र
इटियाही,1 नहर,354,आवासिय क्षेत्र
इटियाही,1 नहर,355,आवासिय क्षेत्र
इटियाही,1 नहर,357,आवासिय क्षेत्र
इटियाही,1 नहर,366,आवासिय क्षेत्र
इटियाही,1 नहर,367,आवासिय क्षेत्र
इटियाही,1 नहर,390,आवासिय क्षेत्र
इटियाही,1 नहर,392,आवासिय क्षेत्र
इटियाही,1 नहर,393,आवासिय क्षेत्र
इटियाही,1 नहर,398,आवासिय क्षेत्र
इटियाही,1 नहर,399,आवासिय क्षेत्र
इटियाही,1 नहर,400,आवासिय क्षेत्र
इटियाही,1 नहर,403,आवासिय क्षेत्र
इटियाही,1 नहर,404,आवासिय क्षेत्र
इटियाही,1 नहर,405,आवासिय क्षेत्र
इटियाही,1 नहर,411,आवासिय क्षेत्र
इटियाही,1 नहर,412,आवासिय क्षेत्र
इटियाही,1 नहर,414,आवासिय क्षेत्र
इटियाही,1 नहर,416,आवासिय क्षेत्र
इटियाही,1 नहर,417,आवासिय क्षेत्र
इटियाही,1 नहर,420,आवासिय क्षेत्र
इटियाही,1 नहर,421,आवासिय क्षेत्र
इटियाही,1 नहर,449,आवासिय क्षेत्र
इटियाही,1 नहर,450,आवासिय क्षेत्र
इटियाही,1 नहर,453,आवासिय क्षेत्र
इटियाही,1 नहर,456,आवासिय क्षेत्र
इटियाही,1 नहर,470,आवासिय क्षेत्र
इटियाही,1 नहर,471,आवासिय क्षेत्र
इटियाही,1 नहर,566,आवासिय क्षेत्र
इटियाही,1 नहर,567,आवासिय क्षेत्र
इटियाही,1 नहर,568,आवासिय क्षेत्र
इटियाही,1 नहर,572,आवासिय क्षेत्र
इटियाही,1 नहर,573,आवासिय क्षेत्र
इटियाही,1 नहर,574,आवासिय क्षेत्र
इटियाही,1 नहर,575,आवासिय क्षेत्र
इटियाही,1 नहर,585,आवासिय क्षेत्र
इटियाही,1 नहर,586,आवासिय क्षेत्र
इटियाही,1 नहर,587,आवासिय क्षेत्र
इटियाही,1 नहर,588,आवासिय क्षेत्र
इटियाही,1 नहर,623,आवासिय क्षेत्र
इटियाही,1 नहर,624,आवासिय क्षेत्र
इटियाही,1 नहर,837,आवासिय क्षेत्र
इटियाही,1 नहर,838,आवासिय क्षेत्र
इटियाही,1 नहर,9991,आवासिय क्षेत्र
इटियाही,1 नहर,9996,आवासिय क्षेत्र
इटियाही,1 नहर,9997,आवासिय क्षेत्र
इटियाही,1 नहर,9998,आवासिय क्षेत्र
इटियाही,1 नहर,9999,आवासिय क्षेत्र
इटियाही,2,1,आवासिय क्षेत्र
इटियाही,2,2,आवासिय क्षेत्र
इटियाही,2,3,आवासिय क्षेत्र
इटियाही,2,6,आवासिय क्षेत्र
इटियाही,2,8,आवासिय क्षेत्र
इटियाही,2,10,आवासिय क्षेत्र
इटियाही,2,11,आवासिय क्षेत्र
इटियाही,2,14,आवासिय क्षेत्र
इटियाही,2,16,आवासिय क्षेत्र
इटियाही,2,18,आवासिय क्षेत्र
इटियाही,2,19,आवासिय क्षेत्र
इटियाही,2,24,आवासिय क्षेत्र
इटियाही,2,31,आवासिय क्षेत्र
इटियाही,2,32,आवासिय क्षेत्र
इटियाही,2,33,आवासिय क्षेत्र
इटियाही,2,34,आवासिय क्षेत्र
इटियाही,2,39,आवासिय क्षेत्र
इटियाही,2,43,आवासिय क्षेत्र
इटियाही,2,44,आवासिय क्षेत्र
इटियाही,2,45,आवासिय क्षेत्र
इटियाही,2,45,आवासिय क्षेत्र
इटियाही,2,45,आवासिय क्षेत्र
इटियाही,2,45,आवासिय क्षेत्र
इटियाही,2,46,"नदी, खोला, ताल, सिमसार क्षेत्र"
इटियाही,2,47,आवासिय क्षेत्र
इटियाही,2,49,आवासिय क्षेत्र
इटियाही,2,51,आवासिय क्षेत्र
इटियाही,2,52,सार्वजनिक उपयोग क्षेत्र
इटियाही,2,54,आवासिय क्षेत्र
इटियाही,2,55,आवासिय क्षेत्र
इटियाही,2,56,आवासिय क्षेत्र
इटियाही,2,58,आवासिय क्षेत्र
इटियाही,2,59,आवासिय क्षेत्र
इटियाही,2,61,आवासिय क्षेत्र
इटियाही,2,62,आवासिय क्षेत्र
इटियाही,2,65,आवासिय क्षेत्र
इटियाही,2,68,आवासिय क्षेत्र
इटियाही,2,70,आवासिय क्षेत्र
इटियाही,2,71,आवासिय क्षेत्र
इटियाही,2,72,आवासिय क्षेत्र
इटियाही,2,73,आवासिय क्षेत्र
इटियाही,2,74,आवासिय क्षेत्र
इटियाही,2,75,आवासिय क्षेत्र
इटियाही,2,76,आवासिय क्षेत्र
इटियाही,2,77,आवासिय क्षेत्र
इटियाही,2,79,आवासिय क्षेत्र
इटियाही,2,81,आवासिय क्षेत्र
इटियाही,2,85,आवासिय क्षेत्र
इटियाही,2,86,आवासिय क्षेत्र
इटियाही,2,87,आवासिय क्षेत्र
इटियाही,2,88,आवासिय क्षेत्र
इटियाही,2,89,आवासिय क्षेत्र
इटियाही,2,91,आवासिय क्षेत्र
इटियाही,2,92,आवासिय क्षेत्र
इटियाही,2,97,आवासिय क्षेत्र
इटियाही,2,99,आवासिय क्षेत्र
इटियाही,2,100,आवासिय क्षेत्र
इटियाही,2,101,आवासिय क्षेत्र
इटियाही,2,106,आवासिय क्षेत्र
इटियाही,2,107,आवासिय क्षेत्र
इटियाही,2,108,आवासिय क्षेत्र
इटियाही,2,109,आवासिय क्षेत्र
इटियाही,2,110,आवासिय क्षेत्र
इटियाही,2,111,आवासिय क्षेत्र
इटियाही,2,113,आवासिय क्षेत्र
इटियाही,2,114,आवासिय क्षेत्र
इटियाही,2,115,आवासिय क्षेत्र
इटियाही,2,116,आवासिय क्षेत्र
इटियाही,2,117,आवासिय क्षेत्र
इटियाही,2,118,आवासिय क्षेत्र
इटियाही,2,119,आवासिय क्षेत्र
इटियाही,2,120,आवासिय क्षेत्र
इटियाही,2,123,आवासिय क्षेत्र
इटियाही,2,124,आवासिय क्षेत्र
इटियाही,2,128,आवासिय क्षेत्र
इटियाही,2,129,आवासिय क्षेत्र
इटियाही,2,130,आवासिय क्षेत्र
इटियाही,2,131,आवासिय क्षेत्र
इटियाही,2,132,आवासिय क्षेत्र
इटियाही,2,133,आवासिय क्षेत्र
इटियाही,2,134,आवासिय क्षेत्र
इटियाही,2,135,आवासिय क्षेत्र
इटियाही,2,137,आवासिय क्षेत्र
इटियाही,2,141,आवासिय क्षेत्र
इटियाही,2,148,आवासिय क्षेत्र
इटियाही,2,150,आवासिय क्षेत्र
इटियाही,2,151,आवासिय क्षेत्र
इटियाही,2,152,आवासिय क्षेत्र
इटियाही,2,153,आवासिय क्षेत्र
इटियाही,2,154,आवासिय क्षेत्र
इटियाही,2,155,आवासिय क्षेत्र
इटियाही,2,156,आवासिय क्षेत्र
इटियाही,2,158,व्यावसायिक क्षेत्र
इटियाही,2,159,व्यावसायिक क्षेत्र
इटियाही,2,160,आवासिय क्षेत्र
इटियाही,2,161,आवासिय क्षेत्र
इटियाही,2,162,आवासिय क्षेत्र
इटियाही,2,164,आवासिय क्षेत्र
इटियाही,2,165,आवासिय क्षेत्र
इटियाही,2,166,आवासिय क्षेत्र
इटियाही,2,167,आवासिय क्षेत्र
इटियाही,2,168,आवासिय क्षेत्र
इटियाही,2,169,आवासिय क्षेत्र
इटियाही,2,174,आवासिय क्षेत्र
इटियाही,2,175,आवासिय क्षेत्र
इटियाही,2,178,आवासिय क्षेत्र
इटियाही,2,180,आवासिय क्षेत्र
इटियाही,2,182,आवासिय क्षेत्र
इटियाही,2,183,आवासिय क्षेत्र
इटियाही,2,188,आवासिय क्षेत्र
इटियाही,2,192,आवासिय क्षेत्र
इटियाही,2,193,आवासिय क्षेत्र
इटियाही,2,194,आवासिय क्षेत्र
इटियाही,2,195,आवासिय क्षेत्र
इटियाही,2,196,आवासिय क्षेत्र
इटियाही,2,198,आवासिय क्षेत्र
इटियाही,2,199,आवासिय क्षेत्र
इटियाही,2,199,आवासिय क्षेत्र
इटियाही,2,204,आवासिय क्षेत्र
इटियाही,2,205,आवासिय क्षेत्र
इटियाही,2,206,आवासिय क्षेत्र
इटियाही,2,208,आवासिय क्षेत्र
इटियाही,2,209,आवासिय क्षेत्र
इटियाही,2,210,आवासिय क्षेत्र
इटियाही,2,211,आवासिय क्षेत्र
इटियाही,2,214,आवासिय क्षेत्र
इटियाही,2,215,आवासिय क्षेत्र
इटियाही,2,216,आवासिय क्षेत्र
इटियाही,2,217,आवासिय क्षेत्र
इटियाही,2,218,आवासिय क्षेत्र
इटियाही,2,219,आवासिय क्षेत्र
इटियाही,2,220,आवासिय क्षेत्र
इटियाही,2,221,आवासिय क्षेत्र
इटियाही,2,222,आवासिय क्षेत्र
इटियाही,2,247,आवासिय क्षेत्र
इटियाही,2,248,आवासिय क्षेत्र
इटियाही,2,249,आवासिय क्षेत्र
इटियाही,2,252,आवासिय क्षेत्र
इटियाही,2,255,आवासिय क्षेत्र
इटियाही,2,258,आवासिय क्षेत्र
इटियाही,2,260,आवासिय क्षेत्र
इटियाही,2,261,आवासिय क्षेत्र
इटियाही,2,271,आवासिय क्षेत्र
इटियाही,2,274,आवासिय क्षेत्र
इटियाही,2,275,आवासिय क्षेत्र
इटियाही,2,276,आवासिय क्षेत्र
इटियाही,2,277,आवासिय क्षेत्र
इटियाही,2,278,आवासिय क्षेत्र
इटियाही,2,302,आवासिय क्षेत्र
इटियाही,2,303,आवासिय क्षेत्र
इटियाही,2,304,आवासिय क्षेत्र
इटियाही,2,305,आवासिय क्षेत्र
इटियाही,2,306,आवासिय क्षेत्र
इटियाही,2,308,आवासिय क्षेत्र
इटियाही,2,309,आवासिय क्षेत्र
इटियाही,2,310,आवासिय क्षेत्र
इटियाही,2,311,आवासिय क्षेत्र
इटियाही,2,313,आवासिय क्षेत्र
इटियाही,2,314,आवासिय क्षेत्र
इटियाही,2,316,आवासिय क्षेत्र
इटियाही,2,317,आवासिय क्षेत्र
इटियाही,2,319,आवासिय क्षेत्र
इटियाही,2,320,आवासिय क्षेत्र
इटियाही,2,322,आवासिय क्षेत्र
इटियाही,2,327,आवासिय क्षेत्र
इटियाही,2,329,आवासिय क्षेत्र
इटियाही,2,335,आवासिय क्षेत्र
इटियाही,2,336,आवासिय क्षेत्र
इटियाही,2,337,आवासिय क्षेत्र
इटियाही,2,346,आवासिय क्षेत्र
इटियाही,2,362,आवासिय क्षेत्र
इटियाही,2,366,आवासिय क्षेत्र
इटियाही,2,368,आवासिय क्षेत्र
इटियाही,2,369,आवासिय क्षेत्र
इटियाही,2,389,व्यावसायिक क्षेत्र
इटियाही,2,392,आवासिय क्षेत्र
इटियाही,2,393,आवासिय क्षेत्र
इटियाही,2,394,आवासिय क्षेत्र
इटियाही,2,400,आवासिय क्षेत्र
इटियाही,2,401,आवासिय क्षेत्र
इटियाही,2,402,आवासिय क्षेत्र
इटियाही,2,403,आवासिय क्षेत्र
इटियाही,2,415,आवासिय क्षेत्र
इटियाही,2,416,आवासिय क्षेत्र
इटियाही,2,450,आवासिय क्षेत्र
इटियाही,2,469,आवासिय क्षेत्र
इटियाही,2,470,आवासिय क्षेत्र
इटियाही,2,471,आवासिय क्षेत्र
इटियाही,2,472,आवासिय क्षेत्र
इटियाही,2,477,आवासिय क्षेत्र
इटियाही,2,478,आवासिय क्षेत्र
इटियाही,2,514,आवासिय क्षेत्र
इटियाही,2,515,आवासिय क्षेत्र
इटियाही,2,522,आवासिय क्षेत्र
इटियाही,2,555,आवासिय क्षेत्र
इटियाही,2,556,आवासिय क्षेत्र
इटियाही,2,557,आवासिय क्षेत्र
इटियाही,2,558,आवासिय क्षेत्र
इटियाही,2,559,आवासिय क्षेत्र
इटियाही,2,566,आवासिय क्षेत्र
इटियाही,2,567,आवासिय क्षेत्र
इटियाही,2,638,आवासिय क्षेत्र
इटियाही,2,639,आवासिय क्षेत्र
इटियाही,2,640,आवासिय क्षेत्र
इटियाही,2,641,आवासिय क्षेत्र
इटियाही,2,642,आवासिय क्षेत्र
इटियाही,2,643,आवासिय क्षेत्र
इटियाही,2,718,आवासिय क्षेत्र
इटियाही,2,751,आवासिय क्षेत्र
इटियाही,2,752,आवासिय क्षेत्र
इटियाही,2,775,आवासिय क्षेत्र
इटियाही,2,827,आवासिय क्षेत्र
इटियाही,2,844,आवासिय क्षेत्र
इटियाही,2,853,आवासिय क्षेत्र
इटियाही,2,854,आवासिय क्षेत्र
इटियाही,2,855,आवासिय क्षेत्र
इटियाही,2,897,आवासिय क्षेत्र
इटियाही,2,898,आवासिय क्षेत्र
इटियाही,2,899,आवासिय क्षेत्र
इटियाही,2,900,आवासिय क्षेत्र
इटियाही,2,971,व्यावसायिक क्षेत्र
इटियाही,2,973,व्यावसायिक क्षेत्र
इटियाही,2,974,व्यावसायिक क्षेत्र
इटियाही,2,975,आवासिय क्षेत्र
इटियाही,2,976,आवासिय क्षेत्र
इटियाही,2,980,आवासिय क्षेत्र
इटियाही,2,981,आवासिय क्षेत्र
इटियाही,2,982,आवासिय क्षेत्र
इटियाही,2,1178,आवासिय क्षेत्र
इटियाही,2,1180,आवासिय क्षेत्र
इटियाही,2,1181,आवासिय क्षेत्र
इटियाही,2,1200,आवासिय क्षेत्र
इटियाही,2,1209,आवासिय क्षेत्र
इटियाही,2,1210,आवासिय क्षेत्र
इटियाही,2,1211,आवासिय क्षेत्र
इटियाही,2,1216,आवासिय क्षेत्र
इटियाही,2,1217,आवासिय क्षेत्र
इटियाही,2,1218,आवासिय क्षेत्र
इटियाही,2,1219,आवासिय क्षेत्र
इटियाही,2,1220,आवासिय क्षेत्र
इटियाही,2,1221,आवासिय क्षेत्र
इटियाही,2,1222,आवासिय क्षेत्र
इटियाही,2,1223,आवासिय क्षेत्र
इटियाही,2,1224,आवासिय क्षेत्र
इटियाही,2,1225,आवासिय क्षेत्र
इटियाही,2,1226,आवासिय क्षेत्र
इटियाही,2,1227,आवासिय क्षेत्र
इटियाही,2,1228,आवासिय क्षेत्र
इटियाही,2,1235,आवासिय क्षेत्र
इटियाही,2,1236,आवासिय क्षेत्र
इटियाही,2,1237,आवासिय क्षेत्र
इटियाही,2,1239,आवासिय क्षेत्र
इटियाही,2,1240,आवासिय क्षेत्र
इटियाही,2,1241,आवासिय क्षेत्र
इटियाही,2,1242,आवासिय क्षेत्र
इटियाही,2,1243,आवासिय क्षेत्र
इटियाही,2,1261,आवासिय क्षेत्र
इटियाही,2,1289,आवासिय क्षेत्र
इटियाही,2,1290,आवासिय क्षेत्र
इटियाही,2,1291,आवासिय क्षेत्र
इटियाही,2,1292,आवासिय क्षेत्र
इटियाही,2,1293,आवासिय क्षेत्र
इटियाही,2,1294,आवासिय क्षेत्र
इटियाही,2,1295,आवासिय क्षेत्र
इटियाही,2,1296,आवासिय क्षेत्र
इटियाही,2,1297,आवासिय क्षेत्र
इटियाही,2,1298,आवासिय क्षेत्र
इटियाही,2,1299,आवासिय क्षेत्र
इटियाही,2,1300,आवासिय क्षेत्र
इटियाही,2,1301,आवासिय क्षेत्र
इटियाही,2,1302,आवासिय क्षेत्र
इटियाही,2,1303,आवासिय क्षेत्र
इटियाही,2,1304,आवासिय क्षेत्र
इटियाही,2,1305,आवासिय क्षेत्र
इटियाही,2,1306,आवासिय क्षेत्र
इटियाही,2,1307,आवासिय क्षेत्र
इटियाही,2,1308,आवासिय क्षेत्र
इटियाही,2,1309,आवासिय क्षेत्र
इटियाही,2,1312,आवासिय क्षेत्र
इटियाही,2,1313,आवासिय क्षेत्र
इटियाही,2,1324,आवासिय क्षेत्र
इटियाही,2,1325,आवासिय क्षेत्र
इटियाही,2,1326,आवासिय क्षेत्र
इटियाही,2,1327,व्यावसायिक क्षेत्र
इटियाही,2,1328,व्यावसायिक क्षेत्र
इटियाही,2,1329,व्यावसायिक क्षेत्र
इटियाही,2,1330,व्यावसायिक क्षेत्र
इटियाही,2,1334,आवासिय क्षेत्र
इटियाही,2,1335,आवासिय क्षेत्र
इटियाही,2,1336,आवासिय क्षेत्र
इटियाही,2,1337,आवासिय क्षेत्र
इटियाही,2,1338,आवासिय क्षेत्र
इटियाही,2,1339,आवासिय क्षेत्र
इटियाही,2,1340,आवासिय क्षेत्र
इटियाही,2,1341,आवासिय क्षेत्र
इटियाही,2,1342,आवासिय क्षेत्र
इटियाही,2,1343,आवासिय क्षेत्र
इटियाही,2,1344,आवासिय क्षेत्र
इटियाही,2,1346,आवासिय क्षेत्र
इटियाही,2,1347,आवासिय क्षेत्र
इटियाही,2,1348,आवासिय क्षेत्र
इटियाही,2,1349,आवासिय क्षेत्र
इटियाही,2,1350,आवासिय क्षेत्र
इटियाही,2,1351,आवासिय क्षेत्र
इटियाही,2,1352,आवासिय क्षेत्र
इटियाही,2,1353,आवासिय क्षेत्र
इटियाही,2,1360,आवासिय क्षेत्र
इटियाही,2,1361,आवासिय क्षेत्र
इटियाही,2,1366,आवासिय क्षेत्र
इटियाही,2,1371,आवासिय क्षेत्र
इटियाही,2,1372,आवासिय क्षेत्र
इटियाही,2,1373,आवासिय क्षेत्र
इटियाही,2,1374,आवासिय क्षेत्र
इटियाही,2,1378,आवासिय क्षेत्र
इटियाही,2,1379,आवासिय क्षेत्र
इटियाही,2,1380,आवासिय क्षेत्र
इटियाही,2,1381,आवासिय क्षेत्र
इटियाही,2,1382,आवासिय क्षेत्र
इटियाही,2,1383,आवासिय क्षेत्र
इटियाही,2,1384,आवासिय क्षेत्र
इटियाही,2,1386,आवासिय क्षेत्र
इटियाही,2,1387,आवासिय क्षेत्र
इटियाही,2,1388,आवासिय क्षेत्र
इटियाही,2,1389,आवासिय क्षेत्र
इटियाही,2,1391,आवासिय क्षेत्र
इटियाही,2,1394,आवासिय क्षेत्र
इटियाही,2,1395,आवासिय क्षेत्र
इटियाही,2,1396,आवासिय क्षेत्र
इटियाही,2,1397,आवासिय क्षेत्र
इटियाही,2,1398,आवासिय क्षेत्र
इटियाही,2,1399,आवासिय क्षेत्र
इटियाही,2,1400,आवासिय क्षेत्र
इटियाही,2,1401,आवासिय क्षेत्र
इटियाही,2,1407,आवासिय क्षेत्र
इटियाही,2,1408,आवासिय क्षेत्र
इटियाही,2,1409,आवासिय क्षेत्र
इटियाही,2,1410,आवासिय क्षेत्र
इटियाही,2,1419,आवासिय क्षेत्र
इटियाही,2,1420,आवासिय क्षेत्र
इटियाही,2,1430,आवासिय क्षेत्र
इटियाही,2,1431,आवासिय क्षेत्र
इटियाही,2,1432,आवासिय क्षेत्र
इटियाही,2,1434,आवासिय क्षेत्र
इटियाही,2,1436,आवासिय क्षेत्र
इटियाही,2,1437,आवासिय क्षेत्र
इटियाही,2,1438,आवासिय क्षेत्र
इटियाही,2,1439,व्यावसायिक क्षेत्र
इटियाही,2,1440,व्यावसायिक क्षेत्र
इटियाही,2,1463,आवासिय क्षेत्र
इटियाही,2,1464,आवासिय क्षेत्र
इटियाही,2,1465,आवासिय क्षेत्र
इटियाही,2,1466,आवासिय क्षेत्र
इटियाही,2,1467,आवासिय क्षेत्र
इटियाही,2,1469,आवासिय क्षेत्र
इटियाही,2,1470,आवासिय क्षेत्र
इटियाही,2,1478,आवासिय क्षेत्र
इटियाही,2,1479,आवासिय क्षेत्र
इटियाही,2,1480,आवासिय क्षेत्र
इटियाही,2,1481,आवासिय क्षेत्र
इटियाही,2,1482,आवासिय क्षेत्र
इटियाही,2,1482,आवासिय क्षेत्र
इटियाही,2,1483,आवासिय क्षेत्र
इटियाही,2,1484,आवासिय क्षेत्र
इटियाही,2,1485,आवासिय क्षेत्र
इटियाही,2,1486,आवासिय क्षेत्र
इटियाही,2,1487,आवासिय क्षेत्र
इटियाही,2,1488,आवासिय क्षेत्र
इटियाही,2,1489,आवासिय क्षेत्र
इटियाही,2,1490,आवासिय क्षेत्र
इटियाही,2,1491,आवासिय क्षेत्र
इटियाही,2,1493,आवासिय क्षेत्र
इटियाही,2,1494,आवासिय क्षेत्र
इटियाही,2,1501,आवासिय क्षेत्र
इटियाही,2,1502,आवासिय क्षेत्र
इटियाही,2,1503,आवासिय क्षेत्र
इटियाही,2,1504,आवासिय क्षेत्र
इटियाही,2,1505,आवासिय क्षेत्र
इटियाही,2,1506,आवासिय क्षेत्र
इटियाही,2,1507,आवासिय क्षेत्र
इटियाही,2,1508,आवासिय क्षेत्र
इटियाही,2,1509,आवासिय क्षेत्र
इटियाही,2,1519,आवासिय क्षेत्र
इटियाही,2,1520,आवासिय क्षेत्र
इटियाही,2,1523,आवासिय क्षेत्र
इटियाही,2,1525,आवासिय क्षेत्र
इटियाही,2,1527,आवासिय क्षेत्र
इटियाही,2,1528,आवासिय क्षेत्र
इटियाही,2,1529,आवासिय क्षेत्र
इटियाही,2,1530,आवासिय क्षेत्र
इटियाही,2,1531,आवासिय क्षेत्र
इटियाही,2,1533,आवासिय क्षेत्र
इटियाही,2,1534,आवासिय क्षेत्र
इटियाही,2,1539,आवासिय क्षेत्र
इटियाही,2,1540,आवासिय क्षेत्र
इटियाही,2,1541,आवासिय क्षेत्र
इटियाही,2,1542,आवासिय क्षेत्र
इटियाही,2,1543,आवासिय क्षेत्र
इटियाही,2,1544,आवासिय क्षेत्र
इटियाही,2,1545,आवासिय क्षेत्र
इटियाही,2,1546,आवासिय क्षेत्र
इटियाही,2,1547,आवासिय क्षेत्र
इटियाही,2,1548,आवासिय क्षेत्र
इटियाही,2,1549,आवासिय क्षेत्र
इटियाही,2,9999,आवासिय क्षेत्र
इटियाही,2 गाउँ (100 को गाउँ),1,आवासिय क्षेत्र
इटियाही,2 गाउँ (100 को गाउँ),2,आवासिय क्षेत्र
इटियाही,2 गाउँ (100 को गाउँ),4,आवासिय क्षेत्र
इटियाही,2 गाउँ (100 को गाउँ),5,आवासिय क्षेत्र
इटियाही,2 गाउँ (100 को गाउँ),6,आवासिय क्षेत्र
इटियाही,2 गाउँ (100 को गाउँ),7,आवासिय क्षेत्र
इटियाही,2 गाउँ(143 को गाउँ),1,आवासिय क्षेत्र
इटियाही,2 गाउँ(143 को गाउँ),2,आवासिय क्षेत्र
इटियाही,2 गाउँ(143 को गाउँ),5,आवासिय क्षेत्र
इटियाही,2 गाउँ(143 को गाउँ),6,आवासिय क्षेत्र
इटियाही,2 गाउँ(143 को गाउँ),7,आवासिय क्षेत्र
इटियाही,2 गाउँ(143 को गाउँ),8,आवासिय क्षेत्र
इटियाही,2 गाउँ(143 को गाउँ),9,आवासिय क्षेत्र
इटियाही,2 गाउँ(143 को गाउँ),10,आवासिय क्षेत्र
इटियाही,2 गाउँ(143 को गाउँ),11,आवासिय क्षेत्र
इटियाही,2 गाउँ(143 को गाउँ),12,आवासिय क्षेत्र
इटियाही,2 गाउँ(143 को गाउँ),13,आवासिय क्षेत्र
इटियाही,2 गाउँ(143 को गाउँ),14,आवासिय क्षेत्र
इटियाही,2 गाउँ(143 को गाउँ),15,आवासिय क्षेत्र
इटियाही,2 गाउँ(143 को गाउँ),16,आवासिय क्षेत्र
इटियाही,2 गाउँ(143 को गाउँ),17,आवासिय क्षेत्र
इटियाही,2 गाउँ(143 को गाउँ),18,आवासिय क्षेत्र
इटियाही,2 गाउँ(143 को गाउँ),19,आवासिय क्षेत्र
इटियाही,2 गाउँ(143 को गाउँ),20,आवासिय क्षेत्र
इटियाही,2 गाउँ(143 को गाउँ),21,आवासिय क्षेत्र
इटियाही,2 गाउँ(143 को गाउँ),22,आवासिय क्षेत्र
इटियाही,2 गाउँ(143 को गाउँ),23,आवासिय क्षेत्र
इटियाही,2 गाउँ(143 को गाउँ),24,आवासिय क्षेत्र
इटियाही,2 गाउँ(143 को गाउँ),25,आवासिय क्षेत्र
इटियाही,2 गाउँ(143 को गाउँ),26,आवासिय क्षेत्र
इटियाही,2 गाउँ(143 को गाउँ),27,आवासिय क्षेत्र
इटियाही,2 गाउँ(143 को गाउँ),28,आवासिय क्षेत्र
इटियाही,2 गाउँ(143 को गाउँ),29,आवासिय क्षेत्र
इटियाही,2 गाउँ(143 को गाउँ),30,आवासिय क्षेत्र
इटियाही,2 गाउँ(143 को गाउँ),31,आवासिय क्षेत्र
इटियाही,2 गाउँ(143 को गाउँ),32,आवासिय क्षेत्र
इटियाही,2 गाउँ(143 को गाउँ),33,आवासिय क्षेत्र
इटियाही,2 गाउँ(143 को गाउँ),34,आवासिय क्षेत्र
इटियाही,2 गाउँ(143 को गाउँ),35,आवासिय क्षेत्र
इटियाही,2 गाउँ(143 को गाउँ),36,आवासिय क्षेत्र
इटियाही,2 गाउँ(143 को गाउँ),37,आवासिय क्षेत्र
इटियाही,2 गाउँ(143 को गाउँ),38,आवासिय क्षेत्र
इटियाही,2 गाउँ(143 को गाउँ),39,आवासिय क्षेत्र
इटियाही,2 गाउँ(143 को गाउँ),40,आवासिय क्षेत्र
इटियाही,2 गाउँ(143 को गाउँ),41,आवासिय क्षेत्र
इटियाही,2 गाउँ(143 को गाउँ),42,आवासिय क्षेत्र
इटियाही,2 गाउँ(143 को गाउँ),43,आवासिय क्षेत्र
इटियाही,2 गाउँ(143 को गाउँ),46,आवासिय क्षेत्र
इटियाही,2 गाउँ(143 को गाउँ),47,आवासिय क्षेत्र
इटियाही,2 गाउँ(143 को गाउँ),62,आवासिय क्षेत्र
इटियाही,2 गाउँ(143 को गाउँ),63,आवासिय क्षेत्र
इटियाही,2 गाउँ(143 को गाउँ),64,आवासिय क्षेत्र
इटियाही,2 गाउँ(153 को गाउँ),1,आवासिय क्षेत्र
इटियाही,2 गाउँ(153 को गाउँ),2,आवासिय क्षेत्र
इटियाही,2 नहर,0,सार्वजनिक उपयोग क्षेत्र
इटियाही,2 नहर,0,आवासिय क्षेत्र
इटियाही,2 नहर,0,सार्वजनिक उपयोग क्षेत्र
इटियाही,2 नहर,2,सार्वजनिक उपयोग क्षेत्र
इटियाही,2 नहर,7,आवासिय क्षेत्र
इटियाही,2 नहर,112,आवासिय क्षेत्र
इटियाही,2 नहर,113,आवासिय क्षेत्र
इटियाही,2 नहर,186,सार्वजनिक उपयोग क्षेत्र
इटियाही,2 नहर,212,आवासिय क्षेत्र
इटियाही,2 नहर,227,आवासिय क्षेत्र
इटियाही,2 नहर,232,आवासिय क्षेत्र
इटियाही,2 नहर,233,आवासिय क्षेत्र
इटियाही,2 नहर,234,आवासिय क्षेत्र
इटियाही,2 नहर,235,आवासिय क्षेत्र
इटियाही,2 नहर,239,आवासिय क्षेत्र
इटियाही,2 नहर,241,आवासिय क्षेत्र
इटियाही,2 नहर,297,आवासिय क्षेत्र
इटियाही,2 नहर,380,आवासिय क्षेत्र
इटियाही,2 नहर,381,आवासिय क्षेत्र
इटियाही,2 नहर,433,आवासिय क्षेत्र
इटियाही,2 नहर,434,आवासिय क्षेत्र
इटियाही,2 नहर,435,आवासिय क्षेत्र
इटियाही,2 नहर,528,आवासिय क्षेत्र
इटियाही,2 नहर,535,आवासिय क्षेत्र
इटियाही,2 नहर,573,आवासिय क्षेत्र
इटियाही,2 नहर,576,आवासिय क्षेत्र
इटियाही,2 नहर,577,आवासिय क्षेत्र
इटियाही,2 नहर,578,आवासिय क्षेत्र
इटियाही,2 नहर,579,आवासिय क्षेत्र
इटियाही,2 नहर,580,आवासिय क्षेत्र
इटियाही,2 नहर,581,आवासिय क्षेत्र
इटियाही,2 नहर,592,आवासिय क्षेत्र
इटियाही,2 नहर,593,आवासिय क्षेत्र
इटियाही,2 नहर,594,आवासिय क्षेत्र
इटियाही,2 नहर,598,आवासिय क्षेत्र
इटियाही,2 नहर,599,आवासिय क्षेत्र
इटियाही,2 नहर,605,आवासिय क्षेत्र
इटियाही,2 नहर,613,आवासिय क्षेत्र
इटियाही,2 नहर,614,आवासिय क्षेत्र
इटियाही,2 नहर,626,आवासिय क्षेत्र
इटियाही,2 नहर,676,आवासिय क्षेत्र
इटियाही,2 नहर,678,आवासिय क्षेत्र
इटियाही,2 नहर,703,आवासिय क्षेत्र
इटियाही,2 नहर,705,आवासिय क्षेत्र
इटियाही,2 नहर,712,आवासिय क्षेत्र
इटियाही,2 नहर,713,आवासिय क्षेत्र
इटियाही,2 नहर,714,आवासिय क्षेत्र
इटियाही,2 नहर,715,आवासिय क्षेत्र
इटियाही,2 नहर,740,आवासिय क्षेत्र
इटियाही,2 नहर,741,आवासिय क्षेत्र
इटियाही,2 नहर,745,आवासिय क्षेत्र
इटियाही,2 नहर,747,आवासिय क्षेत्र
इटियाही,2 नहर,748,आवासिय क्षेत्र
इटियाही,2 नहर,749,आवासिय क्षेत्र
इटियाही,2 नहर,753,आवासिय क्षेत्र
इटियाही,2 नहर,754,आवासिय क्षेत्र
इटियाही,2 नहर,761,आवासिय क्षेत्र
इटियाही,2 नहर,762,आवासिय क्षेत्र
इटियाही,2 नहर,763,आवासिय क्षेत्र
इटियाही,2 नहर,765,आवासिय क्षेत्र
इटियाही,2 नहर,770,आवासिय क्षेत्र
इटियाही,2 नहर,771,आवासिय क्षेत्र
इटियाही,2 नहर,772,आवासिय क्षेत्र
इटियाही,2 नहर,778,आवासिय क्षेत्र
इटियाही,2 नहर,784,आवासिय क्षेत्र
इटियाही,2 नहर,790,आवासिय क्षेत्र
इटियाही,2 नहर,791,आवासिय क्षेत्र
इटियाही,2 नहर,792,आवासिय क्षेत्र
इटियाही,2 नहर,795,आवासिय क्षेत्र
इटियाही,2 नहर,796,आवासिय क्षेत्र
इटियाही,2 नहर,817,आवासिय क्षेत्र
इटियाही,2 नहर,818,आवासिय क्षेत्र
इटियाही,2 नहर,819,आवासिय क्षेत्र
इटियाही,2 नहर,820,आवासिय क्षेत्र
इटियाही,2 नहर,833,आवासिय क्षेत्र
इटियाही,2 नहर,834,आवासिय क्षेत्र
इटियाही,2 नहर,958,आवासिय क्षेत्र
इटियाही,2 नहर,959,आवासिय क्षेत्र
इटियाही,2 नहर,961,आवासिय क्षेत्र
इटियाही,2 नहर,962,आवासिय क्षेत्र
इटियाही,2 नहर,963,आवासिय क्षेत्र
इटियाही,2 नहर,964,आवासिय क्षेत्र
इटियाही,2 नहर,965,आवासिय क्षेत्र
इटियाही,2 नहर,966,आवासिय क्षेत्र
इटियाही,2 नहर,993,आवासिय क्षेत्र
इटियाही,2 नहर,995,आवासिय क्षेत्र
इटियाही,2 नहर,995,आवासिय क्षेत्र
इटियाही,2 नहर,995,आवासिय क्षेत्र
इटियाही,2 नहर,995,आवासिय क्षेत्र
इटियाही,2 नहर,1072,आवासिय क्षेत्र
इटियाही,2 नहर,1073,आवासिय क्षेत्र
इटियाही,2 नहर,1075,आवासिय क्षेत्र
इटियाही,2 नहर,1080,आवासिय क्षेत्र
इटियाही,2 नहर,1081,आवासिय क्षेत्र
इटियाही,2 नहर,1095,आवासिय क्षेत्र
इटियाही,2 नहर,1096,आवासिय क्षेत्र
इटियाही,2 नहर,1111,आवासिय क्षेत्र
इटियाही,2 नहर,1113,आवासिय क्षेत्र
इटियाही,2 नहर,1131,आवासिय क्षेत्र
इटियाही,2 नहर,1132,आवासिय क्षेत्र
इटियाही,2 नहर,1139,आवासिय क्षेत्र
इटियाही,2 नहर,1140,आवासिय क्षेत्र
इटियाही,2 नहर,1148,आवासिय क्षेत्र
इटियाही,2 नहर,1149,आवासिय क्षेत्र
इटियाही,2 नहर,1150,आवासिय क्षेत्र
इटियाही,2 नहर,1152,आवासिय क्षेत्र
इटियाही,2 नहर,1154,आवासिय क्षेत्र
इटियाही,2 नहर,1156,आवासिय क्षेत्र
इटियाही,2 नहर,1159,आवासिय क्षेत्र
इटियाही,2 नहर,1160,आवासिय क्षेत्र
इटियाही,2 नहर,1161,आवासिय क्षेत्र
इटियाही,2 नहर,1182,आवासिय क्षेत्र
इटियाही,2 नहर,1185,आवासिय क्षेत्र
इटियाही,2 नहर,1185,आवासिय क्षेत्र
इटियाही,2 नहर,1186,आवासिय क्षेत्र
इटियाही,2 नहर,1187,आवासिय क्षेत्र
इटियाही,2 नहर,1189,आवासिय क्षेत्र
इटियाही,2 नहर,1190,आवासिय क्षेत्र
इटियाही,2 नहर,1192,आवासिय क्षेत्र
इटियाही,2 नहर,1193,आवासिय क्षेत्र
इटियाही,2 नहर,1196,आवासिय क्षेत्र
इटियाही,2 नहर,1197,आवासिय क्षेत्र
इटियाही,2 नहर,1246,आवासिय क्षेत्र
इटियाही,2 नहर,1247,आवासिय क्षेत्र
इटियाही,2 नहर,1262,आवासिय क्षेत्र
इटियाही,2 नहर,1263,आवासिय क्षेत्र
इटियाही,2 नहर,1264,आवासिय क्षेत्र
इटियाही,2 नहर,1265,आवासिय क्षेत्र
इटियाही,2 नहर,1354,आवासिय क्षेत्र
इटियाही,2 नहर,1355,आवासिय क्षेत्र
इटियाही,2 नहर,1356,आवासिय क्षेत्र
इटियाही,2 नहर,1357,आवासिय क्षेत्र
इटियाही,2 नहर,1367,आवासिय क्षेत्र
इटियाही,2 नहर,1368,आवासिय क्षेत्र
इटियाही,2 नहर,1415,आवासिय क्षेत्र
इटियाही,2 नहर,1416,आवासिय क्षेत्र
इटियाही,2 नहर,1517,आवासिय क्षेत्र
इटियाही,2 नहर,1518,आवासिय क्षेत्र
इटियाही,2 नहर,2266,सार्वजनिक उपयोग क्षेत्र
इटियाही,2 नहर,9991,सार्वजनिक उपयोग क्षेत्र
इटियाही,2 नहर,9991,सार्वजनिक उपयोग क्षेत्र
इटियाही,2 नहर,9991,आवासिय क्षेत्र
इटियाही,2 नहर,9991,आवासिय क्षेत्र
इटियाही,2 नहर,9991,आवासिय क्षेत्र
इटियाही,2 नहर,9991,आवासिय क्षेत्र
इटियाही,2 नहर,9991,आवासिय क्षेत्र
इटियाही,2 नहर,9992,आवासिय क्षेत्र
इटियाही,2 नहर,9992,आवासिय क्षेत्र
इटियाही,2 नहर,9992,आवासिय क्षेत्र
इटियाही,2 नहर,9992,आवासिय क्षेत्र
इटियाही,2 नहर,9992,आवासिय क्षेत्र
इटियाही,2 नहर,9992,आवासिय क्षेत्र
इटियाही,2 नहर,9995,आवासिय क्षेत्र
इटियाही,2 नहर,9995,आवासिय क्षेत्र
इटियाही,2 नहर,9995,आवासिय क्षेत्र
इटियाही,2 नहर,9995,आवासिय क्षेत्र
इटियाही,2 नहर,9995,आवासिय क्षेत्र
इटियाही,2 नहर,9995,आवासिय क्षेत्र
इटियाही,2 नहर,9995,आवासिय क्षेत्र
इटियाही,2 नहर,9996,सार्वजनिक उपयोग क्षेत्र
इटियाही,2 नहर,9999,सार्वजनिक उपयोग क्षेत्र
इटियाही,2 नहर,9999,सार्वजनिक उपयोग क्षेत्र
इटियाही,2 नहर,9999,आवासिय क्षेत्र
इटियाही,2 नहर,9999,आवासिय क्षेत्र
इटियाही,2 नहर,99993,सार्वजनिक उपयोग क्षेत्र
इटियाही,2 नहर,99999,सार्वजनिक उपयोग क्षेत्र
इटियाही,3 क,1,आवासिय क्षेत्र
इटियाही,3 क,2,आवासिय क्षेत्र
इटियाही,3 क,4,आवासिय क्षेत्र
इटियाही,3 क,5,आवासिय क्षेत्र
इटियाही,3 क,6,आवासिय क्षेत्र
इटियाही,3 क,7,आवासिय क्षेत्र
इटियाही,3 क,8,आवासिय क्षेत्र
इटियाही,3 क,13,कृषि क्षेत्र
इटियाही,3 क,15,कृषि क्षेत्र
इटियाही,3 क,16,कृषि क्षेत्र
इटियाही,3 क,19,कृषि क्षेत्र
इटियाही,3 क,20,कृषि क्षेत्र
इटियाही,3 क,22,कृषि क्षेत्र
इटियाही,3 क,23,कृषि क्षेत्र
इटियाही,3 क,24,कृषि क्षेत्र
इटियाही,3 क,25,कृषि क्षेत्र
इटियाही,3 क,26,कृषि क्षेत्र
इटियाही,3 क,27,कृषि क्षेत्र
इटियाही,3 क,28,कृषि क्षेत्र
इटियाही,3 क,30,कृषि क्षेत्र
इटियाही,3 क,34,कृषि क्षेत्र
इटियाही,3 क,36,कृषि क्षेत्र
इटियाही,3 क,39,कृषि क्षेत्र
इटियाही,3 क,40,कृषि क्षेत्र
इटियाही,3 क,40,कृषि क्षेत्र
इटियाही,3 क,41,कृषि क्षेत्र
इटियाही,3 क,43,कृषि क्षेत्र
इटियाही,3 क,45,कृषि क्षेत्र
इटियाही,3 क,47,कृषि क्षेत्र
इटियाही,3 क,48,कृषि क्षेत्र
इटियाही,3 क,49,कृषि क्षेत्र
इटियाही,3 क,51,कृषि क्षेत्र
इटियाही,3 क,53,आवासिय क्षेत्र
इटियाही,3 क,54,सार्वजनिक उपयोग क्षेत्र
इटियाही,3 क,55,कृषि क्षेत्र
इटियाही,3 क,57,कृषि क्षेत्र
इटियाही,3 क,58,कृषि क्षेत्र
इटियाही,3 क,59,कृषि क्षेत्र
इटियाही,3 क,61,कृषि क्षेत्र
इटियाही,3 क,62,कृषि क्षेत्र
इटियाही,3 क,64,कृषि क्षेत्र
इटियाही,3 क,65,कृषि क्षेत्र
इटियाही,3 क,66,कृषि क्षेत्र
इटियाही,3 क,67,कृषि क्षेत्र
इटियाही,3 क,70,कृषि क्षेत्र
इटियाही,3 क,71,कृषि क्षेत्र
इटियाही,3 क,73,कृषि क्षेत्र
इटियाही,3 क,74,कृषि क्षेत्र
इटियाही,3 क,75,कृषि क्षेत्र
इटियाही,3 क,76,कृषि क्षेत्र
इटियाही,3 क,80,कृषि क्षेत्र
इटियाही,3 क,82,कृषि क्षेत्र
इटियाही,3 क,82,कृषि क्षेत्र
इटियाही,3 क,89,कृषि क्षेत्र
इटियाही,3 क,90,कृषि क्षेत्र
इटियाही,3 क,91,कृषि क्षेत्र
इटियाही,3 क,92,कृषि क्षेत्र
इटियाही,3 क,93,कृषि क्षेत्र
इटियाही,3 क,94,कृषि क्षेत्र
इटियाही,3 क,95,कृषि क्षेत्र
इटियाही,3 क,100,कृषि क्षेत्र
इटियाही,3 क,102,कृषि क्षेत्र
इटियाही,3 क,104,कृषि क्षेत्र
इटियाही,3 क,105,कृषि क्षेत्र
इटियाही,3 क,106,कृषि क्षेत्र
इटियाही,3 क,108,आवासिय क्षेत्र
इटियाही,3 क,111,कृषि क्षेत्र
इटियाही,3 क,112,कृषि क्षेत्र
इटियाही,3 क,116,कृषि क्षेत्र
इटियाही,3 क,117,कृषि क्षेत्र
इटियाही,3 क,118,कृषि क्षेत्र
इटियाही,3 क,119,कृषि क्षेत्र
इटियाही,3 क,125,कृषि क्षेत्र
इटियाही,3 क,126,कृषि क्षेत्र
इटियाही,3 क,127,कृषि क्षेत्र
इटियाही,3 क,128,कृषि क्षेत्र
इटियाही,3 क,129,कृषि क्षेत्र
इटियाही,3 क,131,आवासिय क्षेत्र
इटियाही,3 क,133,कृषि क्षेत्र
इटियाही,3 क,135,कृषि क्षेत्र
इटियाही,3 क,136,कृषि क्षेत्र
इटियाही,3 क,138,कृषि क्षेत्र
इटियाही,3 क,142,कृषि क्षेत्र
इटियाही,3 क,143,कृषि क्षेत्र
इटियाही,3 क,145,कृषि क्षेत्र
इटियाही,3 क,146,कृषि क्षेत्र
इटियाही,3 क,149,कृषि क्षेत्र
इटियाही,3 क,151,कृषि क्षेत्र
इटियाही,3 क,153,कृषि क्षेत्र
इटियाही,3 क,154,कृषि क्षेत्र
इटियाही,3 क,178,कृषि क्षेत्र
इटियाही,3 क,181,कृषि क्षेत्र
इटियाही,3 क,186,कृषि क्षेत्र
इटियाही,3 क,188,कृषि क्षेत्र
इटियाही,3 क,189,कृषि क्षेत्र
इटियाही,3 क,190,कृषि क्षेत्र
इटियाही,3 क,191,कृषि क्षेत्र
इटियाही,3 क,193,कृषि क्षेत्र
इटियाही,3 क,194,कृषि क्षेत्र
इटियाही,3 क,195,कृषि क्षेत्र
इटियाही,3 क,196,कृषि क्षेत्र
इटियाही,3 क,197,कृषि क्षेत्र
इटियाही,3 क,198,कृषि क्षेत्र
इटियाही,3 क,201,कृषि क्षेत्र
इटियाही,3 क,202,कृषि क्षेत्र
इटियाही,3 क,203,कृषि क्षेत्र
इटियाही,3 क,204,कृषि क्षेत्र
इटियाही,3 क,212,कृषि क्षेत्र
इटियाही,3 क,212,कृषि क्षेत्र
इटियाही,3 क,215,कृषि क्षेत्र
इटियाही,3 क,220,आवासिय क्षेत्र
इटियाही,3 क,223,कृषि क्षेत्र
इटियाही,3 क,224,कृषि क्षेत्र
इटियाही,3 क,225,कृषि क्षेत्र
इटियाही,3 क,226,कृषि क्षेत्र
इटियाही,3 क,227,आवासिय क्षेत्र
इटियाही,3 क,228,आवासिय क्षेत्र
इटियाही,3 क,229,कृषि क्षेत्र
इटियाही,3 क,230,कृषि क्षेत्र
इटियाही,3 क,235,कृषि क्षेत्र
इटियाही,3 क,236,कृषि क्षेत्र
इटियाही,3 क,248,कृषि क्षेत्र
इटियाही,3 क,253,कृषि क्षेत्र
इटियाही,3 क,254,कृषि क्षेत्र
इटियाही,3 क,260,कृषि क्षेत्र
इटियाही,3 क,261,आवासिय क्षेत्र
इटियाही,3 क,262,आवासिय क्षेत्र
इटियाही,3 क,274,कृषि क्षेत्र
इटियाही,3 क,275,कृषि क्षेत्र
इटियाही,3 क,277,कृषि क्षेत्र
इटियाही,3 क,291,कृषि क्षेत्र
इटियाही,3 क,292,कृषि क्षेत्र
इटियाही,3 क,294,कृषि क्षेत्र
इटियाही,3 क,297,कृषि क्षेत्र
इटियाही,3 क,299,कृषि क्षेत्र
इटियाही,3 क,300,कृषि क्षेत्र
इटियाही,3 क,301,कृषि क्षेत्र
इटियाही,3 क,302,कृषि क्षेत्र
इटियाही,3 क,307,कृषि क्षेत्र
इटियाही,3 क,309,कृषि क्षेत्र
इटियाही,3 क,311,कृषि क्षेत्र
इटियाही,3 क,312,कृषि क्षेत्र
इटियाही,3 क,321,कृषि क्षेत्र
इटियाही,3 क,322,कृषि क्षेत्र
इटियाही,3 क,323,कृषि क्षेत्र
इटियाही,3 क,324,कृषि क्षेत्र
इटियाही,3 क,326,कृषि क्षेत्र
इटियाही,3 क,327,कृषि क्षेत्र
इटियाही,3 क,328,कृषि क्षेत्र
इटियाही,3 क,329,कृषि क्षेत्र
इटियाही,3 क,334,कृषि क्षेत्र
इटियाही,3 क,335,कृषि क्षेत्र
इटियाही,3 क,336,कृषि क्षेत्र
इटियाही,3 क,337,कृषि क्षेत्र
इटियाही,3 क,338,कृषि क्षेत्र
इटियाही,3 क,343,कृषि क्षेत्र
इटियाही,3 क,344,कृषि क्षेत्र
इटियाही,3 क,349,कृषि क्षेत्र
इटियाही,3 क,350,कृषि क्षेत्र
इटियाही,3 क,361,कृषि क्षेत्र
इटियाही,3 क,363,कृषि क्षेत्र
इटियाही,3 क,382,कृषि क्षेत्र
इटियाही,3 क,387,कृषि क्षेत्र
इटियाही,3 क,394,कृषि क्षेत्र
इटियाही,3 क,395,कृषि क्षेत्र
इटियाही,3 क,396,कृषि क्षेत्र
इटियाही,3 क,397,कृषि क्षेत्र
इटियाही,3 क,399,कृषि क्षेत्र
इटियाही,3 क,401,कृषि क्षेत्र
इटियाही,3 क,402,कृषि क्षेत्र
इटियाही,3 क,416,कृषि क्षेत्र
इटियाही,3 क,417,कृषि क्षेत्र
इटियाही,3 क,434,कृषि क्षेत्र
इटियाही,3 क,437,कृषि क्षेत्र
इटियाही,3 क,438,कृषि क्षेत्र
इटियाही,3 क,439,कृषि क्षेत्र
इटियाही,3 क,442,आवासिय क्षेत्र
इटियाही,3 क,466,आवासिय क्षेत्र
इटियाही,3 क,467,आवासिय क्षेत्र
इटियाही,3 क,470,कृषि क्षेत्र
इटियाही,3 क,471,कृषि क्षेत्र
इटियाही,3 क,473,कृषि क्षेत्र
इटियाही,3 क,476,कृषि क्षेत्र
इटियाही,3 क,477,कृषि क्षेत्र
इटियाही,3 क,482,कृषि क्षेत्र
इटियाही,3 क,483,कृषि क्षेत्र
इटियाही,3 क,484,कृषि क्षेत्र
इटियाही,3 क,485,कृषि क्षेत्र
इटियाही,3 क,486,कृषि क्षेत्र
इटियाही,3 क,487,कृषि क्षेत्र
इटियाही,3 क,489,कृषि क्षेत्र
इटियाही,3 क,490,कृषि क्षेत्र
इटियाही,3 क,493,कृषि क्षेत्र
इटियाही,3 क,496,आवासिय क्षेत्र
इटियाही,3 क,497,आवासिय क्षेत्र
इटियाही,3 क,505,कृषि क्षेत्र
इटियाही,3 क,506,कृषि क्षेत्र
इटियाही,3 क,507,कृषि क्षेत्र
इटियाही,3 क,508,कृषि क्षेत्र
इटियाही,3 क,509,कृषि क्षेत्र
इटियाही,3 क,510,कृषि क्षेत्र
इटियाही,3 क,511,कृषि क्षेत्र
इटियाही,3 क,512,कृषि क्षेत्र
इटियाही,3 क,513,कृषि क्षेत्र
इटियाही,3 क,514,कृषि क्षेत्र
इटियाही,3 क,515,कृषि क्षेत्र
इटियाही,3 क,516,कृषि क्षेत्र
इटियाही,3 क,524,कृषि क्षेत्र
इटियाही,3 क,525,कृषि क्षेत्र
इटियाही,3 क,526,कृषि क्षेत्र
इटियाही,3 क,527,कृषि क्षेत्र
इटियाही,3 क,528,कृषि क्षेत्र
इटियाही,3 क,529,कृषि क्षेत्र
इटियाही,3 क,530,कृषि क्षेत्र
इटियाही,3 क,531,कृषि क्षेत्र
इटियाही,3 क,532,कृषि क्षेत्र
इटियाही,3 क नहर,2,आवासिय क्षेत्र
इटियाही,3 क नहर,3,आवासिय क्षेत्र
इटियाही,3 क नहर,4,आवासिय क्षेत्र
इटियाही,3 क नहर,5,आवासिय क्षेत्र
इटियाही,3 क नहर,158,आवासिय क्षेत्र
इटियाही,3 क नहर,159,आवासिय क्षेत्र
इटियाही,3 क नहर,163,आवासिय क्षेत्र
इटियाही,3 क नहर,240,आवासिय क्षेत्र
इटियाही,3 क नहर,241,आवासिय क्षेत्र
इटियाही,3 क नहर,242,आवासिय क्षेत्र
इटियाही,3 क नहर,278,आवासिय क्षेत्र
इटियाही,3 क नहर,279,आवासिय क्षेत्र
इटियाही,3 क नहर,305,आवासिय क्षेत्र
इटियाही,3 क नहर,343,आवासिय क्षेत्र
इटियाही,3 क नहर,369,आवासिय क्षेत्र
इटियाही,3 क नहर,371,आवासिय क्षेत्र
इटियाही,3 क नहर,375,आवासिय क्षेत्र
इटियाही,3 क नहर,378,आवासिय क्षेत्र
इटियाही,3 क नहर,409,आवासिय क्षेत्र
इटियाही,3 क नहर,413,आवासिय क्षेत्र
इटियाही,3 क नहर,414,आवासिय क्षेत्र
इटियाही,3 क नहर,422,आवासिय क्षेत्र
इटियाही,3 क नहर,423,आवासिय क्षेत्र
इटियाही,3 क नहर,424,आवासिय क्षेत्र
इटियाही,3 क नहर,425,आवासिय क्षेत्र
इटियाही,3 क नहर,426,आवासिय क्षेत्र
इटियाही,3 क नहर,427,आवासिय क्षेत्र
इटियाही,3 क नहर,440,आवासिय क्षेत्र
इटियाही,3 क नहर,441,आवासिय क्षेत्र
इटियाही,3 क नहर,494,आवासिय क्षेत्र
इटियाही,3 क नहर,495,आवासिय क्षेत्र
इटियाही,3 क नहर,498,आवासिय क्षेत्र
इटियाही,3 क नहर,499,आवासिय क्षेत्र
इटियाही,3 क नहर,501,आवासिय क्षेत्र
इटियाही,3 क नहर,502,आवासिय क्षेत्र
इटियाही,3 क नहर,519,आवासिय क्षेत्र
इटियाही,3 क नहर,520,आवासिय क्षेत्र
इटियाही,3 क नहर,521,आवासिय क्षेत्र
इटियाही,3 क नहर,522,आवासिय क्षेत्र
इटियाही,3 क नहर,523,आवासिय क्षेत्र
इटियाही,3 क नहर,9991,सार्वजनिक उपयोग क्षेत्र
इटियाही,3 क नहर,9992,सार्वजनिक उपयोग क्षेत्र
इटियाही,3 क नहर,9994,सार्वजनिक उपयोग क्षेत्र
इटियाही,3 क नहर,9995,आवासिय क्षेत्र
इटियाही,3 ख गाउँ,0,आवासिय क्षेत्र
इटियाही,3 ख गाउँ,0,आवासिय क्षेत्र
इटियाही,3 ख गाउँ,3,आवासिय क्षेत्र
इटियाही,3 ख गाउँ,4,आवासिय क्षेत्र
इटियाही,3 ख गाउँ,5,आवासिय क्षेत्र
इटियाही,3 ख गाउँ,6,आवासिय क्षेत्र
इटियाही,3 ख गाउँ,7,आवासिय क्षेत्र
इटियाही,3 ख गाउँ,8,आवासिय क्षेत्र
इटियाही,3 ख गाउँ,9,आवासिय क्षेत्र
इटियाही,3 ख गाउँ,10,आवासिय क्षेत्र
इटियाही,3 ख गाउँ,11,आवासिय क्षेत्र
इटियाही,3 ख गाउँ,13,आवासिय क्षेत्र
इटियाही,3 ख गाउँ,14,आवासिय क्षेत्र
इटियाही,3 ख गाउँ,15,आवासिय क्षेत्र
इटियाही,3 ख गाउँ,16,सार्वजनिक उपयोग क्षेत्र
इटियाही,3 ख गाउँ,17,आवासिय क्षेत्र
इटियाही,3 ख गाउँ,18,आवासिय क्षेत्र
इटियाही,3 ख गाउँ,19,आवासिय क्षेत्र
इटियाही,3 ख गाउँ,21,आवासिय क्षेत्र
इटियाही,3 ख गाउँ,22,आवासिय क्षेत्र
इटियाही,3 ख गाउँ,24,आवासिय क्षेत्र
इटियाही,3 ख गाउँ,25,आवासिय क्षेत्र
इटियाही,3 ख गाउँ,26,आवासिय क्षेत्र
इटियाही,3 ख गाउँ,27,आवासिय क्षेत्र
इटियाही,3 ख गाउँ,28,आवासिय क्षेत्र
इटियाही,3 ख गाउँ,29,आवासिय क्षेत्र
इटियाही,3 ख गाउँ,30,आवासिय क्षेत्र
इटियाही,3 ख गाउँ,31,आवासिय क्षेत्र
इटियाही,3 ख गाउँ,32,आवासिय क्षेत्र
इटियाही,3 ख गाउँ,33,आवासिय क्षेत्र
इटियाही,3 ख गाउँ,34,आवासिय क्षेत्र
इटियाही,3 ख गाउँ,35,आवासिय क्षेत्र
इटियाही,3 ख गाउँ,36,आवासिय क्षेत्र
इटियाही,3 ख गाउँ,37,आवासिय क्षेत्र
इटियाही,3 ख गाउँ,38,आवासिय क्षेत्र
इटियाही,3 ख गाउँ,39,आवासिय क्षेत्र
इटियाही,3 ख गाउँ,41,आवासिय क्षेत्र
इटियाही,3 ख गाउँ,42,आवासिय क्षेत्र
इटियाही,3 ख गाउँ,44,आवासिय क्षेत्र
इटियाही,3 ख गाउँ,45,आवासिय क्षेत्र
इटियाही,3 ख गाउँ,48,आवासिय क्षेत्र
इटियाही,3 ख गाउँ,49,आवासिय क्षेत्र
इटियाही,3 ख गाउँ,49,आवासिय क्षेत्र
इटियाही,3 ख गाउँ,51,आवासिय क्षेत्र
इटियाही,3 ख गाउँ,52,आवासिय क्षेत्र
इटियाही,3 ख गाउँ,53,आवासिय क्षेत्र
इटियाही,3 ख गाउँ,59,आवासिय क्षेत्र
इटियाही,3 ख गाउँ,62,आवासिय क्षेत्र
इटियाही,3 ख गाउँ,63,आवासिय क्षेत्र
इटियाही,3 ख गाउँ,64,आवासिय क्षेत्र
इटियाही,3 ख गाउँ,65,आवासिय क्षेत्र
इटियाही,3 ख गाउँ,66,आवासिय क्षेत्र
इटियाही,3 ख गाउँ,67,आवासिय क्षेत्र
इटियाही,3 ख गाउँ,68,आवासिय क्षेत्र
इटियाही,3 ख गाउँ,70,आवासिय क्षेत्र
इटियाही,3 ख गाउँ,76,आवासिय क्षेत्र
इटियाही,3 ख गाउँ,77,आवासिय क्षेत्र
इटियाही,3 ख गाउँ,84,आवासिय क्षेत्र
इटियाही,3 ख गाउँ,85,आवासिय क्षेत्र
इटियाही,3 ख गाउँ,89,आवासिय क्षेत्र
इटियाही,3 ख गाउँ,91,आवासिय क्षेत्र
इटियाही,3 ख गाउँ,92,आवासिय क्षेत्र
इटियाही,3 ख गाउँ,94,आवासिय क्षेत्र
इटियाही,3 ख गाउँ,96,आवासिय क्षेत्र
इटियाही,3 ख गाउँ,97,आवासिय क्षेत्र
इटियाही,3 ख गाउँ,98,आवासिय क्षेत्र
इटियाही,3 ख गाउँ,99,आवासिय क्षेत्र
इटियाही,3 ख गाउँ,100,आवासिय क्षेत्र
इटियाही,3 ख गाउँ,101,आवासिय क्षेत्र
इटियाही,3 ख गाउँ,102,आवासिय क्षेत्र
इटियाही,3 ख गाउँ,103,आवासिय क्षेत्र
इटियाही,3 ख गाउँ,104,आवासिय क्षेत्र
इटियाही,3 ख गाउँ,105,आवासिय क्षेत्र
इटियाही,3 ख गाउँ,106,आवासिय क्षेत्र
इटियाही,3 ख गाउँ,107,आवासिय क्षेत्र
इटियाही,3 ख गाउँ,108,आवासिय क्षेत्र
इटियाही,3 ख गाउँ,109,आवासिय क्षेत्र
इटियाही,3 ख गाउँ,110,आवासिय क्षेत्र
इटियाही,3 ख गाउँ,111,आवासिय क्षेत्र
इटियाही,3 ख गाउँ,112,आवासिय क्षेत्र
इटियाही,3 ख गाउँ,113,आवासिय क्षेत्र
इटियाही,3 ख गाउँ,114,आवासिय क्षेत्र
इटियाही,3 ख गाउँ,115,आवासिय क्षेत्र
इटियाही,3 ख गाउँ,116,आवासिय क्षेत्र
इटियाही,4,2,आवासिय क्षेत्र
इटियाही,4,3,आवासिय क्षेत्र
इटियाही,4,4,आवासिय क्षेत्र
इटियाही,4,5,आवासिय क्षेत्र
इटियाही,4,6,आवासिय क्षेत्र
इटियाही,4,7,आवासिय क्षेत्र
इटियाही,4,8,आवासिय क्षेत्र
इटियाही,4,9,आवासिय क्षेत्र
इटियाही,4,10,आवासिय क्षेत्र
इटियाही,4,11,आवासिय क्षेत्र
इटियाही,4,12,आवासिय क्षेत्र
इटियाही,4,13,आवासिय क्षेत्र
इटियाही,4,14,आवासिय क्षेत्र
इटियाही,4,15,आवासिय क्षेत्र
इटियाही,4,16,आवासिय क्षेत्र
इटियाही,4,17,आवासिय क्षेत्र
इटियाही,4,18,आवासिय क्षेत्र
इटियाही,4,19,आवासिय क्षेत्र
इटियाही,4,20,आवासिय क्षेत्र
इटियाही,4,21,कृषि क्षेत्र
इटियाही,4,22,आवासिय क्षेत्र
इटियाही,4,23,आवासिय क्षेत्र
इटियाही,4,24,आवासिय क्षेत्र
इटियाही,4,25,आवासिय क्षेत्र
इटियाही,4,26,आवासिय क्षेत्र
इटियाही,4,27,आवासिय क्षेत्र
इटियाही,4,28,आवासिय क्षेत्र
इटियाही,4,29,आवासिय क्षेत्र
इटियाही,4,31,आवासिय क्षेत्र
इटियाही,4,32,आवासिय क्षेत्र
इटियाही,4,33,आवासिय क्षेत्र
इटियाही,4,34,आवासिय क्षेत्र
इटियाही,4,35,आवासिय क्षेत्र
इटियाही,4,36,आवासिय क्षेत्र
इटियाही,4,37,आवासिय क्षेत्र
इटियाही,4,38,आवासिय क्षेत्र
इटियाही,4,39,आवासिय क्षेत्र
इटियाही,4,42,कृषि क्षेत्र
इटियाही,4,44,आवासिय क्षेत्र
इटियाही,4,45,आवासिय क्षेत्र
इटियाही,4,46,आवासिय क्षेत्र
इटियाही,4,47,आवासिय क्षेत्र
इटियाही,4,48,कृषि क्षेत्र
इटियाही,4,49,कृषि क्षेत्र
इटियाही,4,50,आवासिय क्षेत्र
इटियाही,4,51,कृषि क्षेत्र
इटियाही,4,53,कृषि क्षेत्र
इटियाही,4,54,कृषि क्षेत्र
इटियाही,4,55,कृषि क्षेत्र
इटियाही,4,56,कृषि क्षेत्र
इटियाही,4,57,कृषि क्षेत्र
इटियाही,4,58,कृषि क्षेत्र
इटियाही,4,59,कृषि क्षेत्र
इटियाही,4,61,कृषि क्षेत्र
इटियाही,4,62,कृषि क्षेत्र
इटियाही,4,63,कृषि क्षेत्र
इटियाही,4,64,कृषि क्षेत्र
इटियाही,4,65,कृषि क्षेत्र
इटियाही,4,66,कृषि क्षेत्र
इटियाही,4,67,कृषि क्षेत्र
इटियाही,4,68,कृषि क्षेत्र
इटियाही,4,70,कृषि क्षेत्र
इटियाही,4,71,कृषि क्षेत्र
इटियाही,4,72,कृषि क्षेत्र
इटियाही,4,73,कृषि क्षेत्र
इटियाही,4,74,कृषि क्षेत्र
इटियाही,4,75,कृषि क्षेत्र
इटियाही,4,77,कृषि क्षेत्र
इटियाही,4,78,कृषि क्षेत्र
इटियाही,4,79,कृषि क्षेत्र
इटियाही,4,82,कृषि क्षेत्र
इटियाही,4,83,कृषि क्षेत्र
इटियाही,4,88,कृषि क्षेत्र
इटियाही,4,90,कृषि क्षेत्र
इटियाही,4,92,कृषि क्षेत्र
इटियाही,4,93,कृषि क्षेत्र
इटियाही,4,94,कृषि क्षेत्र
इटियाही,4,96,कृषि क्षेत्र
इटियाही,4,97,कृषि क्षेत्र
इटियाही,4,99,कृषि क्षेत्र
इटियाही,4,100,कृषि क्षेत्र
इटियाही,4,101,कृषि क्षेत्र
इटियाही,4,102,कृषि क्षेत्र
इटियाही,4,105,कृषि क्षेत्र
इटियाही,4,110,कृषि क्षेत्र
इटियाही,4,111,कृषि क्षेत्र
इटियाही,4,112,कृषि क्षेत्र
इटियाही,4,114,कृषि क्षेत्र
इटियाही,4,115,कृषि क्षेत्र
इटियाही,4,116,कृषि क्षेत्र
इटियाही,4,121,कृषि क्षेत्र
इटियाही,4,122,कृषि क्षेत्र
इटियाही,4,123,कृषि क्षेत्र
इटियाही,4,124,कृषि क्षेत्र
इटियाही,4,125,कृषि क्षेत्र
इटियाही,4,127,सार्वजनिक उपयोग क्षेत्र
इटियाही,4,130,कृषि क्षेत्र
इटियाही,4,131,कृषि क्षेत्र
इटियाही,4,133,कृषि क्षेत्र
इटियाही,4,134,कृषि क्षेत्र
इटियाही,4,135,कृषि क्षेत्र
इटियाही,4,138,कृषि क्षेत्र
इटियाही,4,139,कृषि क्षेत्र
इटियाही,4,142,कृषि क्षेत्र
इटियाही,4,143,कृषि क्षेत्र
इटियाही,4,144,कृषि क्षेत्र
इटियाही,4,145,कृषि क्षेत्र
इटियाही,4,147,कृषि क्षेत्र
इटियाही,4,151,कृषि क्षेत्र
इटियाही,4,152,कृषि क्षेत्र
इटियाही,4,161,कृषि क्षेत्र
इटियाही,4,162,कृषि क्षेत्र
इटियाही,4,165,कृषि क्षेत्र
इटियाही,4,166,कृषि क्षेत्र
इटियाही,4,173,कृषि क्षेत्र
इटियाही,4,174,कृषि क्षेत्र
इटियाही,4,179,कृषि क्षेत्र
इटियाही,4,181,कृषि क्षेत्र
इटियाही,4,182,कृषि क्षेत्र
इटियाही,4,183,कृषि क्षेत्र
इटियाही,4,189,कृषि क्षेत्र
इटियाही,4,190,कृषि क्षेत्र
इटियाही,4,192,कृषि क्षेत्र
इटियाही,4,193,कृषि क्षेत्र
इटियाही,4,211,कृषि क्षेत्र
इटियाही,4,212,कृषि क्षेत्र
इटियाही,4,214,कृषि क्षेत्र
इटियाही,4,216,कृषि क्षेत्र
इटियाही,4,217,कृषि क्षेत्र
इटियाही,4,219,कृषि क्षेत्र
इटियाही,4,220,कृषि क्षेत्र
इटियाही,4,222,कृषि क्षेत्र
इटियाही,4,246,कृषि क्षेत्र
इटियाही,4,247,कृषि क्षेत्र
इटियाही,4,257,कृषि क्षेत्र
इटियाही,4,258,कृषि क्षेत्र
इटियाही,4,259,कृषि क्षेत्र
इटियाही,4,260,कृषि क्षेत्र
इटियाही,4,261,कृषि क्षेत्र
इटियाही,4,262,कृषि क्षेत्र
इटियाही,4,263,कृषि क्षेत्र
इटियाही,4,265,कृषि क्षेत्र
इटियाही,4,267,कृषि क्षेत्र
इटियाही,4,268,कृषि क्षेत्र
इटियाही,4,269,कृषि क्षेत्र
इटियाही,4,270,कृषि क्षेत्र
इटियाही,4,273,कृषि क्षेत्र
इटियाही,4,276,कृषि क्षेत्र
इटियाही,4,279,कृषि क्षेत्र
इटियाही,4,280,कृषि क्षेत्र
इटियाही,4,295,कृषि क्षेत्र
इटियाही,4,296,कृषि क्षेत्र
इटियाही,4,305,कृषि क्षेत्र
इटियाही,4,306,कृषि क्षेत्र
इटियाही,4,309,कृषि क्षेत्र
इटियाही,4,310,कृषि क्षेत्र
इटियाही,4,311,कृषि क्षेत्र
इटियाही,4,323,कृषि क्षेत्र
इटियाही,4,324,कृषि क्षेत्र
इटियाही,4,343,कृषि क्षेत्र
इटियाही,4,344,कृषि क्षेत्र
इटियाही,4,347,कृषि क्षेत्र
इटियाही,4,357,कृषि क्षेत्र
इटियाही,4,358,कृषि क्षेत्र
इटियाही,4,385,आवासिय क्षेत्र
इटियाही,4,386,आवासिय क्षेत्र
इटियाही,4,387,कृषि क्षेत्र
इटियाही,4,388,कृषि क्षेत्र
इटियाही,4,389,कृषि क्षेत्र
इटियाही,4,390,कृषि क्षेत्र
इटियाही,4,391,कृषि क्षेत्र
इटियाही,4,392,कृषि क्षेत्र
इटियाही,4,394,कृषि क्षेत्र
इटियाही,4,395,कृषि क्षेत्र
इटियाही,4,396,कृषि क्षेत्र
इटियाही,4,397,कृषि क्षेत्र
इटियाही,4,398,कृषि क्षेत्र
इटियाही,4,399,कृषि क्षेत्र
इटियाही,4,400,कृषि क्षेत्र
इटियाही,4,403,आवासिय क्षेत्र
इटियाही,4,404,आवासिय क्षेत्र
इटियाही,4,405,कृषि क्षेत्र
इटियाही,4,406,कृषि क्षेत्र
इटियाही,4,407,कृषि क्षेत्र
इटियाही,4,408,कृषि क्षेत्र
इटियाही,4,409,कृषि क्षेत्र
इटियाही,4,410,कृषि क्षेत्र
इटियाही,4,413,कृषि क्षेत्र
इटियाही,4,414,कृषि क्षेत्र
इटियाही,4,415,कृषि क्षेत्र
इटियाही,4,416,कृषि क्षेत्र
इटियाही,4,417,कृषि क्षेत्र
इटियाही,4,418,कृषि क्षेत्र
इटियाही,4,419,कृषि क्षेत्र
इटियाही,4,420,कृषि क्षेत्र
इटियाही,4,421,कृषि क्षेत्र
इटियाही,4,422,कृषि क्षेत्र
इटियाही,4 गाउँ,1,आवासिय क्षेत्र
इटियाही,4 गाउँ,2,आवासिय क्षेत्र
इटियाही,4 गाउँ,3,आवासिय क्षेत्र
इटियाही,4 गाउँ,4,आवासिय क्षेत्र
इटियाही,4 गाउँ,5,आवासिय क्षेत्र
इटियाही,4 गाउँ,7,आवासिय क्षेत्र
इटियाही,4 गाउँ,8,आवासिय क्षेत्र
इटियाही,4 गाउँ,9,आवासिय क्षेत्र
इटियाही,4 गाउँ,11,आवासिय क्षेत्र
इटियाही,4 गाउँ,14,आवासिय क्षेत्र
इटियाही,4 गाउँ,15,आवासिय क्षेत्र
इटियाही,4 गाउँ,16,आवासिय क्षेत्र
इटियाही,4 गाउँ,18,आवासिय क्षेत्र
इटियाही,4 गाउँ,20,आवासिय क्षेत्र
इटियाही,4 गाउँ,21,आवासिय क्षेत्र
इटियाही,4 गाउँ,23,आवासिय क्षेत्र
इटियाही,4 गाउँ,24,आवासिय क्षेत्र
इटियाही,4 गाउँ,25,आवासिय क्षेत्र
इटियाही,4 गाउँ,26,आवासिय क्षेत्र
इटियाही,4 गाउँ,27,आवासिय क्षेत्र
इटियाही,4 गाउँ,30,आवासिय क्षेत्र
इटियाही,4 गाउँ,32,आवासिय क्षेत्र
इटियाही,4 गाउँ,33,आवासिय क्षेत्र
इटियाही,4 गाउँ,34,आवासिय क्षेत्र
इटियाही,4 गाउँ,35,आवासिय क्षेत्र
इटियाही,4 गाउँ,36,आवासिय क्षेत्र
इटियाही,4 गाउँ,37,आवासिय क्षेत्र
इटियाही,4 गाउँ,38,आवासिय क्षेत्र
इटियाही,4 गाउँ,39,आवासिय क्षेत्र
इटियाही,4 गाउँ,40,आवासिय क्षेत्र
इटियाही,4 गाउँ,41,आवासिय क्षेत्र
इटियाही,4 गाउँ,42,आवासिय क्षेत्र
इटियाही,4 गाउँ,43,आवासिय क्षेत्र
इटियाही,4 गाउँ,44,आवासिय क्षेत्र
इटियाही,4 गाउँ,45,आवासिय क्षेत्र
इटियाही,4 गाउँ,46,आवासिय क्षेत्र
इटियाही,4 गाउँ,47,आवासिय क्षेत्र
इटियाही,4 गाउँ,48,आवासिय क्षेत्र
इटियाही,4 गाउँ,49,सार्वजनिक उपयोग क्षेत्र
इटियाही,4 गाउँ,53,आवासिय क्षेत्र
इटियाही,4 गाउँ,54,आवासिय क्षेत्र
इटियाही,4 गाउँ,60,व्यावसायिक क्षेत्र
इटियाही,4 गाउँ,61,आवासिय क्षेत्र
इटियाही,4 गाउँ,62,आवासिय क्षेत्र
इटियाही,4 गाउँ,64,आवासिय क्षेत्र
इटियाही,4 गाउँ,65,आवासिय क्षेत्र
इटियाही,4 गाउँ,66,आवासिय क्षेत्र
इटियाही,4 गाउँ,69,आवासिय क्षेत्र
इटियाही,4 गाउँ,70,आवासिय क्षेत्र
इटियाही,4 गाउँ,71,आवासिय क्षेत्र
इटियाही,4 गाउँ,73,आवासिय क्षेत्र
इटियाही,4 गाउँ,74,आवासिय क्षेत्र
इटियाही,4 गाउँ,76,आवासिय क्षेत्र
इटियाही,4 गाउँ,77,आवासिय क्षेत्र
इटियाही,4 गाउँ,78,आवासिय क्षेत्र
इटियाही,4 गाउँ,79,आवासिय क्षेत्र
इटियाही,4 गाउँ,80,आवासिय क्षेत्र
इटियाही,4 गाउँ,81,आवासिय क्षेत्र
इटियाही,4 गाउँ,82,आवासिय क्षेत्र
इटियाही,4 गाउँ,83,आवासिय क्षेत्र
इटियाही,4 गाउँ,84,आवासिय क्षेत्र
इटियाही,4 गाउँ,89,आवासिय क्षेत्र
इटियाही,4 गाउँ,90,आवासिय क्षेत्र
इटियाही,4 गाउँ,93,आवासिय क्षेत्र
इटियाही,4 गाउँ,94,आवासिय क्षेत्र
इटियाही,4 गाउँ,95,आवासिय क्षेत्र
इटियाही,4 गाउँ,96,आवासिय क्षेत्र
इटियाही,4 गाउँ,97,आवासिय क्षेत्र
इटियाही,4 गाउँ,98,आवासिय क्षेत्र
इटियाही,4 नहर,5,आवासिय क्षेत्र
इटियाही,4 नहर,13,आवासिय क्षेत्र
इटियाही,4 नहर,15,आवासिय क्षेत्र
इटियाही,4 नहर,16,आवासिय क्षेत्र
इटियाही,4 नहर,19,आवासिय क्षेत्र
इटियाही,4 नहर,185,आवासिय क्षेत्र
इटियाही,4 नहर,186,आवासिय क्षेत्र
इटियाही,4 नहर,187,सार्वजनिक उपयोग क्षेत्र
इटियाही,4 नहर,197,सार्वजनिक उपयोग क्षेत्र
इटियाही,4 नहर,197,सार्वजनिक उपयोग क्षेत्र
इटियाही,4 नहर,197,सार्वजनिक उपयोग क्षेत्र
इटियाही,4 नहर,197,सार्वजनिक उपयोग क्षेत्र
इटियाही,4 नहर,202,आवासिय क्षेत्र
इटियाही,4 नहर,204,आवासिय क्षेत्र
इटियाही,4 नहर,206,आवासिय क्षेत्र
इटियाही,4 नहर,239,आवासिय क्षेत्र
इटियाही,4 नहर,241,आवासिय क्षेत्र
इटियाही,4 नहर,253,आवासिय क्षेत्र
इटियाही,4 नहर,254,आवासिय क्षेत्र
इटियाही,4 नहर,255,आवासिय क्षेत्र
इटियाही,4 नहर,275,आवासिय क्षेत्र
इटियाही,4 नहर,277,आवासिय क्षेत्र
इटियाही,4 नहर,282,आवासिय क्षेत्र
इटियाही,4 नहर,283,आवासिय क्षेत्र
इटियाही,4 नहर,284,आवासिय क्षेत्र
इटियाही,4 नहर,285,आवासिय क्षेत्र
इटियाही,4 नहर,286,आवासिय क्षेत्र
इटियाही,4 नहर,287,आवासिय क्षेत्र
इटियाही,4 नहर,289,आवासिय क्षेत्र
इटियाही,4 नहर,291,आवासिय क्षेत्र
इटियाही,4 नहर,297,आवासिय क्षेत्र
इटियाही,4 नहर,297,सार्वजनिक उपयोग क्षेत्र
इटियाही,4 नहर,299,आवासिय क्षेत्र
इटियाही,4 नहर,300,आवासिय क्षेत्र
इटियाही,4 नहर,301,आवासिय क्षेत्र
इटियाही,4 नहर,303,आवासिय क्षेत्र
इटियाही,4 नहर,309,आवासिय क्षेत्र
इटियाही,4 नहर,312,आवासिय क्षेत्र
इटियाही,4 नहर,313,आवासिय क्षेत्र
इटियाही,4 नहर,315,आवासिय क्षेत्र
इटियाही,4 नहर,316,आवासिय क्षेत्र
इटियाही,4 नहर,317,आवासिय क्षेत्र
इटियाही,4 नहर,319,आवासिय क्षेत्र
इटियाही,4 नहर,325,आवासिय क्षेत्र
इटियाही,4 नहर,327,आवासिय क्षेत्र
इटियाही,4 नहर,328,आवासिय क्षेत्र
इटियाही,4 नहर,329,आवासिय क्षेत्र
इटियाही,4 नहर,332,आवासिय क्षेत्र
इटियाही,4 नहर,333,आवासिय क्षेत्र
इटियाही,4 नहर,334,आवासिय क्षेत्र
इटियाही,4 नहर,335,आवासिय क्षेत्र
इटियाही,4 नहर,368,आवासिय क्षेत्र
इटियाही,4 नहर,370,आवासिय क्षेत्र
इटियाही,4 नहर,371,आवासिय क्षेत्र
इटियाही,4 नहर,380,आवासिय क्षेत्र
इटियाही,4 नहर,401,आवासिय क्षेत्र
इटियाही,4 नहर,402,आवासिय क्षेत्र
इटियाही,4 नहर,411,आवासिय क्षेत्र
इटियाही,4 नहर,412,आवासिय क्षेत्र
इटियाही,4 नहर,9994,आवासिय क्षेत्र
इटियाही,4 नहर,9995,आवासिय क्षेत्र
इटियाही,4 नहर,9996,आवासिय क्षेत्र
इटियाही,4 नहर,9996,आवासिय क्षेत्र
इटियाही,4 नहर,9997,सार्वजनिक उपयोग क्षेत्र
इटियाही,4 नहर,9998,आवासिय क्षेत्र
इटियाही,4 नहर,9999,सार्वजनिक उपयोग क्षेत्र
इटियाही,5,2,आवासिय क्षेत्र
इटियाही,5,3,आवासिय क्षेत्र
इटियाही,5,4,आवासिय क्षेत्र
इटियाही,5,5,आवासिय क्षेत्र
इटियाही,5,6,आवासिय क्षेत्र
इटियाही,5,7,आवासिय क्षेत्र
इटियाही,5,8,आवासिय क्षेत्र
इटियाही,5,9,आवासिय क्षेत्र
इटियाही,5,11,आवासिय क्षेत्र
इटियाही,5,12,आवासिय क्षेत्र
इटियाही,5,13,आवासिय क्षेत्र
इटियाही,5,14,आवासिय क्षेत्र
इटियाही,5,15,आवासिय क्षेत्र
इटियाही,5,16,आवासिय क्षेत्र
इटियाही,5,17,आवासिय क्षेत्र
इटियाही,5,18,आवासिय क्षेत्र
इटियाही,5,19,आवासिय क्षेत्र
इटियाही,5,20,आवासिय क्षेत्र
इटियाही,5,21,आवासिय क्षेत्र
इटियाही,5,22,आवासिय क्षेत्र
इटियाही,5,23,आवासिय क्षेत्र
इटियाही,5,24,आवासिय क्षेत्र
इटियाही,5,25,आवासिय क्षेत्र
इटियाही,5,26,आवासिय क्षेत्र
इटियाही,5,27,आवासिय क्षेत्र
इटियाही,5,28,आवासिय क्षेत्र
इटियाही,5,29,आवासिय क्षेत्र
इटियाही,5,30,आवासिय क्षेत्र
इटियाही,5,32,आवासिय क्षेत्र
इटियाही,5,33,आवासिय क्षेत्र
इटियाही,5,34,आवासिय क्षेत्र
इटियाही,5,35,आवासिय क्षेत्र
इटियाही,5,36,आवासिय क्षेत्र
इटियाही,5,37,आवासिय क्षेत्र
इटियाही,5,38,आवासिय क्षेत्र
इटियाही,5,39,आवासिय क्षेत्र
इटियाही,5,40,आवासिय क्षेत्र
इटियाही,5,41,आवासिय क्षेत्र
इटियाही,5,42,आवासिय क्षेत्र
इटियाही,5,43,आवासिय क्षेत्र
इटियाही,5,45,आवासिय क्षेत्र
इटियाही,5,46,आवासिय क्षेत्र
इटियाही,5,47,आवासिय क्षेत्र
इटियाही,5,48,आवासिय क्षेत्र
इटियाही,5,49,आवासिय क्षेत्र
इटियाही,5,50,आवासिय क्षेत्र
इटियाही,5,51,कृषि क्षेत्र
इटियाही,5,52,कृषि क्षेत्र
इटियाही,5,53,कृषि क्षेत्र
इटियाही,5,54,कृषि क्षेत्र
इटियाही,5,56,कृषि क्षेत्र
इटियाही,5,57,कृषि क्षेत्र
इटियाही,5,59,कृषि क्षेत्र
इटियाही,5,60,कृषि क्षेत्र
इटियाही,5,61,कृषि क्षेत्र
इटियाही,5,62,कृषि क्षेत्र
इटियाही,5,63,कृषि क्षेत्र
इटियाही,5,64,कृषि क्षेत्र
इटियाही,5,66,कृषि क्षेत्र
इटियाही,5,67,कृषि क्षेत्र
इटियाही,5,68,कृषि क्षेत्र
इटियाही,5,70,कृषि क्षेत्र
इटियाही,5,72,कृषि क्षेत्र
इटियाही,5,73,कृषि क्षेत्र
इटियाही,5,74,कृषि क्षेत्र
इटियाही,5,75,कृषि क्षेत्र
इटियाही,5,76,कृषि क्षेत्र
इटियाही,5,77,कृषि क्षेत्र
इटियाही,5,78,कृषि क्षेत्र
इटियाही,5,80,आवासिय क्षेत्र
इटियाही,5,81,आवासिय क्षेत्र
इटियाही,5,82,कृषि क्षेत्र
इटियाही,5,84,कृषि क्षेत्र
इटियाही,5,85,कृषि क्षेत्र
इटियाही,5,86,कृषि क्षेत्र
इटियाही,5,87,कृषि क्षेत्र
इटियाही,5,88,आवासिय क्षेत्र
इटियाही,5,89,आवासिय क्षेत्र
इटियाही,5,90,आवासिय क्षेत्र
इटियाही,5,91,आवासिय क्षेत्र
इटियाही,5,94,आवासिय क्षेत्र
इटियाही,5,95,आवासिय क्षेत्र
इटियाही,5,96,आवासिय क्षेत्र
इटियाही,5,98,कृषि क्षेत्र
इटियाही,5,100,कृषि क्षेत्र
इटियाही,5,101,कृषि क्षेत्र
इटियाही,5,101,कृषि क्षेत्र
इटियाही,5,102,आवासिय क्षेत्र
इटियाही,5,103,आवासिय क्षेत्र
इटियाही,5,105,आवासिय क्षेत्र
इटियाही,5,106,आवासिय क्षेत्र
इटियाही,5,108,आवासिय क्षेत्र
इटियाही,5,109,आवासिय क्षेत्र
इटियाही,5,110,आवासिय क्षेत्र
इटियाही,5,111,आवासिय क्षेत्र
इटियाही,5,112,आवासिय क्षेत्र
इटियाही,5,113,आवासिय क्षेत्र
इटियाही,5,115,आवासिय क्षेत्र
इटियाही,5,116,आवासिय क्षेत्र
इटियाही,5,117,आवासिय क्षेत्र
इटियाही,5,122,आवासिय क्षेत्र
इटियाही,5,123,आवासिय क्षेत्र
इटियाही,5,124,आवासिय क्षेत्र
इटियाही,5,125,आवासिय क्षेत्र
इटियाही,5,126,आवासिय क्षेत्र
इटियाही,5,127,आवासिय क्षेत्र
इटियाही,5,128,आवासिय क्षेत्र
इटियाही,5,129,आवासिय क्षेत्र
इटियाही,5,131,आवासिय क्षेत्र
इटियाही,5,132,आवासिय क्षेत्र
इटियाही,5,133,आवासिय क्षेत्र
इटियाही,5,134,आवासिय क्षेत्र
इटियाही,5,135,आवासिय क्षेत्र
इटियाही,5,136,आवासिय क्षेत्र
इटियाही,5,137,आवासिय क्षेत्र
इटियाही,5,138,आवासिय क्षेत्र
इटियाही,5,141,आवासिय क्षेत्र
इटियाही,5,143,आवासिय क्षेत्र
इटियाही,5,144,आवासिय क्षेत्र
इटियाही,5,145,आवासिय क्षेत्र
इटियाही,5,146,आवासिय क्षेत्र
इटियाही,5,147,आवासिय क्षेत्र
इटियाही,5,148,आवासिय क्षेत्र
इटियाही,5,149,आवासिय क्षेत्र
इटियाही,5,150,आवासिय क्षेत्र
इटियाही,5,153,आवासिय क्षेत्र
इटियाही,5,155,आवासिय क्षेत्र
इटियाही,5,156,आवासिय क्षेत्र
इटियाही,5,158,आवासिय क्षेत्र
इटियाही,5,159,कृषि क्षेत्र
इटियाही,5,160,कृषि क्षेत्र
इटियाही,5,163,कृषि क्षेत्र
इटियाही,5,164,कृषि क्षेत्र
इटियाही,5,167,कृषि क्षेत्र
इटियाही,5,168,कृषि क्षेत्र
इटियाही,5,170,कृषि क्षेत्र
इटियाही,5,171,कृषि क्षेत्र
इटियाही,5,172,कृषि क्षेत्र
इटियाही,5,175,कृषि क्षेत्र
इटियाही,5,177,कृषि क्षेत्र
इटियाही,5,178,कृषि क्षेत्र
इटियाही,5,180,कृषि क्षेत्र
इटियाही,5,181,कृषि क्षेत्र
इटियाही,5,182,कृषि क्षेत्र
इटियाही,5,183,कृषि क्षेत्र
इटियाही,5,185,कृषि क्षेत्र
इटियाही,5,187,कृषि क्षेत्र
इटियाही,5,188,कृषि क्षेत्र
इटियाही,5,189,कृषि क्षेत्र
इटियाही,5,192,कृषि क्षेत्र
इटियाही,5,193,कृषि क्षेत्र
इटियाही,5,194,कृषि क्षेत्र
इटियाही,5,195,कृषि क्षेत्र
इटियाही,5,196,आवासिय क्षेत्र
इटियाही,5,199,आवासिय क्षेत्र
इटियाही,5,200,आवासिय क्षेत्र
इटियाही,5,201,आवासिय क्षेत्र
इटियाही,5,202,आवासिय क्षेत्र
इटियाही,5,203,आवासिय क्षेत्र
इटियाही,5,204,आवासिय क्षेत्र
इटियाही,5,205,आवासिय क्षेत्र
इटियाही,5,206,आवासिय क्षेत्र
इटियाही,5,207,आवासिय क्षेत्र
इटियाही,5,209,आवासिय क्षेत्र
इटियाही,5,210,आवासिय क्षेत्र
इटियाही,5,211,आवासिय क्षेत्र
इटियाही,5,212,आवासिय क्षेत्र
इटियाही,5,213,आवासिय क्षेत्र
इटियाही,5,215,आवासिय क्षेत्र
इटियाही,5,216,आवासिय क्षेत्र
इटियाही,5,218,आवासिय क्षेत्र
इटियाही,5,219,आवासिय क्षेत्र
इटियाही,5,221,आवासिय क्षेत्र
इटियाही,5,222,आवासिय क्षेत्र
इटियाही,5,224,आवासिय क्षेत्र
इटियाही,5,225,आवासिय क्षेत्र
इटियाही,5,226,आवासिय क्षेत्र
इटियाही,5,227,आवासिय क्षेत्र
इटियाही,5,228,आवासिय क्षेत्र
इटियाही,5,229,आवासिय क्षेत्र
इटियाही,5,230,आवासिय क्षेत्र
इटियाही,5,231,आवासिय क्षेत्र
इटियाही,5,232,आवासिय क्षेत्र
इटियाही,5,233,आवासिय क्षेत्र
इटियाही,5,235,आवासिय क्षेत्र
इटियाही,5,236,कृषि क्षेत्र
इटियाही,5,237,कृषि क्षेत्र
इटियाही,5,240,कृषि क्षेत्र
इटियाही,5,241,कृषि क्षेत्र
इटियाही,5,242,कृषि क्षेत्र
इटियाही,5,244,कृषि क्षेत्र
इटियाही,5,245,कृषि क्षेत्र
इटियाही,5,246,कृषि क्षेत्र
इटियाही,5,248,कृषि क्षेत्र
इटियाही,5,249,कृषि क्षेत्र
इटियाही,5,250,कृषि क्षेत्र
इटियाही,5,252,कृषि क्षेत्र
इटियाही,5,254,कृषि क्षेत्र
इटियाही,5,255,कृषि क्षेत्र
इटियाही,5,256,कृषि क्षेत्र
इटियाही,5,257,कृषि क्षेत्र
इटियाही,5,259,कृषि क्षेत्र
इटियाही,5,261,कृषि क्षेत्र
इटियाही,5,264,कृषि क्षेत्र
इटियाही,5,265,कृषि क्षेत्र
इटियाही,5,266,कृषि क्षेत्र
इटियाही,5,267,कृषि क्षेत्र
इटियाही,5,271,कृषि क्षेत्र
इटियाही,5,272,कृषि क्षेत्र
इटियाही,5,274,आवासिय क्षेत्र
इटियाही,5,276,कृषि क्षेत्र
इटियाही,5,277,कृषि क्षेत्र
इटियाही,5,282,कृषि क्षेत्र
इटियाही,5,283,कृषि क्षेत्र
इटियाही,5,284,कृषि क्षेत्र
इटियाही,5,285,कृषि क्षेत्र
इटियाही,5,286,कृषि क्षेत्र
इटियाही,5,287,कृषि क्षेत्र
इटियाही,5,288,कृषि क्षेत्र
इटियाही,5,289,कृषि क्षेत्र
इटियाही,5,293,कृषि क्षेत्र
इटियाही,5,294,कृषि क्षेत्र
इटियाही,5,295,आवासिय क्षेत्र
इटियाही,5,296,आवासिय क्षेत्र
इटियाही,5,297,कृषि क्षेत्र
इटियाही,5,298,कृषि क्षेत्र
इटियाही,5,301,कृषि क्षेत्र
इटियाही,5,302,कृषि क्षेत्र
इटियाही,5,310,कृषि क्षेत्र
इटियाही,5,311,कृषि क्षेत्र
इटियाही,5,312,आवासिय क्षेत्र
इटियाही,5,313,आवासिय क्षेत्र
इटियाही,5,316,आवासिय क्षेत्र
इटियाही,5,317,आवासिय क्षेत्र
इटियाही,5,318,कृषि क्षेत्र
इटियाही,5,319,कृषि क्षेत्र
इटियाही,5,320,कृषि क्षेत्र
इटियाही,5,327,कृषि क्षेत्र
इटियाही,5,330,आवासिय क्षेत्र
इटियाही,5,332,आवासिय क्षेत्र
इटियाही,5,333,कृषि क्षेत्र
इटियाही,5,336,आवासिय क्षेत्र
इटियाही,5,337,कृषि क्षेत्र
इटियाही,5,387,आवासिय क्षेत्र
इटियाही,5,398,आवासिय क्षेत्र
इटियाही,5,399,आवासिय क्षेत्र
इटियाही,5,401,कृषि क्षेत्र
इटियाही,5,402,कृषि क्षेत्र
इटियाही,5,407,कृषि क्षेत्र
इटियाही,5,408,कृषि क्षेत्र
इटियाही,5,409,कृषि क्षेत्र
इटियाही,5,410,कृषि क्षेत्र
इटियाही,5,411,कृषि क्षेत्र
इटियाही,5,419,कृषि क्षेत्र
इटियाही,5,425,कृषि क्षेत्र
इटियाही,5,426,कृषि क्षेत्र
इटियाही,5,428,कृषि क्षेत्र
इटियाही,5,429,कृषि क्षेत्र
इटियाही,5,430,आवासिय क्षेत्र
इटियाही,5,431,आवासिय क्षेत्र
इटियाही,5,436,कृषि क्षेत्र
इटियाही,5,437,कृषि क्षेत्र
इटियाही,5,438,कृषि क्षेत्र
इटियाही,5,442,कृषि क्षेत्र
इटियाही,5,443,कृषि क्षेत्र
इटियाही,5,444,आवासिय क्षेत्र
इटियाही,5,445,आवासिय क्षेत्र
इटियाही,5,446,आवासिय क्षेत्र
इटियाही,5,467,कृषि क्षेत्र
इटियाही,5,468,कृषि क्षेत्र
इटियाही,5,471,कृषि क्षेत्र
इटियाही,5,472,कृषि क्षेत्र
इटियाही,5,483,कृषि क्षेत्र
इटियाही,5,484,कृषि क्षेत्र
इटियाही,5,487,कृषि क्षेत्र
इटियाही,5,488,कृषि क्षेत्र
इटियाही,5,501,कृषि क्षेत्र
इटियाही,5,502,कृषि क्षेत्र
इटियाही,5,511,कृषि क्षेत्र
इटियाही,5,512,आवासिय क्षेत्र
इटियाही,5,517,आवासिय क्षेत्र
इटियाही,5,518,आवासिय क्षेत्र
इटियाही,5,523,आवासिय क्षेत्र
इटियाही,5,527,कृषि क्षेत्र
इटियाही,5,528,कृषि क्षेत्र
इटियाही,5,537,कृषि क्षेत्र
इटियाही,5,538,कृषि क्षेत्र
इटियाही,5,546,आवासिय क्षेत्र
इटियाही,5,547,कृषि क्षेत्र
इटियाही,5,548,कृषि क्षेत्र
इटियाही,5,555,कृषि क्षेत्र
इटियाही,5,556,कृषि क्षेत्र
इटियाही,5,557,कृषि क्षेत्र
इटियाही,5,558,कृषि क्षेत्र
इटियाही,5,559,कृषि क्षेत्र
इटियाही,5,560,कृषि क्षेत्र
इटियाही,5,565,कृषि क्षेत्र
इटियाही,5,566,कृषि क्षेत्र
इटियाही,5,611,कृषि क्षेत्र
इटियाही,5,619,आवासिय क्षेत्र
इटियाही,5,620,आवासिय क्षेत्र
इटियाही,5,621,आवासिय क्षेत्र
इटियाही,5,622,आवासिय क्षेत्र
इटियाही,5,628,कृषि क्षेत्र
इटियाही,5,629,कृषि क्षेत्र
इटियाही,5,640,आवासिय क्षेत्र
इटियाही,5,641,कृषि क्षेत्र
इटियाही,5,642,आवासिय क्षेत्र
इटियाही,5,643,कृषि क्षेत्र
इटियाही,5,644,आवासिय क्षेत्र
इटियाही,5,645,आवासिय क्षेत्र
इटियाही,5,647,आवासिय क्षेत्र
इटियाही,5,648,आवासिय क्षेत्र
इटियाही,5,649,आवासिय क्षेत्र
इटियाही,5,650,आवासिय क्षेत्र
इटियाही,5,651,आवासिय क्षेत्र
इटियाही,5,652,आवासिय क्षेत्र
इटियाही,5,653,कृषि क्षेत्र
इटियाही,5,654,कृषि क्षेत्र
इटियाही,5,655,आवासिय क्षेत्र
इटियाही,5,656,आवासिय क्षेत्र
इटियाही,5,664,कृषि क्षेत्र
इटियाही,5,665,कृषि क्षेत्र
इटियाही,5,666,कृषि क्षेत्र
इटियाही,5,667,कृषि क्षेत्र
इटियाही,5,668,आवासिय क्षेत्र
इटियाही,5,669,आवासिय क्षेत्र
इटियाही,5,686,कृषि क्षेत्र
इटियाही,5,687,कृषि क्षेत्र
इटियाही,5,689,आवासिय क्षेत्र
इटियाही,5,692,कृषि क्षेत्र
इटियाही,5,693,आवासिय क्षेत्र
इटियाही,5,694,आवासिय क्षेत्र
इटियाही,5,695,आवासिय क्षेत्र
इटियाही,5,696,कृषि क्षेत्र
इटियाही,5,700,कृषि क्षेत्र
इटियाही,5,701,कृषि क्षेत्र
इटियाही,5,703,कृषि क्षेत्र
इटियाही,5,704,आवासिय क्षेत्र
इटियाही,5,705,आवासिय क्षेत्र
इटियाही,5,706,कृषि क्षेत्र
इटियाही,5,707,कृषि क्षेत्र
इटियाही,5,708,कृषि क्षेत्र
इटियाही,5,709,कृषि क्षेत्र
इटियाही,5,710,आवासिय क्षेत्र
इटियाही,5,711,आवासिय क्षेत्र
इटियाही,5,712,आवासिय क्षेत्र
इटियाही,5,713,आवासिय क्षेत्र
इटियाही,5,714,कृषि क्षेत्र
इटियाही,5,715,कृषि क्षेत्र
इटियाही,5,716,आवासिय क्षेत्र
इटियाही,5,717,आवासिय क्षेत्र
इटियाही,5,718,कृषि क्षेत्र
इटियाही,5,719,कृषि क्षेत्र
इटियाही,5,720,कृषि क्षेत्र
इटियाही,5,721,कृषि क्षेत्र
इटियाही,5,722,कृषि क्षेत्र
इटियाही,5,723,आवासिय क्षेत्र
इटियाही,5,725,आवासिय क्षेत्र
इटियाही,5,726,आवासिय क्षेत्र
इटियाही,5,727,आवासिय क्षेत्र
इटियाही,5,728,आवासिय क्षेत्र
इटियाही,5,729,आवासिय क्षेत्र
इटियाही,5,730,आवासिय क्षेत्र
इटियाही,5,732,आवासिय क्षेत्र
इटियाही,5,733,आवासिय क्षेत्र
इटियाही,5,734,आवासिय क्षेत्र
इटियाही,5,735,आवासिय क्षेत्र
इटियाही,5,736,आवासिय क्षेत्र
इटियाही,5,737,आवासिय क्षेत्र
इटियाही,5,739,आवासिय क्षेत्र
इटियाही,5,740,आवासिय क्षेत्र
इटियाही,5,741,आवासिय क्षेत्र
इटियाही,5,742,आवासिय क्षेत्र
इटियाही,5,745,आवासिय क्षेत्र
इटियाही,5,747,आवासिय क्षेत्र
इटियाही,5,748,आवासिय क्षेत्र
इटियाही,5,749,आवासिय क्षेत्र
इटियाही,5,750,आवासिय क्षेत्र
इटियाही,5,752,आवासिय क्षेत्र
इटियाही,5,753,आवासिय क्षेत्र
इटियाही,5,756,आवासिय क्षेत्र
इटियाही,5,757,आवासिय क्षेत्र
इटियाही,5,758,आवासिय क्षेत्र
इटियाही,5,759,आवासिय क्षेत्र
इटियाही,5,760,आवासिय क्षेत्र
इटियाही,5,761,आवासिय क्षेत्र
इटियाही,5,762,आवासिय क्षेत्र
इटियाही,5,763,आवासिय क्षेत्र
इटियाही,5,764,आवासिय क्षेत्र
इटियाही,5,766,आवासिय क्षेत्र
इटियाही,5,767,आवासिय क्षेत्र
इटियाही,5,768,आवासिय क्षेत्र
इटियाही,5,769,आवासिय क्षेत्र
इटियाही,5,770,आवासिय क्षेत्र
इटियाही,5,771,आवासिय क्षेत्र
इटियाही,5,772,आवासिय क्षेत्र
इटियाही,5,773,आवासिय क्षेत्र
इटियाही,5,774,आवासिय क्षेत्र
इटियाही,5,775,आवासिय क्षेत्र
इटियाही,5,776,आवासिय क्षेत्र
इटियाही,5,777,आवासिय क्षेत्र
इटियाही,5,778,आवासिय क्षेत्र
इटियाही,5,780,आवासिय क्षेत्र
इटियाही,5,781,आवासिय क्षेत्र
इटियाही,5,782,आवासिय क्षेत्र
इटियाही,5,783,कृषि क्षेत्र
इटियाही,5,784,आवासिय क्षेत्र
इटियाही,5,791,आवासिय क्षेत्र
इटियाही,5,792,आवासिय क्षेत्र
इटियाही,5,793,आवासिय क्षेत्र
इटियाही,5,794,आवासिय क्षेत्र
इटियाही,5,795,आवासिय क्षेत्र
इटियाही,5,796,आवासिय क्षेत्र
इटियाही,5,798,आवासिय क्षेत्र
इटियाही,5,799,आवासिय क्षेत्र
इटियाही,5,802,आवासिय क्षेत्र
इटियाही,5,806,आवासिय क्षेत्र
इटियाही,5,808,आवासिय क्षेत्र
इटियाही,5,810,आवासिय क्षेत्र
इटियाही,5,811,आवासिय क्षेत्र
इटियाही,5,814,आवासिय क्षेत्र
इटियाही,5,816,आवासिय क्षेत्र
इटियाही,5,818,आवासिय क्षेत्र
इटियाही,5,820,आवासिय क्षेत्र
इटियाही,5,821,आवासिय क्षेत्र
इटियाही,5,822,आवासिय क्षेत्र
इटियाही,5,823,कृषि क्षेत्र
इटियाही,5,824,कृषि क्षेत्र
इटियाही,5,825,आवासिय क्षेत्र
इटियाही,5,826,आवासिय क्षेत्र
इटियाही,5,827,आवासिय क्षेत्र
इटियाही,5,829,आवासिय क्षेत्र
इटियाही,5,830,आवासिय क्षेत्र
इटियाही,5,831,आवासिय क्षेत्र
इटियाही,5,832,आवासिय क्षेत्र
इटियाही,5,833,आवासिय क्षेत्र
इटियाही,5,834,आवासिय क्षेत्र
इटियाही,5,835,आवासिय क्षेत्र
इटियाही,5,836,आवासिय क्षेत्र
इटियाही,5,837,आवासिय क्षेत्र
इटियाही,5,838,आवासिय क्षेत्र
इटियाही,5,840,आवासिय क्षेत्र
इटियाही,5,841,आवासिय क्षेत्र
इटियाही,5,842,आवासिय क्षेत्र
इटियाही,5,843,आवासिय क्षेत्र
इटियाही,5,844,आवासिय क्षेत्र
इटियाही,5,845,आवासिय क्षेत्र
इटियाही,5,846,आवासिय क्षेत्र
इटियाही,5,847,आवासिय क्षेत्र
इटियाही,5 (1-2) नहर,145,आवासिय क्षेत्र
इटियाही,5 (1-2) नहर,214,आवासिय क्षेत्र
इटियाही,5 (1-2) नहर,224,सार्वजनिक उपयोग क्षेत्र
इटियाही,5 (1-2) नहर,365,आवासिय क्षेत्र
इटियाही,5 (1-2) नहर,366,आवासिय क्षेत्र
इटियाही,5 (1-2) नहर,368,आवासिय क्षेत्र
इटियाही,5 (1-2) नहर,371,आवासिय क्षेत्र
इटियाही,5 (1-2) नहर,372,आवासिय क्षेत्र
इटियाही,5 (1-2) नहर,373,आवासिय क्षेत्र
इटियाही,5 (1-2) नहर,374,आवासिय क्षेत्र
इटियाही,5 (1-2) नहर,375,आवासिय क्षेत्र
इटियाही,5 (1-2) नहर,376,आवासिय क्षेत्र
इटियाही,5 (1-2) नहर,378,आवासिय क्षेत्र
इटियाही,5 (1-2) नहर,379,आवासिय क्षेत्र
इटियाही,5 (1-2) नहर,380,आवासिय क्षेत्र
इटियाही,5 (1-2) नहर,381,आवासिय क्षेत्र
इटियाही,5 (1-2) नहर,382,आवासिय क्षेत्र
इटियाही,5 (1-2) नहर,485,आवासिय क्षेत्र
इटियाही,5 (1-2) नहर,509,आवासिय क्षेत्र
इटियाही,5 (1-2) नहर,510,आवासिय क्षेत्र
इटियाही,5 (1-2) नहर,553,आवासिय क्षेत्र
इटियाही,5 (1-2) नहर,698,आवासिय क्षेत्र
इटियाही,5 (1-2) नहर,699,आवासिय क्षेत्र
इटियाही,5 (1-2) नहर,785,आवासिय क्षेत्र
इटियाही,5 (1-2) नहर,786,आवासिय क्षेत्र
इटियाही,5 (1-2) नहर,787,आवासिय क्षेत्र
इटियाही,5 (1-2) नहर,788,आवासिय क्षेत्र
इटियाही,5 (1-2) नहर,789,आवासिय क्षेत्र
इटियाही,5 (1-2) नहर,800,आवासिय क्षेत्र
इटियाही,5 (1-2) नहर,801,आवासिय क्षेत्र
इटियाही,5 (1-2) नहर,804,आवासिय क्षेत्र
इटियाही,5 (1-2) नहर,805,आवासिय क्षेत्र
इटियाही,5 (1-2) नहर,9995,आवासिय क्षेत्र
इटियाही,5 (1-2) नहर,9997,आवासिय क्षेत्र
इटियाही,5 (1-2) नहर,9998,आवासिय क्षेत्र
इटियाही,5 (1-2) नहर,9999,सार्वजनिक उपयोग क्षेत्र
इटियाही,5 गाउँ,4,आवासिय क्षेत्र
इटियाही,5 गाउँ,6,आवासिय क्षेत्र
इटियाही,5 गाउँ,7,आवासिय क्षेत्र
इटियाही,5 गाउँ,8,आवासिय क्षेत्र
इटियाही,5 गाउँ,9,आवासिय क्षेत्र
इटियाही,5 गाउँ,10,आवासिय क्षेत्र
इटियाही,5 गाउँ,11,आवासिय क्षेत्र
इटियाही,5 गाउँ,12,आवासिय क्षेत्र
इटियाही,5 गाउँ,13,आवासिय क्षेत्र
इटियाही,5 गाउँ,14,आवासिय क्षेत्र
इटियाही,5 गाउँ,15,आवासिय क्षेत्र
इटियाही,5 गाउँ,16,आवासिय क्षेत्र
इटियाही,5 गाउँ,17,आवासिय क्षेत्र
इटियाही,5 गाउँ,18,आवासिय क्षेत्र
इटियाही,5 गाउँ,19,आवासिय क्षेत्र
इटियाही,5 गाउँ,20,आवासिय क्षेत्र
इटियाही,5 गाउँ,21,आवासिय क्षेत्र
इटियाही,5 गाउँ,22,आवासिय क्षेत्र
इटियाही,5 गाउँ,22,सार्वजनिक उपयोग क्षेत्र
इटियाही,5 गाउँ,23,आवासिय क्षेत्र
इटियाही,5 गाउँ,24,आवासिय क्षेत्र
इटियाही,5 गाउँ,25,आवासिय क्षेत्र
इटियाही,5 गाउँ,26,आवासिय क्षेत्र
इटियाही,5 गाउँ,28,आवासिय क्षेत्र
इटियाही,5 गाउँ,29,आवासिय क्षेत्र
इटियाही,5 गाउँ,30,आवासिय क्षेत्र
इटियाही,5 गाउँ,31,आवासिय क्षेत्र
इटियाही,5 गाउँ,34,आवासिय क्षेत्र
इटियाही,5 गाउँ,35,आवासिय क्षेत्र
इटियाही,5 गाउँ,36,आवासिय क्षेत्र
इटियाही,5 गाउँ,37,आवासिय क्षेत्र
इटियाही,5 गाउँ,38,आवासिय क्षेत्र
इटियाही,5 गाउँ,39,आवासिय क्षेत्र
इटियाही,5 गाउँ,40,आवासिय क्षेत्र
इटियाही,5 गाउँ,41,आवासिय क्षेत्र
इटियाही,5 गाउँ,42,आवासिय क्षेत्र
इटियाही,5 गाउँ,43,आवासिय क्षेत्र
इटियाही,5 गाउँ,44,आवासिय क्षेत्र
इटियाही,5 गाउँ,45,आवासिय क्षेत्र
इटियाही,5 गाउँ,46,आवासिय क्षेत्र
इटियाही,5 गाउँ,47,आवासिय क्षेत्र
इटियाही,5 गाउँ,48,आवासिय क्षेत्र
इटियाही,5 गाउँ,49,आवासिय क्षेत्र
इटियाही,5 गाउँ,50,आवासिय क्षेत्र
इटियाही,5 गाउँ,51,आवासिय क्षेत्र
इटियाही,5 गाउँ,52,आवासिय क्षेत्र
इटियाही,5 गाउँ,53,आवासिय क्षेत्र
इटियाही,5 गाउँ,54,आवासिय क्षेत्र
इटियाही,5 गाउँ,55,आवासिय क्षेत्र
इटियाही,5 गाउँ,56,आवासिय क्षेत्र
इटियाही,5 गाउँ,57,आवासिय क्षेत्र
इटियाही,5 गाउँ,58,आवासिय क्षेत्र
इटियाही,5 गाउँ,59,आवासिय क्षेत्र
इटियाही,5 गाउँ,60,आवासिय क्षेत्र
इटियाही,5 गाउँ,61,आवासिय क्षेत्र
इटियाही,5 गाउँ,62,आवासिय क्षेत्र
इटियाही,5 गाउँ,63,आवासिय क्षेत्र
इटियाही,5 गाउँ,70,आवासिय क्षेत्र
इटियाही,5 गाउँ,71,आवासिय क्षेत्र
इटियाही,5 गाउँ,76,आवासिय क्षेत्र
इटियाही,5 गाउँ,80,आवासिय क्षेत्र
इटियाही,5 गाउँ,87,आवासिय क्षेत्र
इटियाही,5 गाउँ,88,आवासिय क्षेत्र
इटियाही,5 गाउँ,90,आवासिय क्षेत्र
इटियाही,5 गाउँ,91,आवासिय क्षेत्र
इटियाही,5 गाउँ,93,आवासिय क्षेत्र
इटियाही,5 गाउँ,94,आवासिय क्षेत्र
इटियाही,5 गाउँ,96,आवासिय क्षेत्र
इटियाही,5 गाउँ,98,आवासिय क्षेत्र
इटियाही,5 गाउँ,99,आवासिय क्षेत्र
इटियाही,5 गाउँ,100,आवासिय क्षेत्र
इटियाही,5 गाउँ,101,आवासिय क्षेत्र
इटियाही,5 गाउँ,102,आवासिय क्षेत्र
इटियाही,5 गाउँ,112,आवासिय क्षेत्र
इटियाही,5 गाउँ,113,आवासिय क्षेत्र
इटियाही,5 गाउँ,114,आवासिय क्षेत्र
इटियाही,5 गाउँ,116,आवासिय क्षेत्र
इटियाही,5 गाउँ,120,आवासिय क्षेत्र
इटियाही,5 गाउँ,121,आवासिय क्षेत्र
इटियाही,5 गाउँ,122,आवासिय क्षेत्र
इटियाही,5 गाउँ,125,आवासिय क्षेत्र
इटियाही,5 गाउँ,126,आवासिय क्षेत्र
इटियाही,5 गाउँ,127,आवासिय क्षेत्र
इटियाही,5 गाउँ,128,आवासिय क्षेत्र
इटियाही,5 गाउँ,129,आवासिय क्षेत्र
इटियाही,5 गाउँ,130,आवासिय क्षेत्र
इटियाही,5 गाउँ,131,आवासिय क्षेत्र
इटियाही,5 गाउँ,132,आवासिय क्षेत्र
इटियाही,5 गाउँ,133,आवासिय क्षेत्र
इटियाही,5 गाउँ,134,आवासिय क्षेत्र
इटियाही,5 गाउँ,9992,आवासिय क्षेत्र
इटियाही,5 नहर,22,सार्वजनिक उपयोग क्षेत्र
इटियाही,5 नहर,24,आवासिय क्षेत्र
इटियाही,5 नहर,35,आवासिय क्षेत्र
इटियाही,5 नहर,122,आवासिय क्षेत्र
इटियाही,5 नहर,123,आवासिय क्षेत्र
इटियाही,5 नहर,126,आवासिय क्षेत्र
इटियाही,5 नहर,127,आवासिय क्षेत्र
इटियाही,5 नहर,249,आवासिय क्षेत्र
इटियाही,5 नहर,251,आवासिय क्षेत्र
इटियाही,5 नहर,316,आवासिय क्षेत्र
इटियाही,5 नहर,317,आवासिय क्षेत्र
इटियाही,5 नहर,338,सार्वजनिक उपयोग क्षेत्र
इटियाही,5 नहर,338,सार्वजनिक उपयोग क्षेत्र
इटियाही,5 नहर,341,आवासिय क्षेत्र
इटियाही,5 नहर,342,आवासिय क्षेत्र
इटियाही,5 नहर,343,सार्वजनिक उपयोग क्षेत्र
इटियाही,5 नहर,345,आवासिय क्षेत्र
इटियाही,5 नहर,346,सार्वजनिक उपयोग क्षेत्र
इटियाही,5 नहर,347,आवासिय क्षेत्र
इटियाही,5 नहर,348,आवासिय क्षेत्र
इटियाही,5 नहर,354,आवासिय क्षेत्र
इटियाही,5 नहर,356,आवासिय क्षेत्र
इटियाही,5 नहर,357,आवासिय क्षेत्र
इटियाही,5 नहर,359,आवासिय क्षेत्र
इटियाही,5 नहर,360,आवासिय क्षेत्र
इटियाही,5 नहर,362,आवासिय क्षेत्र
इटियाही,5 नहर,452,आवासिय क्षेत्र
इटियाही,5 नहर,456,आवासिय क्षेत्र
इटियाही,5 नहर,459,आवासिय क्षेत्र
इटियाही,5 नहर,460,आवासिय क्षेत्र
इटियाही,5 नहर,461,आवासिय क्षेत्र
इटियाही,5 नहर,462,आवासिय क्षेत्र
इटियाही,5 नहर,463,आवासिय क्षेत्र
इटियाही,5 नहर,473,आवासिय क्षेत्र
इटियाही,5 नहर,474,आवासिय क्षेत्र
इटियाही,5 नहर,503,आवासिय क्षेत्र
इटियाही,5 नहर,513,आवासिय क्षेत्र
इटियाही,5 नहर,514,आवासिय क्षेत्र
इटियाही,5 नहर,552,आवासिय क्षेत्र
इटियाही,5 नहर,552,आवासिय क्षेत्र
इटियाही,5 नहर,564,आवासिय क्षेत्र
इटियाही,5 नहर,595,आवासिय क्षेत्र
इटियाही,5 नहर,613,आवासिय क्षेत्र
इटियाही,5 नहर,690,आवासिय क्षेत्र
इटियाही,5 नहर,691,आवासिय क्षेत्र
इटियाही,5 नहर,754,आवासिय क्षेत्र
इटियाही,5 नहर,755,आवासिय क्षेत्र
इटियाही,5 नहर,963,आवासिय क्षेत्र
इटियाही,5 नहर,9977,सार्वजनिक उपयोग क्षेत्र
इटियाही,5 नहर,9978,आवासिय क्षेत्र
इटियाही,5 नहर,9979,सार्वजनिक उपयोग क्षेत्र
इटियाही,5 नहर,9980,सार्वजनिक उपयोग क्षेत्र
इटियाही,5 नहर,9981,सार्वजनिक उपयोग क्षेत्र
इटियाही,5 नहर,9982,आवासिय क्षेत्र
इटियाही,5 नहर,9983,सार्वजनिक उपयोग क्षेत्र
इटियाही,5 नहर,9984,सार्वजनिक उपयोग क्षेत्र
इटियाही,5 नहर,9985,सार्वजनिक उपयोग क्षेत्र
इटियाही,5 नहर,9986,सार्वजनिक उपयोग क्षेत्र
इटियाही,5 नहर,9987,सार्वजनिक उपयोग क्षेत्र
इटियाही,5 नहर,9988,सार्वजनिक उपयोग क्षेत्र
इटियाही,5 नहर,9989,सार्वजनिक उपयोग क्षेत्र
इटियाही,5 नहर,9990,आवासिय क्षेत्र
इटियाही,5 नहर,9991,आवासिय क्षेत्र
इटियाही,5 नहर,9992,सार्वजनिक उपयोग क्षेत्र
इटियाही,5 नहर,9993,सार्वजनिक उपयोग क्षेत्र
इटियाही,5 नहर,9994,सार्वजनिक उपयोग क्षेत्र
इटियाही,5 नहर,9995,आवासिय क्षेत्र
इटियाही,5 नहर,9996,सार्वजनिक उपयोग क्षेत्र
इटियाही,5 नहर,9997,सार्वजनिक उपयोग क्षेत्र
इटियाही,5 नहर,9998,सार्वजनिक उपयोग क्षेत्र
इटियाही,5 नहर,9999,सार्वजनिक उपयोग क्षेत्र
इटियाही,6,3,आवासिय क्षेत्र
इटियाही,6,4,आवासिय क्षेत्र
इटियाही,6,5,आवासिय क्षेत्र
इटियाही,6,6,आवासिय क्षेत्र
इटियाही,6,7,आवासिय क्षेत्र
इटियाही,6,10,आवासिय क्षेत्र
इटियाही,6,14,आवासिय क्षेत्र
इटियाही,6,15,आवासिय क्षेत्र
इटियाही,6,16,आवासिय क्षेत्र
इटियाही,6,17,आवासिय क्षेत्र
इटियाही,6,18,आवासिय क्षेत्र
इटियाही,6,19,आवासिय क्षेत्र
इटियाही,6,20,आवासिय क्षेत्र
इटियाही,6,21,आवासिय क्षेत्र
इटियाही,6,23,आवासिय क्षेत्र
इटियाही,6,24,आवासिय क्षेत्र
इटियाही,6,25,आवासिय क्षेत्र
इटियाही,6,26,आवासिय क्षेत्र
इटियाही,6,28,आवासिय क्षेत्र
इटियाही,6,31,आवासिय क्षेत्र
इटियाही,6,32,आवासिय क्षेत्र
इटियाही,6,34,आवासिय क्षेत्र
इटियाही,6,35,आवासिय क्षेत्र
इटियाही,6,36,आवासिय क्षेत्र
इटियाही,6,37,आवासिय क्षेत्र
इटियाही,6,40,आवासिय क्षेत्र
इटियाही,6,41,आवासिय क्षेत्र
इटियाही,6,42,आवासिय क्षेत्र
इटियाही,6,43,आवासिय क्षेत्र
इटियाही,6,44,आवासिय क्षेत्र
इटियाही,6,46,आवासिय क्षेत्र
इटियाही,6,47,आवासिय क्षेत्र
इटियाही,6,48,आवासिय क्षेत्र
इटियाही,6,48,आवासिय क्षेत्र
इटियाही,6,49,आवासिय क्षेत्र
इटियाही,6,50,आवासिय क्षेत्र
इटियाही,6,51,आवासिय क्षेत्र
इटियाही,6,52,आवासिय क्षेत्र
इटियाही,6,54,आवासिय क्षेत्र
इटियाही,6,55,आवासिय क्षेत्र
इटियाही,6,56,आवासिय क्षेत्र
इटियाही,6,57,आवासिय क्षेत्र
इटियाही,6,59,आवासिय क्षेत्र
इटियाही,6,60,आवासिय क्षेत्र
इटियाही,6,61,आवासिय क्षेत्र
इटियाही,6,62,आवासिय क्षेत्र
इटियाही,6,63,आवासिय क्षेत्र
इटियाही,6,71,आवासिय क्षेत्र
इटियाही,6,73,आवासिय क्षेत्र
इटियाही,6,74,आवासिय क्षेत्र
इटियाही,6,77,आवासिय क्षेत्र
इटियाही,6,82,आवासिय क्षेत्र
इटियाही,6,83,आवासिय क्षेत्र
इटियाही,6,84,आवासिय क्षेत्र
इटियाही,6,87,आवासिय क्षेत्र
इटियाही,6,88,आवासिय क्षेत्र
इटियाही,6,89,आवासिय क्षेत्र
इटियाही,6,90,आवासिय क्षेत्र
इटियाही,6,91,आवासिय क्षेत्र
इटियाही,6,92,आवासिय क्षेत्र
इटियाही,6,93,आवासिय क्षेत्र
इटियाही,6,96,आवासिय क्षेत्र
इटियाही,6,97,आवासिय क्षेत्र
इटियाही,6,98,आवासिय क्षेत्र
इटियाही,6,100,आवासिय क्षेत्र
इटियाही,6,101,आवासिय क्षेत्र
इटियाही,6,102,आवासिय क्षेत्र
इटियाही,6,104,आवासिय क्षेत्र
इटियाही,6,107,आवासिय क्षेत्र
इटियाही,6,108,आवासिय क्षेत्र
इटियाही,6,109,आवासिय क्षेत्र
इटियाही,6,111,आवासिय क्षेत्र
इटियाही,6,115,आवासिय क्षेत्र
इटियाही,6,116,आवासिय क्षेत्र
इटियाही,6,118,आवासिय क्षेत्र
इटियाही,6,119,आवासिय क्षेत्र
इटियाही,6,122,आवासिय क्षेत्र
इटियाही,6,127,आवासिय क्षेत्र
इटियाही,6,128,आवासिय क्षेत्र
इटियाही,6,131,आवासिय क्षेत्र
इटियाही,6,132,आवासिय क्षेत्र
इटियाही,6,133,आवासिय क्षेत्र
इटियाही,6,137,आवासिय क्षेत्र
इटियाही,6,138,आवासिय क्षेत्र
इटियाही,6,139,आवासिय क्षेत्र
इटियाही,6,140,आवासिय क्षेत्र
इटियाही,6,144,आवासिय क्षेत्र
इटियाही,6,145,आवासिय क्षेत्र
इटियाही,6,146,आवासिय क्षेत्र
इटियाही,6,147,आवासिय क्षेत्र
इटियाही,6,148,आवासिय क्षेत्र
इटियाही,6,150,आवासिय क्षेत्र
इटियाही,6,151,आवासिय क्षेत्र
इटियाही,6,152,आवासिय क्षेत्र
इटियाही,6,153,आवासिय क्षेत्र
इटियाही,6,154,आवासिय क्षेत्र
इटियाही,6,155,आवासिय क्षेत्र
इटियाही,6,156,आवासिय क्षेत्र
इटियाही,6,157,आवासिय क्षेत्र
इटियाही,6,158,आवासिय क्षेत्र
इटियाही,6,159,आवासिय क्षेत्र
इटियाही,6,160,आवासिय क्षेत्र
इटियाही,6,161,आवासिय क्षेत्र
इटियाही,6,162,आवासिय क्षेत्र
इटियाही,6,163,आवासिय क्षेत्र
इटियाही,6,166,आवासिय क्षेत्र
इटियाही,6,169,आवासिय क्षेत्र
इटियाही,6,170,आवासिय क्षेत्र
इटियाही,6,171,आवासिय क्षेत्र
इटियाही,6,172,आवासिय क्षेत्र
इटियाही,6,174,आवासिय क्षेत्र
इटियाही,6,175,आवासिय क्षेत्र
इटियाही,6,177,आवासिय क्षेत्र
इटियाही,6,179,आवासिय क्षेत्र
इटियाही,6,180,आवासिय क्षेत्र
इटियाही,6,180,आवासिय क्षेत्र
इटियाही,6,180,आवासिय क्षेत्र
इटियाही,6,182,आवासिय क्षेत्र
इटियाही,6,186,आवासिय क्षेत्र
इटियाही,6,195,आवासिय क्षेत्र
इटियाही,6,196,आवासिय क्षेत्र
इटियाही,6,197,आवासिय क्षेत्र
इटियाही,6,199,आवासिय क्षेत्र
इटियाही,6,202,आवासिय क्षेत्र
इटियाही,6,203,आवासिय क्षेत्र
इटियाही,6,204,आवासिय क्षेत्र
इटियाही,6,206,आवासिय क्षेत्र
इटियाही,6,206,आवासिय क्षेत्र
इटियाही,6,207,आवासिय क्षेत्र
इटियाही,6,208,आवासिय क्षेत्र
इटियाही,6,212,आवासिय क्षेत्र
इटियाही,6,217,आवासिय क्षेत्र
इटियाही,6,221,आवासिय क्षेत्र
इटियाही,6,222,आवासिय क्षेत्र
इटियाही,6,223,आवासिय क्षेत्र
इटियाही,6,259,आवासिय क्षेत्र
इटियाही,6,260,आवासिय क्षेत्र
इटियाही,6,261,आवासिय क्षेत्र
इटियाही,6,262,आवासिय क्षेत्र
इटियाही,6,265,आवासिय क्षेत्र
इटियाही,6,269,आवासिय क्षेत्र
इटियाही,6,270,आवासिय क्षेत्र
इटियाही,6,272,आवासिय क्षेत्र
इटियाही,6,274,आवासिय क्षेत्र
इटियाही,6,277,आवासिय क्षेत्र
इटियाही,6,278,आवासिय क्षेत्र
इटियाही,6,279,आवासिय क्षेत्र
इटियाही,6,280,आवासिय क्षेत्र
इटियाही,6,281,आवासिय क्षेत्र
इटियाही,6,288,आवासिय क्षेत्र
इटियाही,6,292,आवासिय क्षेत्र
इटियाही,6,295,आवासिय क्षेत्र
इटियाही,6,296,आवासिय क्षेत्र
इटियाही,6,297,आवासिय क्षेत्र
इटियाही,6,298,आवासिय क्षेत्र
इटियाही,6,306,आवासिय क्षेत्र
इटियाही,6,307,आवासिय क्षेत्र
इटियाही,6,308,आवासिय क्षेत्र
इटियाही,6,310,आवासिय क्षेत्र
इटियाही,6,313,आवासिय क्षेत्र
इटियाही,6,320,आवासिय क्षेत्र
इटियाही,6,321,आवासिय क्षेत्र
इटियाही,6,322,आवासिय क्षेत्र
इटियाही,6,323,आवासिय क्षेत्र
इटियाही,6,327,आवासिय क्षेत्र
इटियाही,6,328,आवासिय क्षेत्र
इटियाही,6,333,आवासिय क्षेत्र
इटियाही,6,335,आवासिय क्षेत्र
इटियाही,6,336,आवासिय क्षेत्र
इटियाही,6,338,आवासिय क्षेत्र
इटियाही,6,341,आवासिय क्षेत्र
इटियाही,6,342,आवासिय क्षेत्र
इटियाही,6,353,आवासिय क्षेत्र
इटियाही,6,354,आवासिय क्षेत्र
इटियाही,6,355,आवासिय क्षेत्र
इटियाही,6,356,आवासिय क्षेत्र
इटियाही,6,359,आवासिय क्षेत्र
इटियाही,6,360,आवासिय क्षेत्र
इटियाही,6,361,आवासिय क्षेत्र
इटियाही,6,364,आवासिय क्षेत्र
इटियाही,6,370,आवासिय क्षेत्र
इटियाही,6,373,आवासिय क्षेत्र
इटियाही,6,374,आवासिय क्षेत्र
इटियाही,6,377,आवासिय क्षेत्र
इटियाही,6,378,आवासिय क्षेत्र
इटियाही,6,379,आवासिय क्षेत्र
इटियाही,6,380,आवासिय क्षेत्र
इटियाही,6,393,आवासिय क्षेत्र
इटियाही,6,394,आवासिय क्षेत्र
इटियाही,6,395,आवासिय क्षेत्र
इटियाही,6,396,आवासिय क्षेत्र
इटियाही,6,398,आवासिय क्षेत्र
इटियाही,6,399,आवासिय क्षेत्र
इटियाही,6,400,आवासिय क्षेत्र
इटियाही,6,401,आवासिय क्षेत्र
इटियाही,6,407,आवासिय क्षेत्र
इटियाही,6,408,आवासिय क्षेत्र
इटियाही,6,421,आवासिय क्षेत्र
इटियाही,6,421,आवासिय क्षेत्र
इटियाही,6,421,आवासिय क्षेत्र
इटियाही,6,421,आवासिय क्षेत्र
इटियाही,6,421,आवासिय क्षेत्र
इटियाही,6,421,आवासिय क्षेत्र
इटियाही,6,421,आवासिय क्षेत्र
इटियाही,6,421,आवासिय क्षेत्र
इटियाही,6,421,आवासिय क्षेत्र
इटियाही,6,421,आवासिय क्षेत्र
इटियाही,6,421,आवासिय क्षेत्र
इटियाही,6,424,आवासिय क्षेत्र
इटियाही,6,431,आवासिय क्षेत्र
इटियाही,6,432,आवासिय क्षेत्र
इटियाही,6,433,आवासिय क्षेत्र
इटियाही,6,434,आवासिय क्षेत्र
इटियाही,6,454,आवासिय क्षेत्र
इटियाही,6,455,आवासिय क्षेत्र
इटियाही,6,456,आवासिय क्षेत्र
इटियाही,6,457,आवासिय क्षेत्र
इटियाही,6,458,आवासिय क्षेत्र
इटियाही,6,459,आवासिय क्षेत्र
इटियाही,6,460,आवासिय क्षेत्र
इटियाही,6,461,आवासिय क्षेत्र
इटियाही,6,464,आवासिय क्षेत्र
इटियाही,6,465,आवासिय क्षेत्र
इटियाही,6,466,आवासिय क्षेत्र
इटियाही,6,467,आवासिय क्षेत्र
इटियाही,6,468,आवासिय क्षेत्र
इटियाही,6,469,आवासिय क्षेत्र
इटियाही,6,470,आवासिय क्षेत्र
इटियाही,6,471,आवासिय क्षेत्र
इटियाही,6,472,आवासिय क्षेत्र
इटियाही,6,476,आवासिय क्षेत्र
इटियाही,6,477,आवासिय क्षेत्र
इटियाही,6,478,आवासिय क्षेत्र
इटियाही,6,482,आवासिय क्षेत्र
इटियाही,6,483,आवासिय क्षेत्र
इटियाही,6,484,आवासिय क्षेत्र
इटियाही,6,488,आवासिय क्षेत्र
इटियाही,6,489,आवासिय क्षेत्र
इटियाही,6,492,आवासिय क्षेत्र
इटियाही,6,493,आवासिय क्षेत्र
इटियाही,6,497,आवासिय क्षेत्र
इटियाही,6,498,आवासिय क्षेत्र
इटियाही,6,503,आवासिय क्षेत्र
इटियाही,6,504,आवासिय क्षेत्र
इटियाही,6,506,आवासिय क्षेत्र
इटियाही,6,507,आवासिय क्षेत्र
इटियाही,6,508,आवासिय क्षेत्र
इटियाही,6,509,आवासिय क्षेत्र
इटियाही,6,510,आवासिय क्षेत्र
इटियाही,6,511,आवासिय क्षेत्र
इटियाही,6,512,आवासिय क्षेत्र
इटियाही,6,513,आवासिय क्षेत्र
इटियाही,6,514,आवासिय क्षेत्र
इटियाही,6,515,आवासिय क्षेत्र
इटियाही,6,554,आवासिय क्षेत्र
इटियाही,6,555,आवासिय क्षेत्र
इटियाही,6,562,आवासिय क्षेत्र
इटियाही,6,563,आवासिय क्षेत्र
इटियाही,6,602,आवासिय क्षेत्र
इटियाही,6,604,आवासिय क्षेत्र
इटियाही,6,605,आवासिय क्षेत्र
इटियाही,6,623,आवासिय क्षेत्र
इटियाही,6,625,आवासिय क्षेत्र
इटियाही,6,626,आवासिय क्षेत्र
इटियाही,6,629,आवासिय क्षेत्र
इटियाही,6,630,आवासिय क्षेत्र
इटियाही,6,631,आवासिय क्षेत्र
इटियाही,6,632,आवासिय क्षेत्र
इटियाही,6,633,आवासिय क्षेत्र
इटियाही,6,634,आवासिय क्षेत्र
इटियाही,6,638,आवासिय क्षेत्र
इटियाही,6,639,आवासिय क्षेत्र
इटियाही,6,640,आवासिय क्षेत्र
इटियाही,6,641,आवासिय क्षेत्र
इटियाही,6,642,आवासिय क्षेत्र
इटियाही,6,643,आवासिय क्षेत्र
इटियाही,6,654,आवासिय क्षेत्र
इटियाही,6,655,आवासिय क्षेत्र
इटियाही,6,656,आवासिय क्षेत्र
इटियाही,6,657,आवासिय क्षेत्र
इटियाही,6,663,आवासिय क्षेत्र
इटियाही,6,664,आवासिय क्षेत्र
इटियाही,6,665,आवासिय क्षेत्र
इटियाही,6,666,आवासिय क्षेत्र
इटियाही,6,667,आवासिय क्षेत्र
इटियाही,6,673,आवासिय क्षेत्र
इटियाही,6,674,आवासिय क्षेत्र
इटियाही,6,675,आवासिय क्षेत्र
इटियाही,6,676,आवासिय क्षेत्र
इटियाही,6,677,आवासिय क्षेत्र
इटियाही,6,680,आवासिय क्षेत्र
इटियाही,6,705,आवासिय क्षेत्र
इटियाही,6,706,आवासिय क्षेत्र
इटियाही,6,710,आवासिय क्षेत्र
इटियाही,6,711,आवासिय क्षेत्र
इटियाही,6,712,आवासिय क्षेत्र
इटियाही,6,713,आवासिय क्षेत्र
इटियाही,6,714,आवासिय क्षेत्र
इटियाही,6,715,आवासिय क्षेत्र
इटियाही,6,716,आवासिय क्षेत्र
इटियाही,6,717,आवासिय क्षेत्र
इटियाही,6,719,आवासिय क्षेत्र
इटियाही,6,720,आवासिय क्षेत्र
इटियाही,6,721,आवासिय क्षेत्र
इटियाही,6,722,आवासिय क्षेत्र
इटियाही,6,723,आवासिय क्षेत्र
इटियाही,6,724,आवासिय क्षेत्र
इटियाही,6,725,आवासिय क्षेत्र
इटियाही,6,726,आवासिय क्षेत्र
इटियाही,6,727,आवासिय क्षेत्र
इटियाही,6,728,आवासिय क्षेत्र
इटियाही,6,729,आवासिय क्षेत्र
इटियाही,6,730,आवासिय क्षेत्र
इटियाही,6,731,आवासिय क्षेत्र
इटियाही,6,732,आवासिय क्षेत्र
इटियाही,6,733,आवासिय क्षेत्र
इटियाही,6,735,आवासिय क्षेत्र
इटियाही,6,736,आवासिय क्षेत्र
इटियाही,6,739,आवासिय क्षेत्र
इटियाही,6,740,आवासिय क्षेत्र
इटियाही,6,741,आवासिय क्षेत्र
इटियाही,6,742,आवासिय क्षेत्र
इटियाही,6,743,आवासिय क्षेत्र
इटियाही,6,745,आवासिय क्षेत्र
इटियाही,6,746,आवासिय क्षेत्र
इटियाही,6,747,आवासिय क्षेत्र
इटियाही,6,748,आवासिय क्षेत्र
इटियाही,6,750,आवासिय क्षेत्र
इटियाही,6,751,आवासिय क्षेत्र
इटियाही,6,752,आवासिय क्षेत्र
इटियाही,6,753,आवासिय क्षेत्र
इटियाही,6,754,आवासिय क्षेत्र
इटियाही,6,755,आवासिय क्षेत्र
इटियाही,6,756,आवासिय क्षेत्र
इटियाही,6,757,आवासिय क्षेत्र
इटियाही,6,758,आवासिय क्षेत्र
इटियाही,6,759,आवासिय क्षेत्र
इटियाही,6,760,आवासिय क्षेत्र
इटियाही,6,761,आवासिय क्षेत्र
इटियाही,6,762,आवासिय क्षेत्र
इटियाही,6,763,आवासिय क्षेत्र
इटियाही,6,764,आवासिय क्षेत्र
इटियाही,6,765,आवासिय क्षेत्र
इटियाही,6,766,आवासिय क्षेत्र
इटियाही,6,767,आवासिय क्षेत्र
इटियाही,6,768,आवासिय क्षेत्र
इटियाही,6,770,आवासिय क्षेत्र
इटियाही,6,773,आवासिय क्षेत्र
इटियाही,6,774,आवासिय क्षेत्र
इटियाही,6,775,आवासिय क्षेत्र
इटियाही,6,776,आवासिय क्षेत्र
इटियाही,6,777,आवासिय क्षेत्र
इटियाही,6,778,आवासिय क्षेत्र
इटियाही,6,779,आवासिय क्षेत्र
इटियाही,6,880,आवासिय क्षेत्र
इटियाही,6,881,आवासिय क्षेत्र
इटियाही,6,882,आवासिय क्षेत्र
इटियाही,6,883,आवासिय क्षेत्र
इटियाही,6,884,आवासिय क्षेत्र
इटियाही,6,889,आवासिय क्षेत्र
इटियाही,6,890,आवासिय क्षेत्र
इटियाही,6,891,आवासिय क्षेत्र
इटियाही,6,893,आवासिय क्षेत्र
इटियाही,6,894,आवासिय क्षेत्र
इटियाही,6,895,आवासिय क्षेत्र
इटियाही,6,896,आवासिय क्षेत्र
इटियाही,6,897,आवासिय क्षेत्र
इटियाही,6,898,आवासिय क्षेत्र
इटियाही,6,902,आवासिय क्षेत्र
इटियाही,6,903,आवासिय क्षेत्र
इटियाही,6,904,आवासिय क्षेत्र
इटियाही,6,905,आवासिय क्षेत्र
इटियाही,6,906,आवासिय क्षेत्र
इटियाही,6,907,आवासिय क्षेत्र
इटियाही,6,908,आवासिय क्षेत्र
इटियाही,6,912,आवासिय क्षेत्र
इटियाही,6,913,आवासिय क्षेत्र
इटियाही,6,9999,आवासिय क्षेत्र
इटियाही,6,9999,आवासिय क्षेत्र
इटियाही,6,9999,आवासिय क्षेत्र
इटियाही,6 गाउँ,1,आवासिय क्षेत्र
इटियाही,6 गाउँ,3,आवासिय क्षेत्र
इटियाही,6 गाउँ,4,आवासिय क्षेत्र
इटियाही,6 गाउँ,5,आवासिय क्षेत्र
इटियाही,6 गाउँ,6,आवासिय क्षेत्र
इटियाही,6 गाउँ,7,आवासिय क्षेत्र
इटियाही,6 गाउँ,8,आवासिय क्षेत्र
इटियाही,6 गाउँ,9,आवासिय क्षेत्र
इटियाही,6 गाउँ,10,आवासिय क्षेत्र
इटियाही,6 गाउँ,11,आवासिय क्षेत्र
इटियाही,6 गाउँ,12,आवासिय क्षेत्र
इटियाही,6 गाउँ,13,आवासिय क्षेत्र
इटियाही,6 गाउँ,14,आवासिय क्षेत्र
इटियाही,6 गाउँ,16,आवासिय क्षेत्र
इटियाही,6 गाउँ,18,आवासिय क्षेत्र
इटियाही,6 गाउँ,21,आवासिय क्षेत्र
इटियाही,6 गाउँ,22,आवासिय क्षेत्र
इटियाही,6 गाउँ,23,आवासिय क्षेत्र
इटियाही,6 गाउँ,24,आवासिय क्षेत्र
इटियाही,6 गाउँ,25,आवासिय क्षेत्र
इटियाही,6 गाउँ,26,आवासिय क्षेत्र
इटियाही,6 गाउँ,27,आवासिय क्षेत्र
इटियाही,6 गाउँ,28,आवासिय क्षेत्र
इटियाही,6 गाउँ,9999,आवासिय क्षेत्र
इटियाही,6 नहर,4,आवासिय क्षेत्र
इटियाही,6 नहर,4,आवासिय क्षेत्र
इटियाही,6 नहर,5,आवासिय क्षेत्र
इटियाही,6 नहर,6,आवासिय क्षेत्र
इटियाही,6 नहर,23,आवासिय क्षेत्र
इटियाही,6 नहर,24,आवासिय क्षेत्र
इटियाही,6 नहर,48,सार्वजनिक उपयोग क्षेत्र
इटियाही,6 नहर,103,आवासिय क्षेत्र
इटियाही,6 नहर,196,आवासिय क्षेत्र
इटियाही,6 नहर,224,सार्वजनिक उपयोग क्षेत्र
इटियाही,6 नहर,225,आवासिय क्षेत्र
इटियाही,6 नहर,226,आवासिय क्षेत्र
इटियाही,6 नहर,227,आवासिय क्षेत्र
इटियाही,6 नहर,228,आवासिय क्षेत्र
इटियाही,6 नहर,229,आवासिय क्षेत्र
इटियाही,6 नहर,230,आवासिय क्षेत्र
इटियाही,6 नहर,234,आवासिय क्षेत्र
इटियाही,6 नहर,235,आवासिय क्षेत्र
इटियाही,6 नहर,236,आवासिय क्षेत्र
इटियाही,6 नहर,237,आवासिय क्षेत्र
इटियाही,6 नहर,238,आवासिय क्षेत्र
इटियाही,6 नहर,239,आवासिय क्षेत्र
इटियाही,6 नहर,240,आवासिय क्षेत्र
इटियाही,6 नहर,241,आवासिय क्षेत्र
इटियाही,6 नहर,242,आवासिय क्षेत्र
इटियाही,6 नहर,243,आवासिय क्षेत्र
इटियाही,6 नहर,244,आवासिय क्षेत्र
इटियाही,6 नहर,245,आवासिय क्षेत्र
इटियाही,6 नहर,247,आवासिय क्षेत्र
इटियाही,6 नहर,248,आवासिय क्षेत्र
इटियाही,6 नहर,249,आवासिय क्षेत्र
इटियाही,6 नहर,250,आवासिय क्षेत्र
इटियाही,6 नहर,251,आवासिय क्षेत्र
इटियाही,6 नहर,252,आवासिय क्षेत्र
इटियाही,6 नहर,253,आवासिय क्षेत्र
इटियाही,6 नहर,254,आवासिय क्षेत्र
इटियाही,6 नहर,284,आवासिय क्षेत्र
इटियाही,6 नहर,316,आवासिय क्षेत्र
इटियाही,6 नहर,329,आवासिय क्षेत्र
इटियाही,6 नहर,330,आवासिय क्षेत्र
इटियाही,6 नहर,365,आवासिय क्षेत्र
इटियाही,6 नहर,398,आवासिय क्षेत्र
इटियाही,6 नहर,399,आवासिय क्षेत्र
इटियाही,6 नहर,415,आवासिय क्षेत्र
इटियाही,6 नहर,416,आवासिय क्षेत्र
इटियाही,6 नहर,417,आवासिय क्षेत्र
इटियाही,6 नहर,418,आवासिय क्षेत्र
इटियाही,6 नहर,435,आवासिय क्षेत्र
इटियाही,6 नहर,452,आवासिय क्षेत्र
इटियाही,6 नहर,453,आवासिय क्षेत्र
इटियाही,6 नहर,560,आवासिय क्षेत्र
इटियाही,6 नहर,561,आवासिय क्षेत्र
इटियाही,6 नहर,568,आवासिय क्षेत्र
इटियाही,6 नहर,649,आवासिय क्षेत्र
इटियाही,6 नहर,650,आवासिय क्षेत्र
इटियाही,6 नहर,678,आवासिय क्षेत्र
इटियाही,6 नहर,679,आवासिय क्षेत्र
इटियाही,6 नहर,682,आवासिय क्षेत्र
इटियाही,6 नहर,685,आवासिय क्षेत्र
इटियाही,6 नहर,687,आवासिय क्षेत्र
इटियाही,6 नहर,688,आवासिय क्षेत्र
इटियाही,6 नहर,689,आवासिय क्षेत्र
इटियाही,6 नहर,690,आवासिय क्षेत्र
इटियाही,6 नहर,691,आवासिय क्षेत्र
इटियाही,6 नहर,692,आवासिय क्षेत्र
इटियाही,6 नहर,693,आवासिय क्षेत्र
इटियाही,6 नहर,694,आवासिय क्षेत्र
इटियाही,6 नहर,695,आवासिय क्षेत्र
इटियाही,6 नहर,696,आवासिय क्षेत्र
इटियाही,6 नहर,697,आवासिय क्षेत्र
इटियाही,6 नहर,698,आवासिय क्षेत्र
इटियाही,6 नहर,699,आवासिय क्षेत्र
इटियाही,6 नहर,700,आवासिय क्षेत्र
इटियाही,6 नहर,701,आवासिय क्षेत्र
इटियाही,6 नहर,701,आवासिय क्षेत्र
इटियाही,6 नहर,702,आवासिय क्षेत्र
इटियाही,6 नहर,708,आवासिय क्षेत्र
इटियाही,6 नहर,709,आवासिय क्षेत्र
इटियाही,6 नहर,9969,आवासिय क्षेत्र
इटियाही,6 नहर,9970,आवासिय क्षेत्र
इटियाही,6 नहर,9971,सार्वजनिक उपयोग क्षेत्र
इटियाही,6 नहर,9972,सार्वजनिक उपयोग क्षेत्र
इटियाही,6 नहर,9974,सार्वजनिक उपयोग क्षेत्र
इटियाही,6 नहर,9975,सार्वजनिक उपयोग क्षेत्र
इटियाही,6 नहर,9976,सार्वजनिक उपयोग क्षेत्र
इटियाही,6 नहर,9978,सार्वजनिक उपयोग क्षेत्र
इटियाही,6 नहर,9979,सार्वजनिक उपयोग क्षेत्र
इटियाही,6 नहर,9980,सार्वजनिक उपयोग क्षेत्र
इटियाही,6 नहर,9982,सार्वजनिक उपयोग क्षेत्र
इटियाही,6 नहर,9983,सार्वजनिक उपयोग क्षेत्र
इटियाही,6 नहर,9984,सार्वजनिक उपयोग क्षेत्र
इटियाही,6 नहर,9985,सार्वजनिक उपयोग क्षेत्र
इटियाही,6 नहर,9986,सार्वजनिक उपयोग क्षेत्र
इटियाही,6 नहर,9987,सार्वजनिक उपयोग क्षेत्र
इटियाही,6 नहर,9988,सार्वजनिक उपयोग क्षेत्र
इटियाही,6 नहर,9989,सार्वजनिक उपयोग क्षेत्र
इटियाही,6 नहर,9990,सार्वजनिक उपयोग क्षेत्र
इटियाही,6 नहर,9991,सार्वजनिक उपयोग क्षेत्र
इटियाही,6 नहर,9992,सार्वजनिक उपयोग क्षेत्र
इटियाही,6 नहर,9993,आवासिय क्षेत्र
इटियाही,6 नहर,9994,सार्वजनिक उपयोग क्षेत्र
इटियाही,6 नहर,9995,सार्वजनिक उपयोग क्षेत्र
इटियाही,6 नहर,9996,सार्वजनिक उपयोग क्षेत्र
इटियाही,6 नहर,9997,आवासिय क्षेत्र
इटियाही,6 नहर,9998,आवासिय क्षेत्र
इटियाही,6 नहर,9999,सार्वजनिक उपयोग क्षेत्र
इटियाही,7,1,कृषि क्षेत्र
इटियाही,7,3,कृषि क्षेत्र
इटियाही,7,6,कृषि क्षेत्र
इटियाही,7,7,कृषि क्षेत्र
इटियाही,7,9,कृषि क्षेत्र
इटियाही,7,12,कृषि क्षेत्र
इटियाही,7,15,कृषि क्षेत्र
इटियाही,7,17,आवासिय क्षेत्र
इटियाही,7,19,आवासिय क्षेत्र
इटियाही,7,20,आवासिय क्षेत्र
इटियाही,7,22,आवासिय क्षेत्र
इटियाही,7,23,आवासिय क्षेत्र
इटियाही,7,24,आवासिय क्षेत्र
इटियाही,7,26,आवासिय क्षेत्र
इटियाही,7,27,आवासिय क्षेत्र
इटियाही,7,28,आवासिय क्षेत्र
इटियाही,7,29,आवासिय क्षेत्र
इटियाही,7,30,आवासिय क्षेत्र
इटियाही,7,31,आवासिय क्षेत्र
इटियाही,7,32,आवासिय क्षेत्र
इटियाही,7,33,आवासिय क्षेत्र
इटियाही,7,35,आवासिय क्षेत्र
इटियाही,7,37,कृषि क्षेत्र
इटियाही,7,38,कृषि क्षेत्र
इटियाही,7,39,आवासिय क्षेत्र
इटियाही,7,40,कृषि क्षेत्र
इटियाही,7,42,आवासिय क्षेत्र
इटियाही,7,43,आवासिय क्षेत्र
इटियाही,7,44,आवासिय क्षेत्र
इटियाही,7,45,आवासिय क्षेत्र
इटियाही,7,48,आवासिय क्षेत्र
इटियाही,7,49,आवासिय क्षेत्र
इटियाही,7,50,आवासिय क्षेत्र
इटियाही,7,52,आवासिय क्षेत्र
इटियाही,7,54,आवासिय क्षेत्र
इटियाही,7,55,आवासिय क्षेत्र
इटियाही,7,56,आवासिय क्षेत्र
इटियाही,7,57,आवासिय क्षेत्र
इटियाही,7,58,आवासिय क्षेत्र
इटियाही,7,59,आवासिय क्षेत्र
इटियाही,7,60,आवासिय क्षेत्र
इटियाही,7,61,आवासिय क्षेत्र
इटियाही,7,63,आवासिय क्षेत्र
इटियाही,7,64,कृषि क्षेत्र
इटियाही,7,65,कृषि क्षेत्र
इटियाही,7,68,आवासिय क्षेत्र
इटियाही,7,69,आवासिय क्षेत्र
इटियाही,7,70,आवासिय क्षेत्र
इटियाही,7,71,आवासिय क्षेत्र
इटियाही,7,72,आवासिय क्षेत्र
इटियाही,7,74,आवासिय क्षेत्र
इटियाही,7,75,कृषि क्षेत्र
इटियाही,7,76,कृषि क्षेत्र
इटियाही,7,77,कृषि क्षेत्र
इटियाही,7,79,आवासिय क्षेत्र
इटियाही,7,80,आवासिय क्षेत्र
इटियाही,7,82,कृषि क्षेत्र
इटियाही,7,83,कृषि क्षेत्र
इटियाही,7,84,कृषि क्षेत्र
इटियाही,7,85,कृषि क्षेत्र
इटियाही,7,86,आवासिय क्षेत्र
इटियाही,7,87,आवासिय क्षेत्र
इटियाही,7,90,आवासिय क्षेत्र
इटियाही,7,91,आवासिय क्षेत्र
इटियाही,7,92,आवासिय क्षेत्र
इटियाही,7,93,आवासिय क्षेत्र
इटियाही,7,94,आवासिय क्षेत्र
इटियाही,7,96,आवासिय क्षेत्र
इटियाही,7,97,आवासिय क्षेत्र
इटियाही,7,99,आवासिय क्षेत्र
इटियाही,7,101,आवासिय क्षेत्र
इटियाही,7,102,आवासिय क्षेत्र
इटियाही,7,103,आवासिय क्षेत्र
इटियाही,7,106,आवासिय क्षेत्र
इटियाही,7,107,आवासिय क्षेत्र
इटियाही,7,108,आवासिय क्षेत्र
इटियाही,7,109,आवासिय क्षेत्र
इटियाही,7,110,आवासिय क्षेत्र
इटियाही,7,111,आवासिय क्षेत्र
इटियाही,7,113,आवासिय क्षेत्र
इटियाही,7,114,आवासिय क्षेत्र
इटियाही,7,115,आवासिय क्षेत्र
इटियाही,7,117,आवासिय क्षेत्र
इटियाही,7,119,आवासिय क्षेत्र
इटियाही,7,121,आवासिय क्षेत्र
इटियाही,7,125,आवासिय क्षेत्र
इटियाही,7,127,आवासिय क्षेत्र
इटियाही,7,130,आवासिय क्षेत्र
इटियाही,7,131,आवासिय क्षेत्र
इटियाही,7,132,आवासिय क्षेत्र
इटियाही,7,136,आवासिय क्षेत्र
इटियाही,7,139,आवासिय क्षेत्र
इटियाही,7,141,आवासिय क्षेत्र
इटियाही,7,142,आवासिय क्षेत्र
इटियाही,7,146,आवासिय क्षेत्र
इटियाही,7,149,सार्वजनिक उपयोग क्षेत्र
इटियाही,7,150,कृषि क्षेत्र
इटियाही,7,151,आवासिय क्षेत्र
इटियाही,7,155,आवासिय क्षेत्र
इटियाही,7,156,आवासिय क्षेत्र
इटियाही,7,159,आवासिय क्षेत्र
इटियाही,7,160,आवासिय क्षेत्र
इटियाही,7,161,आवासिय क्षेत्र
इटियाही,7,165,आवासिय क्षेत्र
इटियाही,7,166,आवासिय क्षेत्र
इटियाही,7,167,आवासिय क्षेत्र
इटियाही,7,168,आवासिय क्षेत्र
इटियाही,7,169,आवासिय क्षेत्र
इटियाही,7,171,आवासिय क्षेत्र
इटियाही,7,174,कृषि क्षेत्र
इटियाही,7,175,कृषि क्षेत्र
इटियाही,7,179,आवासिय क्षेत्र
इटियाही,7,180,आवासिय क्षेत्र
इटियाही,7,182,आवासिय क्षेत्र
इटियाही,7,183,आवासिय क्षेत्र
इटियाही,7,184,आवासिय क्षेत्र
इटियाही,7,185,आवासिय क्षेत्र
इटियाही,7,186,आवासिय क्षेत्र
इटियाही,7,229,आवासिय क्षेत्र
इटियाही,7,237,आवासिय क्षेत्र
इटियाही,7,238,आवासिय क्षेत्र
इटियाही,7,239,आवासिय क्षेत्र
इटियाही,7,244,आवासिय क्षेत्र
इटियाही,7,250,आवासिय क्षेत्र
इटियाही,7,252,आवासिय क्षेत्र
इटियाही,7,253,आवासिय क्षेत्र
इटियाही,7,255,आवासिय क्षेत्र
इटियाही,7,256,आवासिय क्षेत्र
इटियाही,7,262,आवासिय क्षेत्र
इटियाही,7,263,आवासिय क्षेत्र
इटियाही,7,269,आवासिय क्षेत्र
इटियाही,7,270,आवासिय क्षेत्र
इटियाही,7,271,आवासिय क्षेत्र
इटियाही,7,273,आवासिय क्षेत्र
इटियाही,7,274,आवासिय क्षेत्र
इटियाही,7,279,आवासिय क्षेत्र
इटियाही,7,280,आवासिय क्षेत्र
इटियाही,7,281,आवासिय क्षेत्र
इटियाही,7,283,आवासिय क्षेत्र
इटियाही,7,284,कृषि क्षेत्र
इटियाही,7,285,कृषि क्षेत्र
इटियाही,7,291,आवासिय क्षेत्र
इटियाही,7,292,आवासिय क्षेत्र
इटियाही,7,294,आवासिय क्षेत्र
इटियाही,7,295,कृषि क्षेत्र
इटियाही,7,306,कृषि क्षेत्र
इटियाही,7,307,आवासिय क्षेत्र
इटियाही,7,312,आवासिय क्षेत्र
इटियाही,7,313,आवासिय क्षेत्र
इटियाही,7,316,आवासिय क्षेत्र
इटियाही,7,319,आवासिय क्षेत्र
इटियाही,7,320,आवासिय क्षेत्र
इटियाही,7,333,आवासिय क्षेत्र
इटियाही,7,334,आवासिय क्षेत्र
इटियाही,7,341,आवासिय क्षेत्र
इटियाही,7,453,कृषि क्षेत्र
इटियाही,7,454,कृषि क्षेत्र
इटियाही,7,457,आवासिय क्षेत्र
इटियाही,7,458,आवासिय क्षेत्र
इटियाही,7,461,आवासिय क्षेत्र
इटियाही,7,462,आवासिय क्षेत्र
इटियाही,7,463,आवासिय क्षेत्र
इटियाही,7,464,आवासिय क्षेत्र
इटियाही,7,468,आवासिय क्षेत्र
इटियाही,7,469,आवासिय क्षेत्र
इटियाही,7,470,आवासिय क्षेत्र
इटियाही,7,474,आवासिय क्षेत्र
इटियाही,7,475,आवासिय क्षेत्र
इटियाही,7,476,आवासिय क्षेत्र
इटियाही,7,477,आवासिय क्षेत्र
इटियाही,7,478,आवासिय क्षेत्र
इटियाही,7,479,आवासिय क्षेत्र
इटियाही,7,480,आवासिय क्षेत्र
इटियाही,7,482,आवासिय क्षेत्र
इटियाही,7,511,आवासिय क्षेत्र
इटियाही,7,512,आवासिय क्षेत्र
इटियाही,7,513,आवासिय क्षेत्र
इटियाही,7,514,आवासिय क्षेत्र
इटियाही,7,519,आवासिय क्षेत्र
इटियाही,7,527,आवासिय क्षेत्र
इटियाही,7,528,आवासिय क्षेत्र
इटियाही,7,539,कृषि क्षेत्र
इटियाही,7,540,कृषि क्षेत्र
इटियाही,7,548,कृषि क्षेत्र
इटियाही,7,568,आवासिय क्षेत्र
इटियाही,7,570,आवासिय क्षेत्र
इटियाही,7,576,कृषि क्षेत्र
इटियाही,7,578,कृषि क्षेत्र
इटियाही,7,583,आवासिय क्षेत्र
इटियाही,7,584,आवासिय क्षेत्र
इटियाही,7,591,आवासिय क्षेत्र
इटियाही,7,592,आवासिय क्षेत्र
इटियाही,7,593,कृषि क्षेत्र
इटियाही,7,595,कृषि क्षेत्र
इटियाही,7,596,कृषि क्षेत्र
इटियाही,7,599,आवासिय क्षेत्र
इटियाही,7,600,आवासिय क्षेत्र
इटियाही,7,601,आवासिय क्षेत्र
इटियाही,7,602,आवासिय क्षेत्र
इटियाही,7,603,आवासिय क्षेत्र
इटियाही,7,611,आवासिय क्षेत्र
इटियाही,7,612,कृषि क्षेत्र
इटियाही,7,613,कृषि क्षेत्र
इटियाही,7,616,आवासिय क्षेत्र
इटियाही,7,620,आवासिय क्षेत्र
इटियाही,7,621,आवासिय क्षेत्र
इटियाही,7,627,आवासिय क्षेत्र
इटियाही,7,628,आवासिय क्षेत्र
इटियाही,7,639,आवासिय क्षेत्र
इटियाही,7,640,आवासिय क्षेत्र
इटियाही,7,646,आवासिय क्षेत्र
इटियाही,7,647,आवासिय क्षेत्र
इटियाही,7,648,कृषि क्षेत्र
इटियाही,7,649,आवासिय क्षेत्र
इटियाही,7,650,कृषि क्षेत्र
इटियाही,7,651,कृषि क्षेत्र
इटियाही,7,654,आवासिय क्षेत्र
इटियाही,7,655,आवासिय क्षेत्र
इटियाही,7,656,कृषि क्षेत्र
इटियाही,7,657,कृषि क्षेत्र
इटियाही,7,660,आवासिय क्षेत्र
इटियाही,7,661,आवासिय क्षेत्र
इटियाही,7,662,कृषि क्षेत्र
इटियाही,7,663,आवासिय क्षेत्र
इटियाही,7,664,कृषि क्षेत्र
इटियाही,7,665,कृषि क्षेत्र
इटियाही,7,666,कृषि क्षेत्र
इटियाही,7,667,कृषि क्षेत्र
इटियाही,7,668,आवासिय क्षेत्र
इटियाही,7,673,आवासिय क्षेत्र
इटियाही,7,674,आवासिय क्षेत्र
इटियाही,7,675,आवासिय क्षेत्र
इटियाही,7,676,आवासिय क्षेत्र
इटियाही,7,677,आवासिय क्षेत्र
इटियाही,7,678,आवासिय क्षेत्र
इटियाही,7,679,आवासिय क्षेत्र
इटियाही,7,680,आवासिय क्षेत्र
इटियाही,7,683,कृषि क्षेत्र
इटियाही,7,684,कृषि क्षेत्र
इटियाही,7,685,कृषि क्षेत्र
इटियाही,7,686,कृषि क्षेत्र
इटियाही,7,687,आवासिय क्षेत्र
इटियाही,7,688,आवासिय क्षेत्र
इटियाही,7,689,आवासिय क्षेत्र
इटियाही,7,690,आवासिय क्षेत्र
इटियाही,7,693,आवासिय क्षेत्र
इटियाही,7,694,आवासिय क्षेत्र
इटियाही,7,695,आवासिय क्षेत्र
इटियाही,7,696,आवासिय क्षेत्र
इटियाही,7,697,आवासिय क्षेत्र
इटियाही,7,698,आवासिय क्षेत्र
इटियाही,7,699,आवासिय क्षेत्र
इटियाही,7,700,आवासिय क्षेत्र
इटियाही,7,701,आवासिय क्षेत्र
इटियाही,7,702,आवासिय क्षेत्र
इटियाही,7,703,आवासिय क्षेत्र
इटियाही,7,704,आवासिय क्षेत्र
इटियाही,7,705,आवासिय क्षेत्र
इटियाही,7,706,आवासिय क्षेत्र
इटियाही,7,707,आवासिय क्षेत्र
इटियाही,7,708,आवासिय क्षेत्र
इटियाही,7,709,आवासिय क्षेत्र
इटियाही,7,710,आवासिय क्षेत्र
इटियाही,7,711,आवासिय क्षेत्र
इटियाही,7,712,आवासिय क्षेत्र
इटियाही,7,713,आवासिय क्षेत्र
इटियाही,7,714,आवासिय क्षेत्र
इटियाही,7,715,आवासिय क्षेत्र
इटियाही,7,716,आवासिय क्षेत्र
इटियाही,7,717,आवासिय क्षेत्र
इटियाही,7,718,आवासिय क्षेत्र
इटियाही,7,719,आवासिय क्षेत्र
इटियाही,7,720,आवासिय क्षेत्र
इटियाही,7,721,आवासिय क्षेत्र
इटियाही,7,722,आवासिय क्षेत्र
इटियाही,7,723,आवासिय क्षेत्र
इटियाही,7,724,आवासिय क्षेत्र
इटियाही,7,725,आवासिय क्षेत्र
इटियाही,7,726,कृषि क्षेत्र
इटियाही,7,727,कृषि क्षेत्र
इटियाही,7,730,कृषि क्षेत्र
इटियाही,7,731,कृषि क्षेत्र
इटियाही,7,732,कृषि क्षेत्र
इटियाही,7,733,कृषि क्षेत्र
इटियाही,7,734,कृषि क्षेत्र
इटियाही,7 गाउँ,1,आवासिय क्षेत्र
इटियाही,7 गाउँ,2,आवासिय क्षेत्र
इटियाही,7 गाउँ,3,आवासिय क्षेत्र
इटियाही,7 गाउँ,4,आवासिय क्षेत्र
इटियाही,7 गाउँ,5,आवासिय क्षेत्र
इटियाही,7 गाउँ,6,आवासिय क्षेत्र
इटियाही,7 गाउँ,7,आवासिय क्षेत्र
इटियाही,7 गाउँ,9,आवासिय क्षेत्र
इटियाही,7 गाउँ,10,आवासिय क्षेत्र
इटियाही,7 गाउँ,12,आवासिय क्षेत्र
इटियाही,7 गाउँ,13,आवासिय क्षेत्र
इटियाही,7 गाउँ,14,आवासिय क्षेत्र
इटियाही,7 गाउँ,15,आवासिय क्षेत्र
इटियाही,7 गाउँ,16,आवासिय क्षेत्र
इटियाही,7 गाउँ,17,आवासिय क्षेत्र
इटियाही,7 गाउँ,19,आवासिय क्षेत्र
इटियाही,7 गाउँ,20,आवासिय क्षेत्र
इटियाही,7 गाउँ,21,आवासिय क्षेत्र
इटियाही,7 गाउँ,23,आवासिय क्षेत्र
इटियाही,7 गाउँ,24,आवासिय क्षेत्र
इटियाही,7 गाउँ,25,आवासिय क्षेत्र
इटियाही,7 गाउँ,26,आवासिय क्षेत्र
इटियाही,7 गाउँ,27,आवासिय क्षेत्र
इटियाही,7 गाउँ,28,आवासिय क्षेत्र
इटियाही,7 गाउँ,29,आवासिय क्षेत्र
इटियाही,7 गाउँ,30,आवासिय क्षेत्र
इटियाही,7 गाउँ,31,आवासिय क्षेत्र
इटियाही,7 गाउँ,32,आवासिय क्षेत्र
इटियाही,7 गाउँ,33,आवासिय क्षेत्र
इटियाही,7 गाउँ,34,आवासिय क्षेत्र
इटियाही,7 गाउँ,35,आवासिय क्षेत्र
इटियाही,7 गाउँ,36,आवासिय क्षेत्र
इटियाही,7 गाउँ,37,आवासिय क्षेत्र
इटियाही,7 गाउँ,38,आवासिय क्षेत्र
इटियाही,7 गाउँ,40,आवासिय क्षेत्र
इटियाही,7 गाउँ,41,आवासिय क्षेत्र
इटियाही,7 गाउँ,43,आवासिय क्षेत्र
इटियाही,7 गाउँ,44,आवासिय क्षेत्र
इटियाही,7 गाउँ,45,आवासिय क्षेत्र
इटियाही,7 गाउँ,46,आवासिय क्षेत्र
इटियाही,7 गाउँ,47,आवासिय क्षेत्र
इटियाही,7 गाउँ,48,आवासिय क्षेत्र
इटियाही,7 गाउँ,49,आवासिय क्षेत्र
इटियाही,7 गाउँ,50,आवासिय क्षेत्र
इटियाही,7 गाउँ,51,आवासिय क्षेत्र
इटियाही,7 गाउँ,52,आवासिय क्षेत्र
इटियाही,7 गाउँ,53,आवासिय क्षेत्र
इटियाही,7 गाउँ,54,आवासिय क्षेत्र
इटियाही,7 गाउँ,55,आवासिय क्षेत्र
इटियाही,7 गाउँ,57,आवासिय क्षेत्र
इटियाही,7 गाउँ,58,आवासिय क्षेत्र
इटियाही,7 गाउँ,59,आवासिय क्षेत्र
इटियाही,7 गाउँ,64,आवासिय क्षेत्र
इटियाही,7 गाउँ,65,आवासिय क्षेत्र
इटियाही,7 गाउँ,66,आवासिय क्षेत्र
इटियाही,7 गाउँ,67,आवासिय क्षेत्र
इटियाही,7 गाउँ,68,आवासिय क्षेत्र
इटियाही,7 गाउँ,69,आवासिय क्षेत्र
इटियाही,7 गाउँ,76,आवासिय क्षेत्र
इटियाही,7 गाउँ,77,आवासिय क्षेत्र
इटियाही,7 गाउँ,78,आवासिय क्षेत्र
इटियाही,7 गाउँ,79,आवासिय क्षेत्र
इटियाही,7 गाउँ,80,आवासिय क्षेत्र
इटियाही,7 गाउँ,81,आवासिय क्षेत्र
इटियाही,7 नहर,57,आवासिय क्षेत्र
इटियाही,7 नहर,110,आवासिय क्षेत्र
इटियाही,7 नहर,114,आवासिय क्षेत्र
इटियाही,7 नहर,116,आवासिय क्षेत्र
इटियाही,7 नहर,184,आवासिय क्षेत्र
इटियाही,7 नहर,189,सार्वजनिक उपयोग क्षेत्र
इटियाही,7 नहर,191,आवासिय क्षेत्र
इटियाही,7 नहर,194,आवासिय क्षेत्र
इटियाही,7 नहर,196,आवासिय क्षेत्र
इटियाही,7 नहर,199,आवासिय क्षेत्र
इटियाही,7 नहर,201,आवासिय क्षेत्र
इटियाही,7 नहर,202,आवासिय क्षेत्र
इटियाही,7 नहर,203,आवासिय क्षेत्र
इटियाही,7 नहर,204,आवासिय क्षेत्र
इटियाही,7 नहर,206,आवासिय क्षेत्र
इटियाही,7 नहर,207,आवासिय क्षेत्र
इटियाही,7 नहर,208,आवासिय क्षेत्र
इटियाही,7 नहर,211,आवासिय क्षेत्र
इटियाही,7 नहर,213,आवासिय क्षेत्र
इटियाही,7 नहर,214,आवासिय क्षेत्र
इटियाही,7 नहर,216,आवासिय क्षेत्र
इटियाही,7 नहर,218,आवासिय क्षेत्र
इटियाही,7 नहर,219,आवासिय क्षेत्र
इटियाही,7 नहर,220,आवासिय क्षेत्र
इटियाही,7 नहर,220,आवासिय क्षेत्र
इटियाही,7 नहर,222,आवासिय क्षेत्र
इटियाही,7 नहर,223,आवासिय क्षेत्र
इटियाही,7 नहर,224,आवासिय क्षेत्र
इटियाही,7 नहर,275,आवासिय क्षेत्र
इटियाही,7 नहर,277,आवासिय क्षेत्र
इटियाही,7 नहर,278,आवासिय क्षेत्र
इटियाही,7 नहर,297,आवासिय क्षेत्र
इटियाही,7 नहर,298,आवासिय क्षेत्र
इटियाही,7 नहर,299,आवासिय क्षेत्र
इटियाही,7 नहर,301,आवासिय क्षेत्र
इटियाही,7 नहर,302,आवासिय क्षेत्र
इटियाही,7 नहर,328,आवासिय क्षेत्र
इटियाही,7 नहर,329,आवासिय क्षेत्र
इटियाही,7 नहर,451,आवासिय क्षेत्र
इटियाही,7 नहर,459,आवासिय क्षेत्र
इटियाही,7 नहर,483,आवासिय क्षेत्र
इटियाही,7 नहर,484,आवासिय क्षेत्र
इटियाही,7 नहर,529,आवासिय क्षेत्र
इटियाही,7 नहर,530,आवासिय क्षेत्र
इटियाही,7 नहर,545,आवासिय क्षेत्र
इटियाही,7 नहर,571,आवासिय क्षेत्र
इटियाही,7 नहर,572,आवासिय क्षेत्र
इटियाही,7 नहर,581,आवासिय क्षेत्र
इटियाही,7 नहर,582,आवासिय क्षेत्र
इटियाही,7 नहर,587,आवासिय क्षेत्र
इटियाही,7 नहर,588,आवासिय क्षेत्र
इटियाही,7 नहर,604,आवासिय क्षेत्र
इटियाही,7 नहर,605,आवासिय क्षेत्र
इटियाही,7 नहर,625,आवासिय क्षेत्र
इटियाही,7 नहर,629,आवासिय क्षेत्र
इटियाही,7 नहर,630,आवासिय क्षेत्र
इटियाही,7 नहर,631,आवासिय क्षेत्र
इटियाही,7 नहर,632,आवासिय क्षेत्र
इटियाही,7 नहर,641,आवासिय क्षेत्र
इटियाही,7 नहर,652,आवासिय क्षेत्र
इटियाही,7 नहर,653,आवासिय क्षेत्र
इटियाही,7 नहर,658,आवासिय क्षेत्र
इटियाही,7 नहर,659,आवासिय क्षेत्र
इटियाही,7 नहर,669,आवासिय क्षेत्र
इटियाही,7 नहर,671,आवासिय क्षेत्र
इटियाही,7 नहर,672,आवासिय क्षेत्र
इटियाही,7 नहर,681,आवासिय क्षेत्र
इटियाही,7 नहर,682,आवासिय क्षेत्र
इटियाही,7 नहर,728,आवासिय क्षेत्र
इटियाही,7 नहर,729,आवासिय क्षेत्र
इटियाही,7 नहर,9997,सार्वजनिक उपयोग क्षेत्र
इटियाही,7 नहर,9998,आवासिय क्षेत्र
इटियाही,7 नहर,9999,आवासिय क्षेत्र
इटियाही,7 नहर,9999,आवासिय क्षेत्र
इटियाही,8,1,आवासिय क्षेत्र
इटियाही,8,2,आवासिय क्षेत्र
इटियाही,8,3,आवासिय क्षेत्र
इटियाही,8,4,आवासिय क्षेत्र
इटियाही,8,5,आवासिय क्षेत्र
इटियाही,8,6,आवासिय क्षेत्र
इटियाही,8,7,आवासिय क्षेत्र
इटियाही,8,8,आवासिय क्षेत्र
इटियाही,8,9,आवासिय क्षेत्र
इटियाही,8,12,आवासिय क्षेत्र
इटियाही,8,12,आवासिय क्षेत्र
इटियाही,8,12,आवासिय क्षेत्र
इटियाही,8,12,आवासिय क्षेत्र
इटियाही,8,13,आवासिय क्षेत्र
इटियाही,8,14,आवासिय क्षेत्र
इटियाही,8,15,आवासिय क्षेत्र
इटियाही,8,17,आवासिय क्षेत्र
इटियाही,8,19,आवासिय क्षेत्र
इटियाही,8,22,आवासिय क्षेत्र
इटियाही,8,23,आवासिय क्षेत्र
इटियाही,8,24,आवासिय क्षेत्र
इटियाही,8,25,आवासिय क्षेत्र
इटियाही,8,26,आवासिय क्षेत्र
इटियाही,8,27,आवासिय क्षेत्र
इटियाही,8,28,आवासिय क्षेत्र
इटियाही,8,29,आवासिय क्षेत्र
इटियाही,8,30,आवासिय क्षेत्र
इटियाही,8,32,आवासिय क्षेत्र
इटियाही,8,33,आवासिय क्षेत्र
इटियाही,8,34,आवासिय क्षेत्र
इटियाही,8,35,आवासिय क्षेत्र
इटियाही,8,37,आवासिय क्षेत्र
इटियाही,8,39,आवासिय क्षेत्र
इटियाही,8,41,आवासिय क्षेत्र
इटियाही,8,42,आवासिय क्षेत्र
इटियाही,8,45,आवासिय क्षेत्र
इटियाही,8,46,आवासिय क्षेत्र
इटियाही,8,48,आवासिय क्षेत्र
इटियाही,8,51,आवासिय क्षेत्र
इटियाही,8,52,आवासिय क्षेत्र
इटियाही,8,58,आवासिय क्षेत्र
इटियाही,8,59,आवासिय क्षेत्र
इटियाही,8,62,आवासिय क्षेत्र
इटियाही,8,63,आवासिय क्षेत्र
इटियाही,8,65,आवासिय क्षेत्र
इटियाही,8,66,आवासिय क्षेत्र
इटियाही,8,67,आवासिय क्षेत्र
इटियाही,8,70,आवासिय क्षेत्र
इटियाही,8,72,आवासिय क्षेत्र
इटियाही,8,74,आवासिय क्षेत्र
इटियाही,8,75,आवासिय क्षेत्र
इटियाही,8,76,आवासिय क्षेत्र
इटियाही,8,77,आवासिय क्षेत्र
इटियाही,8,78,आवासिय क्षेत्र
इटियाही,8,79,आवासिय क्षेत्र
इटियाही,8,80,आवासिय क्षेत्र
इटियाही,8,81,आवासिय क्षेत्र
इटियाही,8,82,आवासिय क्षेत्र
इटियाही,8,84,आवासिय क्षेत्र
इटियाही,8,85,आवासिय क्षेत्र
इटियाही,8,86,आवासिय क्षेत्र
इटियाही,8,88,आवासिय क्षेत्र
इटियाही,8,89,आवासिय क्षेत्र
इटियाही,8,90,आवासिय क्षेत्र
इटियाही,8,91,आवासिय क्षेत्र
इटियाही,8,92,आवासिय क्षेत्र
इटियाही,8,93,आवासिय क्षेत्र
इटियाही,8,95,आवासिय क्षेत्र
इटियाही,8,96,आवासिय क्षेत्र
इटियाही,8,97,आवासिय क्षेत्र
इटियाही,8,98,आवासिय क्षेत्र
इटियाही,8,99,आवासिय क्षेत्र
इटियाही,8,103,आवासिय क्षेत्र
इटियाही,8,104,आवासिय क्षेत्र
इटियाही,8,105,आवासिय क्षेत्र
इटियाही,8,106,आवासिय क्षेत्र
इटियाही,8,107,आवासिय क्षेत्र
इटियाही,8,108,आवासिय क्षेत्र
इटियाही,8,112,आवासिय क्षेत्र
इटियाही,8,113,आवासिय क्षेत्र
इटियाही,8,114,आवासिय क्षेत्र
इटियाही,8,115,आवासिय क्षेत्र
इटियाही,8,119,आवासिय क्षेत्र
इटियाही,8,121,आवासिय क्षेत्र
इटियाही,8,124,आवासिय क्षेत्र
इटियाही,8,125,आवासिय क्षेत्र
इटियाही,8,126,आवासिय क्षेत्र
इटियाही,8,129,आवासिय क्षेत्र
इटियाही,8,132,आवासिय क्षेत्र
इटियाही,8,133,आवासिय क्षेत्र
इटियाही,8,135,आवासिय क्षेत्र
इटियाही,8,137,आवासिय क्षेत्र
इटियाही,8,139,आवासिय क्षेत्र
इटियाही,8,141,आवासिय क्षेत्र
इटियाही,8,142,आवासिय क्षेत्र
इटियाही,8,143,आवासिय क्षेत्र
इटियाही,8,144,आवासिय क्षेत्र
इटियाही,8,145,आवासिय क्षेत्र
इटियाही,8,147,आवासिय क्षेत्र
इटियाही,8,148,आवासिय क्षेत्र
इटियाही,8,149,आवासिय क्षेत्र
इटियाही,8,155,आवासिय क्षेत्र
इटियाही,8,156,आवासिय क्षेत्र
इटियाही,8,157,आवासिय क्षेत्र
इटियाही,8,163,आवासिय क्षेत्र
इटियाही,8,165,आवासिय क्षेत्र
इटियाही,8,168,आवासिय क्षेत्र
इटियाही,8,169,आवासिय क्षेत्र
इटियाही,8,170,आवासिय क्षेत्र
इटियाही,8,172,आवासिय क्षेत्र
इटियाही,8,185,आवासिय क्षेत्र
इटियाही,8,193,आवासिय क्षेत्र
इटियाही,8,195,आवासिय क्षेत्र
इटियाही,8,197,आवासिय क्षेत्र
इटियाही,8,208,आवासिय क्षेत्र
इटियाही,8,209,आवासिय क्षेत्र
इटियाही,8,216,आवासिय क्षेत्र
इटियाही,8,222,आवासिय क्षेत्र
इटियाही,8,223,आवासिय क्षेत्र
इटियाही,8,225,आवासिय क्षेत्र
इटियाही,8,232,आवासिय क्षेत्र
इटियाही,8,248,आवासिय क्षेत्र
इटियाही,8,262,आवासिय क्षेत्र
इटियाही,8,268,आवासिय क्षेत्र
इटियाही,8,269,आवासिय क्षेत्र
इटियाही,8,271,आवासिय क्षेत्र
इटियाही,8,273,आवासिय क्षेत्र
इटियाही,8,274,आवासिय क्षेत्र
इटियाही,8,275,आवासिय क्षेत्र
इटियाही,8,276,आवासिय क्षेत्र
इटियाही,8,280,आवासिय क्षेत्र
इटियाही,8,281,आवासिय क्षेत्र
इटियाही,8,282,आवासिय क्षेत्र
इटियाही,8,283,आवासिय क्षेत्र
इटियाही,8,284,आवासिय क्षेत्र
इटियाही,8,285,आवासिय क्षेत्र
इटियाही,8,292,आवासिय क्षेत्र
इटियाही,8,296,आवासिय क्षेत्र
इटियाही,8,300,आवासिय क्षेत्र
इटियाही,8,301,आवासिय क्षेत्र
इटियाही,8,302,आवासिय क्षेत्र
इटियाही,8,303,आवासिय क्षेत्र
इटियाही,8,304,आवासिय क्षेत्र
इटियाही,8,378,आवासिय क्षेत्र
इटियाही,8,384,आवासिय क्षेत्र
इटियाही,8,392,आवासिय क्षेत्र
इटियाही,8,393,आवासिय क्षेत्र
इटियाही,8,418,आवासिय क्षेत्र
इटियाही,8,419,आवासिय क्षेत्र
इटियाही,8,420,आवासिय क्षेत्र
इटियाही,8,434,आवासिय क्षेत्र
इटियाही,8,435,आवासिय क्षेत्र
इटियाही,8,451,आवासिय क्षेत्र
इटियाही,8,452,आवासिय क्षेत्र
इटियाही,8,453,आवासिय क्षेत्र
इटियाही,8,517,आवासिय क्षेत्र
इटियाही,8,518,आवासिय क्षेत्र
इटियाही,8,519,आवासिय क्षेत्र
इटियाही,8,521,आवासिय क्षेत्र
इटियाही,8,523,आवासिय क्षेत्र
इटियाही,8,525,आवासिय क्षेत्र
इटियाही,8,526,आवासिय क्षेत्र
इटियाही,8,527,आवासिय क्षेत्र
इटियाही,8,528,आवासिय क्षेत्र
इटियाही,8,529,आवासिय क्षेत्र
इटियाही,8,530,आवासिय क्षेत्र
इटियाही,8,531,आवासिय क्षेत्र
इटियाही,8,532,आवासिय क्षेत्र
इटियाही,8,533,आवासिय क्षेत्र
इटियाही,8,534,आवासिय क्षेत्र
इटियाही,8,535,आवासिय क्षेत्र
इटियाही,8,536,आवासिय क्षेत्र
इटियाही,8,537,आवासिय क्षेत्र
इटियाही,8,538,आवासिय क्षेत्र
इटियाही,8,539,आवासिय क्षेत्र
इटियाही,8,540,आवासिय क्षेत्र
इटियाही,8,541,आवासिय क्षेत्र
इटियाही,8,542,आवासिय क्षेत्र
इटियाही,8,543,आवासिय क्षेत्र
इटियाही,8,544,आवासिय क्षेत्र
इटियाही,8,545,आवासिय क्षेत्र
इटियाही,8,546,आवासिय क्षेत्र
इटियाही,8,549,आवासिय क्षेत्र
इटियाही,8,552,आवासिय क्षेत्र
इटियाही,8,553,आवासिय क्षेत्र
इटियाही,8,554,आवासिय क्षेत्र
इटियाही,8,561,आवासिय क्षेत्र
इटियाही,8,563,आवासिय क्षेत्र
इटियाही,8,565,आवासिय क्षेत्र
इटियाही,8,566,आवासिय क्षेत्र
इटियाही,8,568,आवासिय क्षेत्र
इटियाही,8,569,आवासिय क्षेत्र
इटियाही,8,570,आवासिय क्षेत्र
इटियाही,8,571,आवासिय क्षेत्र
इटियाही,8,574,आवासिय क्षेत्र
इटियाही,8,575,आवासिय क्षेत्र
इटियाही,8,576,आवासिय क्षेत्र
इटियाही,8,577,आवासिय क्षेत्र
इटियाही,8,579,आवासिय क्षेत्र
इटियाही,8,580,आवासिय क्षेत्र
इटियाही,8,581,आवासिय क्षेत्र
इटियाही,8,582,आवासिय क्षेत्र
इटियाही,8,583,आवासिय क्षेत्र
इटियाही,8,584,आवासिय क्षेत्र
इटियाही,8,585,आवासिय क्षेत्र
इटियाही,8,586,आवासिय क्षेत्र
इटियाही,8,587,आवासिय क्षेत्र
इटियाही,8,588,आवासिय क्षेत्र
इटियाही,8,590,आवासिय क्षेत्र
इटियाही,8,591,आवासिय क्षेत्र
इटियाही,8,592,आवासिय क्षेत्र
इटियाही,8,593,आवासिय क्षेत्र
इटियाही,8,594,आवासिय क्षेत्र
इटियाही,8,595,आवासिय क्षेत्र
इटियाही,8,596,आवासिय क्षेत्र
इटियाही,8,597,आवासिय क्षेत्र
इटियाही,8,598,आवासिय क्षेत्र
इटियाही,8,599,आवासिय क्षेत्र
इटियाही,8,600,आवासिय क्षेत्र
इटियाही,8,601,आवासिय क्षेत्र
इटियाही,8,602,आवासिय क्षेत्र
इटियाही,8,603,आवासिय क्षेत्र
इटियाही,8,608,आवासिय क्षेत्र
इटियाही,8,609,आवासिय क्षेत्र
इटियाही,8,610,आवासिय क्षेत्र
इटियाही,8,611,आवासिय क्षेत्र
इटियाही,8,612,आवासिय क्षेत्र
इटियाही,8,613,आवासिय क्षेत्र
इटियाही,8,614,आवासिय क्षेत्र
इटियाही,8,615,आवासिय क्षेत्र
इटियाही,8,616,आवासिय क्षेत्र
इटियाही,8,617,आवासिय क्षेत्र
इटियाही,8,618,आवासिय क्षेत्र
इटियाही,8,619,आवासिय क्षेत्र
इटियाही,8,622,आवासिय क्षेत्र
इटियाही,8,623,आवासिय क्षेत्र
इटियाही,8,626,आवासिय क्षेत्र
इटियाही,8,627,आवासिय क्षेत्र
इटियाही,8,631,आवासिय क्षेत्र
इटियाही,8,632,आवासिय क्षेत्र
इटियाही,8,633,आवासिय क्षेत्र
इटियाही,8,634,आवासिय क्षेत्र
इटियाही,8,635,आवासिय क्षेत्र
इटियाही,8,636,आवासिय क्षेत्र
इटियाही,8,637,आवासिय क्षेत्र
इटियाही,8,638,आवासिय क्षेत्र
इटियाही,8,639,आवासिय क्षेत्र
इटियाही,8,641,आवासिय क्षेत्र
इटियाही,8,642,आवासिय क्षेत्र
इटियाही,8,643,आवासिय क्षेत्र
इटियाही,8,644,आवासिय क्षेत्र
इटियाही,8,645,आवासिय क्षेत्र
इटियाही,8,648,आवासिय क्षेत्र
इटियाही,8,649,आवासिय क्षेत्र
इटियाही,8,650,आवासिय क्षेत्र
इटियाही,8,651,आवासिय क्षेत्र
इटियाही,8,652,आवासिय क्षेत्र
इटियाही,8,653,आवासिय क्षेत्र
इटियाही,8,654,आवासिय क्षेत्र
इटियाही,8,655,आवासिय क्षेत्र
इटियाही,8,656,आवासिय क्षेत्र
इटियाही,8,659,आवासिय क्षेत्र
इटियाही,8,660,आवासिय क्षेत्र
इटियाही,8,664,आवासिय क्षेत्र
इटियाही,8,665,आवासिय क्षेत्र
इटियाही,8,666,आवासिय क्षेत्र
इटियाही,8,667,आवासिय क्षेत्र
इटियाही,8,668,आवासिय क्षेत्र
इटियाही,8,669,आवासिय क्षेत्र
इटियाही,8,670,आवासिय क्षेत्र
इटियाही,8,671,आवासिय क्षेत्र
इटियाही,8,672,आवासिय क्षेत्र
इटियाही,8,673,आवासिय क्षेत्र
इटियाही,8,674,आवासिय क्षेत्र
इटियाही,8,675,आवासिय क्षेत्र
इटियाही,8,676,आवासिय क्षेत्र
इटियाही,8,677,आवासिय क्षेत्र
इटियाही,8,678,आवासिय क्षेत्र
इटियाही,8,679,आवासिय क्षेत्र
इटियाही,8,680,आवासिय क्षेत्र
इटियाही,8,681,आवासिय क्षेत्र
इटियाही,8,682,आवासिय क्षेत्र
इटियाही,8,683,आवासिय क्षेत्र
इटियाही,8,684,आवासिय क्षेत्र
इटियाही,8,685,आवासिय क्षेत्र
इटियाही,8,686,आवासिय क्षेत्र
इटियाही,8,687,आवासिय क्षेत्र
इटियाही,8,688,आवासिय क्षेत्र
इटियाही,8,689,आवासिय क्षेत्र
इटियाही,8,690,आवासिय क्षेत्र
इटियाही,8,691,आवासिय क्षेत्र
इटियाही,8,692,आवासिय क्षेत्र
इटियाही,8,693,आवासिय क्षेत्र
इटियाही,8,694,आवासिय क्षेत्र
इटियाही,8,695,आवासिय क्षेत्र
इटियाही,8,696,आवासिय क्षेत्र
इटियाही,8,697,आवासिय क्षेत्र
इटियाही,8,698,आवासिय क्षेत्र
इटियाही,8,699,आवासिय क्षेत्र
इटियाही,8,700,आवासिय क्षेत्र
इटियाही,8,701,आवासिय क्षेत्र
इटियाही,8,702,आवासिय क्षेत्र
इटियाही,8,703,आवासिय क्षेत्र
इटियाही,8,704,आवासिय क्षेत्र
इटियाही,8,705,आवासिय क्षेत्र
इटियाही,8,706,आवासिय क्षेत्र
इटियाही,8,707,आवासिय क्षेत्र
इटियाही,8,709,आवासिय क्षेत्र
इटियाही,8,710,आवासिय क्षेत्र
इटियाही,8,710,आवासिय क्षेत्र
इटियाही,8,711,आवासिय क्षेत्र
इटियाही,8,715,आवासिय क्षेत्र
इटियाही,8,716,आवासिय क्षेत्र
इटियाही,8,99985,आवासिय क्षेत्र
इटियाही,8,99999,"नदी, खोला, ताल, सिमसार क्षेत्र"
इटियाही,8,269640,आवासिय क्षेत्र
इटियाही,8 गाउँ,1,आवासिय क्षेत्र
इटियाही,8 गाउँ,2,आवासिय क्षेत्र
इटियाही,8 गाउँ,3,आवासिय क्षेत्र
इटियाही,8 गाउँ,4,आवासिय क्षेत्र
इटियाही,8 गाउँ,5,आवासिय क्षेत्र
इटियाही,8 गाउँ,6,आवासिय क्षेत्र
इटियाही,8 गाउँ,7,आवासिय क्षेत्र
इटियाही,8 गाउँ,9,आवासिय क्षेत्र
इटियाही,8 गाउँ,10,आवासिय क्षेत्र
इटियाही,8 गाउँ,11,आवासिय क्षेत्र
इटियाही,8 गाउँ,12,आवासिय क्षेत्र
इटियाही,8 गाउँ,13,आवासिय क्षेत्र
इटियाही,8 गाउँ,14,आवासिय क्षेत्र
इटियाही,8 गाउँ,15,आवासिय क्षेत्र
इटियाही,8 गाउँ,16,आवासिय क्षेत्र
इटियाही,8 गाउँ,17,आवासिय क्षेत्र
इटियाही,8 गाउँ,18,आवासिय क्षेत्र
इटियाही,8 गाउँ,19,आवासिय क्षेत्र
इटियाही,8 गाउँ,20,आवासिय क्षेत्र
इटियाही,8 गाउँ,21,आवासिय क्षेत्र
इटियाही,8 गाउँ,22,आवासिय क्षेत्र
इटियाही,8 गाउँ,23,आवासिय क्षेत्र
इटियाही,8 गाउँ,24,आवासिय क्षेत्र
इटियाही,8 गाउँ,25,आवासिय क्षेत्र
इटियाही,8 गाउँ,26,आवासिय क्षेत्र
इटियाही,8 गाउँ,28,आवासिय क्षेत्र
इटियाही,8 गाउँ,29,आवासिय क्षेत्र
इटियाही,8 गाउँ,30,आवासिय क्षेत्र
इटियाही,8 गाउँ,31,आवासिय क्षेत्र
इटियाही,8 गाउँ,32,आवासिय क्षेत्र
इटियाही,8 गाउँ,33,आवासिय क्षेत्र
इटियाही,9,6,आवासिय क्षेत्र
इटियाही,9,8,आवासिय क्षेत्र
इटियाही,9,9,आवासिय क्षेत्र
इटियाही,9,9,आवासिय क्षेत्र
इटियाही,9,10,आवासिय क्षेत्र
इटियाही,9,11,आवासिय क्षेत्र
इटियाही,9,12,आवासिय क्षेत्र
इटियाही,9,14,आवासिय क्षेत्र
इटियाही,9,15,आवासिय क्षेत्र
इटियाही,9,21,आवासिय क्षेत्र
इटियाही,9,23,आवासिय क्षेत्र
इटियाही,9,26,आवासिय क्षेत्र
इटियाही,9,29,आवासिय क्षेत्र
इटियाही,9,30,आवासिय क्षेत्र
इटियाही,9,31,आवासिय क्षेत्र
इटियाही,9,37,आवासिय क्षेत्र
इटियाही,9,39,आवासिय क्षेत्र
इटियाही,9,41,आवासिय क्षेत्र
इटियाही,9,42,आवासिय क्षेत्र
इटियाही,9,43,आवासिय क्षेत्र
इटियाही,9,44,आवासिय क्षेत्र
इटियाही,9,45,आवासिय क्षेत्र
इटियाही,9,46,आवासिय क्षेत्र
इटियाही,9,48,आवासिय क्षेत्र
इटियाही,9,50,आवासिय क्षेत्र
इटियाही,9,53,आवासिय क्षेत्र
इटियाही,9,54,आवासिय क्षेत्र
इटियाही,9,55,आवासिय क्षेत्र
इटियाही,9,57,आवासिय क्षेत्र
इटियाही,9,58,आवासिय क्षेत्र
इटियाही,9,59,आवासिय क्षेत्र
इटियाही,9,60,आवासिय क्षेत्र
इटियाही,9,62,आवासिय क्षेत्र
इटियाही,9,63,आवासिय क्षेत्र
इटियाही,9,64,आवासिय क्षेत्र
इटियाही,9,65,आवासिय क्षेत्र
इटियाही,9,66,आवासिय क्षेत्र
इटियाही,9,69,आवासिय क्षेत्र
इटियाही,9,71,आवासिय क्षेत्र
इटियाही,9,72,आवासिय क्षेत्र
इटियाही,9,73,आवासिय क्षेत्र
इटियाही,9,74,आवासिय क्षेत्र
इटियाही,9,75,आवासिय क्षेत्र
इटियाही,9,76,आवासिय क्षेत्र
इटियाही,9,76,आवासिय क्षेत्र
इटियाही,9,77,आवासिय क्षेत्र
इटियाही,9,81,आवासिय क्षेत्र
इटियाही,9,83,आवासिय क्षेत्र
इटियाही,9,84,आवासिय क्षेत्र
इटियाही,9,86,आवासिय क्षेत्र
इटियाही,9,89,आवासिय क्षेत्र
इटियाही,9,93,आवासिय क्षेत्र
इटियाही,9,94,आवासिय क्षेत्र
इटियाही,9,95,आवासिय क्षेत्र
इटियाही,9,101,आवासिय क्षेत्र
इटियाही,9,102,आवासिय क्षेत्र
इटियाही,9,104,आवासिय क्षेत्र
इटियाही,9,105,आवासिय क्षेत्र
इटियाही,9,107,आवासिय क्षेत्र
इटियाही,9,112,आवासिय क्षेत्र
इटियाही,9,116,आवासिय क्षेत्र
इटियाही,9,124,आवासिय क्षेत्र
इटियाही,9,128,आवासिय क्षेत्र
इटियाही,9,134,आवासिय क्षेत्र
इटियाही,9,135,आवासिय क्षेत्र
इटियाही,9,137,आवासिय क्षेत्र
इटियाही,9,140,आवासिय क्षेत्र
इटियाही,9,146,आवासिय क्षेत्र
इटियाही,9,148,आवासिय क्षेत्र
इटियाही,9,149,आवासिय क्षेत्र
इटियाही,9,151,आवासिय क्षेत्र
इटियाही,9,154,आवासिय क्षेत्र
इटियाही,9,157,आवासिय क्षेत्र
इटियाही,9,163,आवासिय क्षेत्र
इटियाही,9,165,आवासिय क्षेत्र
इटियाही,9,169,आवासिय क्षेत्र
इटियाही,9,175,आवासिय क्षेत्र
इटियाही,9,177,आवासिय क्षेत्र
इटियाही,9,178,आवासिय क्षेत्र
इटियाही,9,178,आवासिय क्षेत्र
इटियाही,9,182,आवासिय क्षेत्र
इटियाही,9,183,आवासिय क्षेत्र
इटियाही,9,185,आवासिय क्षेत्र
इटियाही,9,186,आवासिय क्षेत्र
इटियाही,9,187,आवासिय क्षेत्र
इटियाही,9,188,आवासिय क्षेत्र
इटियाही,9,189,आवासिय क्षेत्र
इटियाही,9,193,आवासिय क्षेत्र
इटियाही,9,196,आवासिय क्षेत्र
इटियाही,9,197,आवासिय क्षेत्र
इटियाही,9,199,आवासिय क्षेत्र
इटियाही,9,200,आवासिय क्षेत्र
इटियाही,9,201,आवासिय क्षेत्र
इटियाही,9,235,आवासिय क्षेत्र
इटियाही,9,237,आवासिय क्षेत्र
इटियाही,9,244,आवासिय क्षेत्र
इटियाही,9,253,आवासिय क्षेत्र
इटियाही,9,254,आवासिय क्षेत्र
इटियाही,9,263,आवासिय क्षेत्र
इटियाही,9,265,आवासिय क्षेत्र
इटियाही,9,266,आवासिय क्षेत्र
इटियाही,9,268,आवासिय क्षेत्र
इटियाही,9,269,आवासिय क्षेत्र
इटियाही,9,270,आवासिय क्षेत्र
इटियाही,9,273,आवासिय क्षेत्र
इटियाही,9,274,आवासिय क्षेत्र
इटियाही,9,299,आवासिय क्षेत्र
इटियाही,9,300,आवासिय क्षेत्र
इटियाही,9,301,आवासिय क्षेत्र
इटियाही,9,302,आवासिय क्षेत्र
इटियाही,9,304,आवासिय क्षेत्र
इटियाही,9,308,आवासिय क्षेत्र
इटियाही,9,309,आवासिय क्षेत्र
इटियाही,9,310,आवासिय क्षेत्र
इटियाही,9,311,आवासिय क्षेत्र
इटियाही,9,312,आवासिय क्षेत्र
इटियाही,9,313,आवासिय क्षेत्र
इटियाही,9,314,आवासिय क्षेत्र
इटियाही,9,315,आवासिय क्षेत्र
इटियाही,9,328,आवासिय क्षेत्र
इटियाही,9,329,आवासिय क्षेत्र
इटियाही,9,337,आवासिय क्षेत्र
इटियाही,9,338,आवासिय क्षेत्र
इटियाही,9,341,आवासिय क्षेत्र
इटियाही,9,343,आवासिय क्षेत्र
इटियाही,9,355,आवासिय क्षेत्र
इटियाही,9,397,आवासिय क्षेत्र
इटियाही,9,398,आवासिय क्षेत्र
इटियाही,9,399,आवासिय क्षेत्र
इटियाही,9,400,आवासिय क्षेत्र
इटियाही,9,401,आवासिय क्षेत्र
इटियाही,9,402,आवासिय क्षेत्र
इटियाही,9,403,आवासिय क्षेत्र
इटियाही,9,407,आवासिय क्षेत्र
इटियाही,9,408,आवासिय क्षेत्र
इटियाही,9,415,आवासिय क्षेत्र
इटियाही,9,416,आवासिय क्षेत्र
इटियाही,9,418,आवासिय क्षेत्र
इटियाही,9,420,आवासिय क्षेत्र
इटियाही,9,421,आवासिय क्षेत्र
इटियाही,9,422,आवासिय क्षेत्र
इटियाही,9,423,आवासिय क्षेत्र
इटियाही,9,424,आवासिय क्षेत्र
इटियाही,9,427,आवासिय क्षेत्र
इटियाही,9,429,आवासिय क्षेत्र
इटियाही,9,438,आवासिय क्षेत्र
इटियाही,9,439,आवासिय क्षेत्र
इटियाही,9,449,आवासिय क्षेत्र
इटियाही,9,450,आवासिय क्षेत्र
इटियाही,9,455,आवासिय क्षेत्र
इटियाही,9,456,आवासिय क्षेत्र
इटियाही,9,459,आवासिय क्षेत्र
इटियाही,9,463,आवासिय क्षेत्र
इटियाही,9,464,आवासिय क्षेत्र
इटियाही,9,465,आवासिय क्षेत्र
इटियाही,9,466,आवासिय क्षेत्र
इटियाही,9,467,आवासिय क्षेत्र
इटियाही,9,468,आवासिय क्षेत्र
इटियाही,9,483,आवासिय क्षेत्र
इटियाही,9,484,आवासिय क्षेत्र
इटियाही,9,533,आवासिय क्षेत्र
इटियाही,9,534,आवासिय क्षेत्र
इटियाही,9,535,आवासिय क्षेत्र
इटियाही,9,536,आवासिय क्षेत्र
इटियाही,9,544,आवासिय क्षेत्र
इटियाही,9,545,आवासिय क्षेत्र
इटियाही,9,547,आवासिय क्षेत्र
इटियाही,9,548,आवासिय क्षेत्र
इटियाही,9,549,आवासिय क्षेत्र
इटियाही,9,580,आवासिय क्षेत्र
इटियाही,9,581,आवासिय क्षेत्र
इटियाही,9,599,आवासिय क्षेत्र
इटियाही,9,600,आवासिय क्षेत्र
इटियाही,9,661,आवासिय क्षेत्र
इटियाही,9,662,आवासिय क्षेत्र
इटियाही,9,745,आवासिय क्षेत्र
इटियाही,9,746,आवासिय क्षेत्र
इटियाही,9,873,आवासिय क्षेत्र
इटियाही,9,893,आवासिय क्षेत्र
इटियाही,9,894,आवासिय क्षेत्र
इटियाही,9,895,आवासिय क्षेत्र
इटियाही,9,1000,आवासिय क्षेत्र
इटियाही,9,1138,आवासिय क्षेत्र
इटियाही,9,1142,आवासिय क्षेत्र
इटियाही,9,1143,आवासिय क्षेत्र
इटियाही,9,1152,आवासिय क्षेत्र
इटियाही,9,1153,आवासिय क्षेत्र
इटियाही,9,1173,आवासिय क्षेत्र
इटियाही,9,1192,आवासिय क्षेत्र
इटियाही,9,1193,आवासिय क्षेत्र
इटियाही,9,1388,आवासिय क्षेत्र
इटियाही,9,1389,आवासिय क्षेत्र
इटियाही,9,1397,आवासिय क्षेत्र
इटियाही,9,1398,आवासिय क्षेत्र
इटियाही,9,1399,आवासिय क्षेत्र
इटियाही,9,1400,आवासिय क्षेत्र
इटियाही,9,1403,आवासिय क्षेत्र
इटियाही,9,1404,आवासिय क्षेत्र
इटियाही,9,1405,आवासिय क्षेत्र
इटियाही,9,1406,आवासिय क्षेत्र
इटियाही,9,1408,आवासिय क्षेत्र
इटियाही,9,1409,आवासिय क्षेत्र
इटियाही,9,1415,आवासिय क्षेत्र
इटियाही,9,1416,आवासिय क्षेत्र
इटियाही,9,1417,आवासिय क्षेत्र
इटियाही,9,1430,आवासिय क्षेत्र
इटियाही,9,1431,आवासिय क्षेत्र
इटियाही,9,1432,आवासिय क्षेत्र
इटियाही,9,1603,आवासिय क्षेत्र
इटियाही,9,1604,आवासिय क्षेत्र
इटियाही,9,1605,आवासिय क्षेत्र
इटियाही,9,1606,आवासिय क्षेत्र
इटियाही,9,1994,आवासिय क्षेत्र
इटियाही,9,1995,आवासिय क्षेत्र
इटियाही,9,1996,आवासिय क्षेत्र
इटियाही,9,1999,आवासिय क्षेत्र
इटियाही,9,2000,आवासिय क्षेत्र
इटियाही,9,2001,आवासिय क्षेत्र
इटियाही,9,2002,आवासिय क्षेत्र
इटियाही,9,2072,आवासिय क्षेत्र
इटियाही,9,2073,आवासिय क्षेत्र
इटियाही,9,2110,आवासिय क्षेत्र
इटियाही,9,2150,आवासिय क्षेत्र
इटियाही,9,2164,आवासिय क्षेत्र
इटियाही,9,2165,आवासिय क्षेत्र
इटियाही,9,2166,आवासिय क्षेत्र
इटियाही,9,2170,आवासिय क्षेत्र
इटियाही,9,2171,आवासिय क्षेत्र
इटियाही,9,2172,आवासिय क्षेत्र
इटियाही,9,2173,आवासिय क्षेत्र
इटियाही,9,2176,आवासिय क्षेत्र
इटियाही,9,2177,आवासिय क्षेत्र
इटियाही,9,2192,आवासिय क्षेत्र
इटियाही,9,2193,आवासिय क्षेत्र
इटियाही,9,2194,आवासिय क्षेत्र
इटियाही,9,2195,आवासिय क्षेत्र
इटियाही,9,2198,आवासिय क्षेत्र
इटियाही,9,2211,आवासिय क्षेत्र
इटियाही,9,2213,आवासिय क्षेत्र
इटियाही,9,2214,आवासिय क्षेत्र
इटियाही,9,2216,आवासिय क्षेत्र
इटियाही,9,2217,आवासिय क्षेत्र
इटियाही,9,2218,आवासिय क्षेत्र
इटियाही,9,2219,आवासिय क्षेत्र
इटियाही,9,2224,आवासिय क्षेत्र
इटियाही,9,2225,आवासिय क्षेत्र
इटियाही,9,2226,आवासिय क्षेत्र
इटियाही,9,2239,आवासिय क्षेत्र
इटियाही,9,2240,आवासिय क्षेत्र
इटियाही,9,2241,आवासिय क्षेत्र
इटियाही,9,2242,आवासिय क्षेत्र
इटियाही,9,2243,आवासिय क्षेत्र
इटियाही,9,2244,आवासिय क्षेत्र
इटियाही,9,2245,आवासिय क्षेत्र
इटियाही,9,2246,आवासिय क्षेत्र
इटियाही,9,2247,आवासिय क्षेत्र
इटियाही,9,2248,आवासिय क्षेत्र
इटियाही,9,2249,आवासिय क्षेत्र
इटियाही,9,2250,आवासिय क्षेत्र
इटियाही,9,2251,आवासिय क्षेत्र
इटियाही,9,2252,आवासिय क्षेत्र
इटियाही,9,2253,आवासिय क्षेत्र
इटियाही,9,2254,आवासिय क्षेत्र
इटियाही,9,2264,आवासिय क्षेत्र
इटियाही,9,2265,आवासिय क्षेत्र
इटियाही,9,2279,आवासिय क्षेत्र
इटियाही,9,2280,आवासिय क्षेत्र
इटियाही,9,2283,आवासिय क्षेत्र
इटियाही,9,2284,आवासिय क्षेत्र
इटियाही,9,2285,आवासिय क्षेत्र
इटियाही,9,2294,आवासिय क्षेत्र
इटियाही,9,2295,आवासिय क्षेत्र
इटियाही,9,2296,आवासिय क्षेत्र
इटियाही,9,2297,आवासिय क्षेत्र
इटियाही,9,2298,आवासिय क्षेत्र
इटियाही,9,2299,आवासिय क्षेत्र
इटियाही,9,2300,आवासिय क्षेत्र
इटियाही,9,2301,आवासिय क्षेत्र
इटियाही,9,2302,आवासिय क्षेत्र
इटियाही,9,2303,आवासिय क्षेत्र
इटियाही,9,2304,आवासिय क्षेत्र
इटियाही,9,2310,आवासिय क्षेत्र
इटियाही,9,2311,आवासिय क्षेत्र
इटियाही,9,2312,आवासिय क्षेत्र
इटियाही,9,2313,आवासिय क्षेत्र
इटियाही,9,2317,आवासिय क्षेत्र
इटियाही,9,2318,आवासिय क्षेत्र
इटियाही,9,99999,आवासिय क्षेत्र
इटियाही,9,999908,आवासिय क्षेत्र
इटियाही,9,999910,आवासिय क्षेत्र
इटियाही,9,999914,आवासिय क्षेत्र
इटियाही,9,999918,आवासिय क्षेत्र
इटियाही,9,999920,आवासिय क्षेत्र
इटियाही,9,999926,आवासिय क्षेत्र
इटियाही,9,999927,आवासिय क्षेत्र
इटियाही,9,999930,आवासिय क्षेत्र
इटियाही,9,999931,आवासिय क्षेत्र
इटियाही,9,999932,आवासिय क्षेत्र
इटियाही,9,999933,"नदी, खोला, ताल, सिमसार क्षेत्र"
इटियाही,9,999933,सार्वजनिक उपयोग क्षेत्र
इटियाही,9,999935,सार्वजनिक उपयोग क्षेत्र
इटियाही,9,999942,आवासिय क्षेत्र
इटियाही,9,999948,आवासिय क्षेत्र
इटियाही,9,999949,आवासिय क्षेत्र
इटियाही,9,999953,आवासिय क्षेत्र
इटियाही,9,999956,आवासिय क्षेत्र
इटियाही,9,999962,आवासिय क्षेत्र
इटियाही,9,999963,आवासिय क्षेत्र
इटियाही,9,999967,आवासिय क्षेत्र
इटियाही,9,999969,आवासिय क्षेत्र
इटियाही,9,999970,आवासिय क्षेत्र
इटियाही,9,999972,आवासिय क्षेत्र
इटियाही,9,999991,आवासिय क्षेत्र
इटियाही,9,999996,आवासिय क्षेत्र
इटियाही,9,999998,आवासिय क्षेत्र
इटियाही,9,999999,आवासिय क्षेत्र
इटियाही,9,999999,आवासिय क्षेत्र
इटियाही,9 गाउँ,0,आवासिय क्षेत्र
इटियाही,9 गाउँ,1,आवासिय क्षेत्र
इटियाही,9 गाउँ,2,आवासिय क्षेत्र
इटियाही,9 गाउँ,3,आवासिय क्षेत्र
इटियाही,9 गाउँ,4,आवासिय क्षेत्र
इटियाही,9 गाउँ,5,आवासिय क्षेत्र
इटियाही,9 गाउँ,6,आवासिय क्षेत्र
इटियाही,9 गाउँ,7,आवासिय क्षेत्र
इटियाही,9 गाउँ,8,आवासिय क्षेत्र
इटियाही,9 गाउँ,9,आवासिय क्षेत्र
इटियाही,9 गाउँ,9,आवासिय क्षेत्र
इटियाही,9 गाउँ,9,आवासिय क्षेत्र
इटियाही,9 गाउँ,10,आवासिय क्षेत्र
इटियाही,9 गाउँ,11,आवासिय क्षेत्र
इटियाही,9 गाउँ,12,आवासिय क्षेत्र
इटियाही,9 गाउँ,13,आवासिय क्षेत्र
इटियाही,9 गाउँ,14,आवासिय क्षेत्र
इटियाही,9 गाउँ,15,आवासिय क्षेत्र
इटियाही,9 गाउँ,16,आवासिय क्षेत्र
इटियाही,9 गाउँ,17,आवासिय क्षेत्र
इटियाही,9 गाउँ,18,आवासिय क्षेत्र
इटियाही,9 गाउँ,19,आवासिय क्षेत्र
इटियाही,9 गाउँ,20,आवासिय क्षेत्र
इटियाही,9 गाउँ,21,आवासिय क्षेत्र
इटियाही,9 गाउँ,22,आवासिय क्षेत्र
इटियाही,9 गाउँ,23,आवासिय क्षेत्र
इटियाही,9 गाउँ,24,आवासिय क्षेत्र
इटियाही,9 गाउँ,25,आवासिय क्षेत्र
इटियाही,9 गाउँ,26,आवासिय क्षेत्र
इटियाही,9 गाउँ,27,आवासिय क्षेत्र
इटियाही,9 गाउँ,28,आवासिय क्षेत्र
इटियाही,9 गाउँ,29,आवासिय क्षेत्र
इटियाही,9 गाउँ,30,आवासिय क्षेत्र
इटियाही,9 गाउँ,32,आवासिय क्षेत्र
इटियाही,9 गाउँ,33,आवासिय क्षेत्र
इटियाही,9 गाउँ,34,आवासिय क्षेत्र
इटियाही,9 गाउँ,36,आवासिय क्षेत्र
इटियाही,9 गाउँ,37,आवासिय क्षेत्र
इटियाही,9 गाउँ,38,आवासिय क्षेत्र
इटियाही,9 गाउँ,39,आवासिय क्षेत्र
इटियाही,9 गाउँ,40,आवासिय क्षेत्र
इटियाही,9 गाउँ,41,आवासिय क्षेत्र
इटियाही,9 गाउँ,43,आवासिय क्षेत्र
इटियाही,9 गाउँ,44,आवासिय क्षेत्र
इटियाही,9 गाउँ,45,आवासिय क्षेत्र
इटियाही,9 गाउँ,46,आवासिय क्षेत्र
इटियाही,9 गाउँ,47,आवासिय क्षेत्र
इटियाही,9 गाउँ,48,आवासिय क्षेत्र
इटियाही,9 गाउँ,50,आवासिय क्षेत्र
इटियाही,9 गाउँ,51,आवासिय क्षेत्र
इटियाही,9 गाउँ,52,आवासिय क्षेत्र
इटियाही,9 गाउँ,53,आवासिय क्षेत्र
इटियाही,9 गाउँ,54,आवासिय क्षेत्र
इटियाही,9 गाउँ,9999,आवासिय क्षेत्र
इटियाही,9 नहर,0,सार्वजनिक उपयोग क्षेत्र
इटियाही,9 नहर,0,सार्वजनिक उपयोग क्षेत्र
इटियाही,9 नहर,0,आवासिय क्षेत्र
इटियाही,9 नहर,13,सार्वजनिक उपयोग क्षेत्र
इटियाही,9 नहर,63,आवासिय क्षेत्र
इटियाही,9 नहर,206,आवासिय क्षेत्र
इटियाही,9 नहर,212,आवासिय क्षेत्र
इटियाही,9 नहर,213,आवासिय क्षेत्र
इटियाही,9 नहर,215,आवासिय क्षेत्र
इटियाही,9 नहर,216,आवासिय क्षेत्र
इटियाही,9 नहर,217,आवासिय क्षेत्र
इटियाही,9 नहर,218,आवासिय क्षेत्र
इटियाही,9 नहर,218,आवासिय क्षेत्र
इटियाही,9 नहर,220,आवासिय क्षेत्र
इटियाही,9 नहर,222,आवासिय क्षेत्र
इटियाही,9 नहर,225,आवासिय क्षेत्र
इटियाही,9 नहर,229,आवासिय क्षेत्र
इटियाही,9 नहर,231,आवासिय क्षेत्र
इटियाही,9 नहर,261,आवासिय क्षेत्र
इटियाही,9 नहर,262,आवासिय क्षेत्र
इटियाही,9 नहर,312,आवासिय क्षेत्र
इटियाही,9 नहर,313,आवासिय क्षेत्र
इटियाही,9 नहर,314,आवासिय क्षेत्र
इटियाही,9 नहर,315,आवासिय क्षेत्र
इटियाही,9 नहर,339,आवासिय क्षेत्र
इटियाही,9 नहर,340,आवासिय क्षेत्र
इटियाही,9 नहर,369,आवासिय क्षेत्र
इटियाही,9 नहर,370,आवासिय क्षेत्र
इटियाही,9 नहर,378,आवासिय क्षेत्र
इटियाही,9 नहर,380,आवासिय क्षेत्र
इटियाही,9 नहर,386,आवासिय क्षेत्र
इटियाही,9 नहर,387,आवासिय क्षेत्र
इटियाही,9 नहर,388,आवासिय क्षेत्र
इटियाही,9 नहर,389,आवासिय क्षेत्र
इटियाही,9 नहर,390,आवासिय क्षेत्र
इटियाही,9 नहर,391,आवासिय क्षेत्र
इटियाही,9 नहर,494,आवासिय क्षेत्र
इटियाही,9 नहर,495,आवासिय क्षेत्र
इटियाही,9 नहर,507,आवासिय क्षेत्र
इटियाही,9 नहर,509,आवासिय क्षेत्र
इटियाही,9 नहर,510,आवासिय क्षेत्र
इटियाही,9 नहर,531,आवासिय क्षेत्र
इटियाही,9 नहर,551,आवासिय क्षेत्र
इटियाही,9 नहर,552,आवासिय क्षेत्र
इटियाही,9 नहर,584,आवासिय क्षेत्र
इटियाही,9 नहर,585,आवासिय क्षेत्र
इटियाही,9 नहर,622,आवासिय क्षेत्र
इटियाही,9 नहर,623,आवासिय क्षेत्र
इटियाही,9 नहर,624,आवासिय क्षेत्र
इटियाही,9 नहर,663,आवासिय क्षेत्र
इटियाही,9 नहर,664,आवासिय क्षेत्र
इटियाही,9 नहर,665,आवासिय क्षेत्र
इटियाही,9 नहर,666,आवासिय क्षेत्र
इटियाही,9 नहर,750,आवासिय क्षेत्र
इटियाही,9 नहर,814,आवासिय क्षेत्र
इटियाही,9 नहर,815,आवासिय क्षेत्र
इटियाही,9 नहर,1703,आवासिय क्षेत्र
इटियाही,9 नहर,1704,आवासिय क्षेत्र
इटियाही,9 नहर,1705,आवासिय क्षेत्र
इटियाही,9 नहर,1706,आवासिय क्षेत्र
इटियाही,9 नहर,1707,आवासिय क्षेत्र
इटियाही,9 नहर,1708,आवासिय क्षेत्र
इटियाही,9 नहर,2074,आवासिय क्षेत्र
इटियाही,9 नहर,2075,आवासिय क्षेत्र
इटियाही,9 नहर,2076,आवासिय क्षेत्र
इटियाही,9 नहर,2077,आवासिय क्षेत्र
इटियाही,9 नहर,2078,आवासिय क्षेत्र
इनर्वाभाठा,6,3,आवासिय क्षेत्र
इनर्वाभाठा,6,8,आवासिय क्षेत्र
इनर्वाभाठा,6,9,आवासिय क्षेत्र
इनर्वाभाठा,6,10,आवासिय क्षेत्र
इनर्वाभाठा,6,11,आवासिय क्षेत्र
इनर्वाभाठा,6,13,आवासिय क्षेत्र
इनर्वाभाठा,6,14,आवासिय क्षेत्र
इनर्वाभाठा,6,15,आवासिय क्षेत्र
इनर्वाभाठा,6,16,आवासिय क्षेत्र
इनर्वाभाठा,6,17,आवासिय क्षेत्र
इनर्वाभाठा,6,17,आवासिय क्षेत्र
इनर्वाभाठा,6,18,आवासिय क्षेत्र
इनर्वाभाठा,6,18,आवासिय क्षेत्र
इनर्वाभाठा,6,19,आवासिय क्षेत्र
इनर्वाभाठा,6,20,आवासिय क्षेत्र
इनर्वाभाठा,6,21,आवासिय क्षेत्र
इनर्वाभाठा,6,22,आवासिय क्षेत्र
इनर्वाभाठा,6,23,आवासिय क्षेत्र
इनर्वाभाठा,6,24,आवासिय क्षेत्र
इनर्वाभाठा,6,25,आवासिय क्षेत्र
इनर्वाभाठा,6,26,आवासिय क्षेत्र
इनर्वाभाठा,6,27,आवासिय क्षेत्र
इनर्वाभाठा,6,28,आवासिय क्षेत्र
इनर्वाभाठा,6,29,आवासिय क्षेत्र
इनर्वाभाठा,6,30,आवासिय क्षेत्र
इनर्वाभाठा,6,31,आवासिय क्षेत्र
इनर्वाभाठा,6,32,आवासिय क्षेत्र
इनर्वाभाठा,6,33,आवासिय क्षेत्र
इनर्वाभाठा,6,34,आवासिय क्षेत्र
इनर्वाभाठा,6,36,आवासिय क्षेत्र
इनर्वाभाठा,6,37,आवासिय क्षेत्र
इनर्वाभाठा,6,38,आवासिय क्षेत्र
इनर्वाभाठा,6,39,आवासिय क्षेत्र
इनर्वाभाठा,6,40,आवासिय क्षेत्र
इनर्वाभाठा,6,42,आवासिय क्षेत्र
इनर्वाभाठा,6,43,आवासिय क्षेत्र
इनर्वाभाठा,6,44,आवासिय क्षेत्र
इनर्वाभाठा,6,45,आवासिय क्षेत्र
इनर्वाभाठा,6,46,आवासिय क्षेत्र
इनर्वाभाठा,6,47,आवासिय क्षेत्र
इनर्वाभाठा,6,48,आवासिय क्षेत्र
इनर्वाभाठा,6,49,आवासिय क्षेत्र
इनर्वाभाठा,6,50,आवासिय क्षेत्र
इनर्वाभाठा,6,51,आवासिय क्षेत्र
इनर्वाभाठा,6,52,आवासिय क्षेत्र
इनर्वाभाठा,6,53,कृषि क्षेत्र
इनर्वाभाठा,6,54,कृषि क्षेत्र
इनर्वाभाठा,6,55,कृषि क्षेत्र
इनर्वाभाठा,6,56,कृषि क्षेत्र
इनर्वाभाठा,6,57,कृषि क्षेत्र
इनर्वाभाठा,6,58,कृषि क्षेत्र
इनर्वाभाठा,6,59,कृषि क्षेत्र
इनर्वाभाठा,6,60,कृषि क्षेत्र
इनर्वाभाठा,6,61,कृषि क्षेत्र
इनर्वाभाठा,6,62,कृषि क्षेत्र
इनर्वाभाठा,6,63,कृषि क्षेत्र
इनर्वाभाठा,6,64,कृषि क्षेत्र
इनर्वाभाठा,6,65,कृषि क्षेत्र
इनर्वाभाठा,6,67,आवासिय क्षेत्र
इनर्वाभाठा,6,68,आवासिय क्षेत्र
इनर्वाभाठा,6,69,आवासिय क्षेत्र
इनर्वाभाठा,6,70,आवासिय क्षेत्र
इनर्वाभाठा,6,71,कृषि क्षेत्र
इनर्वाभाठा,6,71,आवासिय क्षेत्र
इनर्वाभाठा,6,72,कृषि क्षेत्र
इनर्वाभाठा,6,72,कृषि क्षेत्र
इनर्वाभाठा,6,73,कृषि क्षेत्र
इनर्वाभाठा,6,74,कृषि क्षेत्र
इनर्वाभाठा,6,74,आवासिय क्षेत्र
इनर्वाभाठा,6,75,आवासिय क्षेत्र
इनर्वाभाठा,6,76,कृषि क्षेत्र
इनर्वाभाठा,6,77,कृषि क्षेत्र
इनर्वाभाठा,6,78,कृषि क्षेत्र
इनर्वाभाठा,6,79,कृषि क्षेत्र
इनर्वाभाठा,6,80,कृषि क्षेत्र
इनर्वाभाठा,6,81,कृषि क्षेत्र
इनर्वाभाठा,6,82,कृषि क्षेत्र
इनर्वाभाठा,6,83,कृषि क्षेत्र
इनर्वाभाठा,6,84,कृषि क्षेत्र
इनर्वाभाठा,6,85,कृषि क्षेत्र
इनर्वाभाठा,6,86,कृषि क्षेत्र
इनर्वाभाठा,6,87,कृषि क्षेत्र
इनर्वाभाठा,6,88,कृषि क्षेत्र
इनर्वाभाठा,6,89,कृषि क्षेत्र
इनर्वाभाठा,6,90,कृषि क्षेत्र
इनर्वाभाठा,6,91,कृषि क्षेत्र
इनर्वाभाठा,6,93,कृषि क्षेत्र
इनर्वाभाठा,6,97,कृषि क्षेत्र
इनर्वाभाठा,6,99,कृषि क्षेत्र
इनर्वाभाठा,6,101,कृषि क्षेत्र
इनर्वाभाठा,6,102,कृषि क्षेत्र
इनर्वाभाठा,6,104,कृषि क्षेत्र
इनर्वाभाठा,6,105,कृषि क्षेत्र
इनर्वाभाठा,6,106,कृषि क्षेत्र
इनर्वाभाठा,6,108,कृषि क्षेत्र
इनर्वाभाठा,6,109,कृषि क्षेत्र
इनर्वाभाठा,6,110,कृषि क्षेत्र
इनर्वाभाठा,6,111,कृषि क्षेत्र
इनर्वाभाठा,6,112,कृषि क्षेत्र
इनर्वाभाठा,6,113,कृषि क्षेत्र
इनर्वाभाठा,6,114,कृषि क्षेत्र
इनर्वाभाठा,6,116,कृषि क्षेत्र
इनर्वाभाठा,6,117,कृषि क्षेत्र
इनर्वाभाठा,6,118,कृषि क्षेत्र
इनर्वाभाठा,6,119,कृषि क्षेत्र
इनर्वाभाठा,6,121,कृषि क्षेत्र
इनर्वाभाठा,6,122,कृषि क्षेत्र
इनर्वाभाठा,6,123,कृषि क्षेत्र
इनर्वाभाठा,6,124,कृषि क्षेत्र
इनर्वाभाठा,6,125,कृषि क्षेत्र
इनर्वाभाठा,6,126,कृषि क्षेत्र
इनर्वाभाठा,6,127,कृषि क्षेत्र
इनर्वाभाठा,6,128,कृषि क्षेत्र
इनर्वाभाठा,6,132,कृषि क्षेत्र
इनर्वाभाठा,6,133,कृषि क्षेत्र
इनर्वाभाठा,6,134,कृषि क्षेत्र
इनर्वाभाठा,6,135,कृषि क्षेत्र
इनर्वाभाठा,6,136,कृषि क्षेत्र
इनर्वाभाठा,6,137,कृषि क्षेत्र
इनर्वाभाठा,6,138,कृषि क्षेत्र
इनर्वाभाठा,6,139,कृषि क्षेत्र
इनर्वाभाठा,6,140,कृषि क्षेत्र
इनर्वाभाठा,6,141,कृषि क्षेत्र
इनर्वाभाठा,6,142,कृषि क्षेत्र
इनर्वाभाठा,6,143,कृषि क्षेत्र
इनर्वाभाठा,6,144,कृषि क्षेत्र
इनर्वाभाठा,6,146,कृषि क्षेत्र
इनर्वाभाठा,6,147,कृषि क्षेत्र
इनर्वाभाठा,6,148,कृषि क्षेत्र
इनर्वाभाठा,6,149,कृषि क्षेत्र
इनर्वाभाठा,6,150,कृषि क्षेत्र
इनर्वाभाठा,6,151,कृषि क्षेत्र
इनर्वाभाठा,6,152,कृषि क्षेत्र
इनर्वाभाठा,6,153,कृषि क्षेत्र
इनर्वाभाठा,6,154,कृषि क्षेत्र
इनर्वाभाठा,6,155,कृषि क्षेत्र
इनर्वाभाठा,6,156,कृषि क्षेत्र
इनर्वाभाठा,6,157,कृषि क्षेत्र
इनर्वाभाठा,6,161,कृषि क्षेत्र
इनर्वाभाठा,6,162,कृषि क्षेत्र
इनर्वाभाठा,6,163,कृषि क्षेत्र
इनर्वाभाठा,6,164,कृषि क्षेत्र
इनर्वाभाठा,6,167,कृषि क्षेत्र
इनर्वाभाठा,6,169,कृषि क्षेत्र
इनर्वाभाठा,6,170,कृषि क्षेत्र
इनर्वाभाठा,6,170,कृषि क्षेत्र
इनर्वाभाठा,6,171,आवासिय क्षेत्र
इनर्वाभाठा,6,176,आवासिय क्षेत्र
इनर्वाभाठा,6,177,आवासिय क्षेत्र
इनर्वाभाठा,6,178,आवासिय क्षेत्र
इनर्वाभाठा,6,180,कृषि क्षेत्र
इनर्वाभाठा,6,181,कृषि क्षेत्र
इनर्वाभाठा,6,182,कृषि क्षेत्र
इनर्वाभाठा,6,183,कृषि क्षेत्र
इनर्वाभाठा,6,184,कृषि क्षेत्र
इनर्वाभाठा,6,185,कृषि क्षेत्र
इनर्वाभाठा,6,186,कृषि क्षेत्र
इनर्वाभाठा,6,187,कृषि क्षेत्र
इनर्वाभाठा,6,188,कृषि क्षेत्र
इनर्वाभाठा,6,189,कृषि क्षेत्र
इनर्वाभाठा,6,190,कृषि क्षेत्र
इनर्वाभाठा,6,192,सार्वजनिक उपयोग क्षेत्र
इनर्वाभाठा,6,193,कृषि क्षेत्र
इनर्वाभाठा,6,194,कृषि क्षेत्र
इनर्वाभाठा,6,195,कृषि क्षेत्र
इनर्वाभाठा,6,196,कृषि क्षेत्र
इनर्वाभाठा,6,197,कृषि क्षेत्र
इनर्वाभाठा,6,201,आवासिय क्षेत्र
इनर्वाभाठा,6,202,आवासिय क्षेत्र
इनर्वाभाठा,6,204,कृषि क्षेत्र
इनर्वाभाठा,6,205,कृषि क्षेत्र
इनर्वाभाठा,6,206,कृषि क्षेत्र
इनर्वाभाठा,6,207,कृषि क्षेत्र
इनर्वाभाठा,6,208,कृषि क्षेत्र
इनर्वाभाठा,6,209,कृषि क्षेत्र
इनर्वाभाठा,6,214,कृषि क्षेत्र
इनर्वाभाठा,6,215,कृषि क्षेत्र
इनर्वाभाठा,6,216,कृषि क्षेत्र
इनर्वाभाठा,6,217,कृषि क्षेत्र
इनर्वाभाठा,6,220,कृषि क्षेत्र
इनर्वाभाठा,6,221,कृषि क्षेत्र
इनर्वाभाठा,6,230,कृषि क्षेत्र
इनर्वाभाठा,6,231,कृषि क्षेत्र
इनर्वाभाठा,6,232,कृषि क्षेत्र
इनर्वाभाठा,6,233,कृषि क्षेत्र
इनर्वाभाठा,6,234,आवासिय क्षेत्र
इनर्वाभाठा,6,352,आवासिय क्षेत्र
इनर्वाभाठा,6,407,कृषि क्षेत्र
इनर्वाभाठा,6,1207,कृषि क्षेत्र
इनर्वाभाठा,6,1208,कृषि क्षेत्र
इनर्वाभाठा,6,9987,आवासिय क्षेत्र
इनर्वाभाठा,6,9988,कृषि क्षेत्र
इनर्वाभाठा,6,9989,कृषि क्षेत्र
इनर्वाभाठा,6,9990,कृषि क्षेत्र
इनर्वाभाठा,6,9991,कृषि क्षेत्र
इनर्वाभाठा,6,9992,कृषि क्षेत्र
इनर्वाभाठा,6,9993,आवासिय क्षेत्र
इनर्वाभाठा,6,9994,कृषि क्षेत्र
इनर्वाभाठा,6,9995,कृषि क्षेत्र
इनर्वाभाठा,6,9996,कृषि क्षेत्र
इनर्वाभाठा,6,9997,कृषि क्षेत्र
इनर्वाभाठा,6,9998,कृषि क्षेत्र
इनर्वाभाठा,6,9999,सार्वजनिक उपयोग क्षेत्र
इनर्वाभाठा,6 गाउँ,1,आवासिय क्षेत्र
इनर्वाभाठा,6 गाउँ,2,आवासिय क्षेत्र
इनर्वाभाठा,6 गाउँ,3,आवासिय क्षेत्र
इनर्वाभाठा,6 गाउँ,4,आवासिय क्षेत्र
इनर्वाभाठा,6 गाउँ,5,आवासिय क्षेत्र
इनर्वाभाठा,6 गाउँ,6,आवासिय क्षेत्र
इनर्वाभाठा,6 गाउँ,7,आवासिय क्षेत्र
इनर्वाभाठा,6 गाउँ,8,आवासिय क्षेत्र
इनर्वाभाठा,6 गाउँ,9,आवासिय क्षेत्र
इनर्वाभाठा,6 गाउँ,10,आवासिय क्षेत्र
इनर्वाभाठा,6 गाउँ,11,आवासिय क्षेत्र
इनर्वाभाठा,6 गाउँ,13,आवासिय क्षेत्र
इनर्वाभाठा,6 गाउँ,14,आवासिय क्षेत्र
इनर्वाभाठा,6 गाउँ,15,आवासिय क्षेत्र
इनर्वाभाठा,6 गाउँ,16,आवासिय क्षेत्र
इनर्वाभाठा,6 गाउँ,17,आवासिय क्षेत्र
इनर्वाभाठा,6 गाउँ,18,आवासिय क्षेत्र
इनर्वाभाठा,6 गाउँ,19,आवासिय क्षेत्र
इनर्वाभाठा,6 गाउँ,20,आवासिय क्षेत्र
इनर्वाभाठा,6 गाउँ,21,आवासिय क्षेत्र
इनर्वाभाठा,6 गाउँ,22,आवासिय क्षेत्र
इनर्वाभाठा,6 गाउँ,23,आवासिय क्षेत्र
इनर्वाभाठा,6 गाउँ,24,आवासिय क्षेत्र
इनर्वाभाठा,6 गाउँ,25,आवासिय क्षेत्र
इनर्वाभाठा,6 गाउँ,26,आवासिय क्षेत्र
इनर्वाभाठा,6 गाउँ,27,आवासिय क्षेत्र
इनर्वाभाठा,6 गाउँ,28,आवासिय क्षेत्र
इनर्वाभाठा,6 गाउँ,29,आवासिय क्षेत्र
इनर्वाभाठा,6 गाउँ,30,आवासिय क्षेत्र
इनर्वाभाठा,6 गाउँ,31,आवासिय क्षेत्र
इनर्वाभाठा,6 गाउँ,32,आवासिय क्षेत्र
इनर्वाभाठा,6 गाउँ,33,आवासिय क्षेत्र
इनर्वाभाठा,6 गाउँ,34,आवासिय क्षेत्र
इनर्वाभाठा,6 गाउँ,35,आवासिय क्षेत्र
इनर्वाभाठा,6 गाउँ,37,आवासिय क्षेत्र
इनर्वाभाठा,6 गाउँ,38,आवासिय क्षेत्र
इनर्वाभाठा,6 गाउँ,39,आवासिय क्षेत्र
इनर्वाभाठा,6 गाउँ,41,आवासिय क्षेत्र
इनर्वाभाठा,6 गाउँ,42,आवासिय क्षेत्र
इनर्वाभाठा,6 गाउँ,43,आवासिय क्षेत्र
इनर्वाभाठा,6 गाउँ,44,सार्वजनिक उपयोग क्षेत्र
इनर्वाभाठा,6 गाउँ,46,आवासिय क्षेत्र
इनर्वाभाठा,6 गाउँ,50,आवासिय क्षेत्र
इनर्वाभाठा,6 गाउँ,9996,आवासिय क्षेत्र
इनर्वाभाठा,6 गाउँ,9997,आवासिय क्षेत्र
इनर्वाभाठा,6 गाउँ,9998,सार्वजनिक उपयोग क्षेत्र
इनर्वाभाठा,6 गाउँ,9999,आवासिय क्षेत्र
इनर्वाभाठा,7,2,कृषि क्षेत्र
इनर्वाभाठा,7,3,आवासिय क्षेत्र
इनर्वाभाठा,7,6,आवासिय क्षेत्र
इनर्वाभाठा,7,7,आवासिय क्षेत्र
इनर्वाभाठा,7,8,आवासिय क्षेत्र
इनर्वाभाठा,7,9,आवासिय क्षेत्र
इनर्वाभाठा,7,10,आवासिय क्षेत्र
इनर्वाभाठा,7,11,आवासिय क्षेत्र
इनर्वाभाठा,7,12,आवासिय क्षेत्र
इनर्वाभाठा,7,14,आवासिय क्षेत्र
इनर्वाभाठा,7,17,आवासिय क्षेत्र
इनर्वाभाठा,7,19,कृषि क्षेत्र
इनर्वाभाठा,7,20,कृषि क्षेत्र
इनर्वाभाठा,7,21,कृषि क्षेत्र
इनर्वाभाठा,7,22,कृषि क्षेत्र
इनर्वाभाठा,7,23,कृषि क्षेत्र
इनर्वाभाठा,7,24,कृषि क्षेत्र
इनर्वाभाठा,7,26,कृषि क्षेत्र
इनर्वाभाठा,7,27,कृषि क्षेत्र
इनर्वाभाठा,7,28,कृषि क्षेत्र
इनर्वाभाठा,7,30,कृषि क्षेत्र
इनर्वाभाठा,7,32,कृषि क्षेत्र
इनर्वाभाठा,7,33,कृषि क्षेत्र
इनर्वाभाठा,7,34,कृषि क्षेत्र
इनर्वाभाठा,7,35,कृषि क्षेत्र
इनर्वाभाठा,7,36,कृषि क्षेत्र
इनर्वाभाठा,7,37,आवासिय क्षेत्र
इनर्वाभाठा,7,38,आवासिय क्षेत्र
इनर्वाभाठा,7,39,आवासिय क्षेत्र
इनर्वाभाठा,7,40,आवासिय क्षेत्र
इनर्वाभाठा,7,41,आवासिय क्षेत्र
इनर्वाभाठा,7,42,आवासिय क्षेत्र
इनर्वाभाठा,7,43,आवासिय क्षेत्र
इनर्वाभाठा,7,44,आवासिय क्षेत्र
इनर्वाभाठा,7,45,आवासिय क्षेत्र
इनर्वाभाठा,7,46,कृषि क्षेत्र
इनर्वाभाठा,7,47,कृषि क्षेत्र
इनर्वाभाठा,7,48,कृषि क्षेत्र
इनर्वाभाठा,7,49,कृषि क्षेत्र
इनर्वाभाठा,7,51,कृषि क्षेत्र
इनर्वाभाठा,7,52,कृषि क्षेत्र
इनर्वाभाठा,7,54,कृषि क्षेत्र
इनर्वाभाठा,7,55,कृषि क्षेत्र
इनर्वाभाठा,7,56,कृषि क्षेत्र
इनर्वाभाठा,7,57,कृषि क्षेत्र
इनर्वाभाठा,7,58,कृषि क्षेत्र
इनर्वाभाठा,7,59,कृषि क्षेत्र
इनर्वाभाठा,7,60,कृषि क्षेत्र
इनर्वाभाठा,7,62,कृषि क्षेत्र
इनर्वाभाठा,7,64,कृषि क्षेत्र
इनर्वाभाठा,7,66,कृषि क्षेत्र
इनर्वाभाठा,7,67,कृषि क्षेत्र
इनर्वाभाठा,7,68,कृषि क्षेत्र
इनर्वाभाठा,7,69,कृषि क्षेत्र
इनर्वाभाठा,7,70,आवासिय क्षेत्र
इनर्वाभाठा,7,71,आवासिय क्षेत्र
इनर्वाभाठा,7,73,आवासिय क्षेत्र
इनर्वाभाठा,7,74,आवासिय क्षेत्र
इनर्वाभाठा,7,75,आवासिय क्षेत्र
इनर्वाभाठा,7,77,आवासिय क्षेत्र
इनर्वाभाठा,7,78,आवासिय क्षेत्र
इनर्वाभाठा,7,79,आवासिय क्षेत्र
इनर्वाभाठा,7,80,आवासिय क्षेत्र
इनर्वाभाठा,7,83,आवासिय क्षेत्र
इनर्वाभाठा,7,84,आवासिय क्षेत्र
इनर्वाभाठा,7,85,आवासिय क्षेत्र
इनर्वाभाठा,7,86,आवासिय क्षेत्र
इनर्वाभाठा,7,87,आवासिय क्षेत्र
इनर्वाभाठा,7,88,आवासिय क्षेत्र
इनर्वाभाठा,7,89,आवासिय क्षेत्र
इनर्वाभाठा,7,91,आवासिय क्षेत्र
इनर्वाभाठा,7,93,आवासिय क्षेत्र
इनर्वाभाठा,7,94,आवासिय क्षेत्र
इनर्वाभाठा,7,96,आवासिय क्षेत्र
इनर्वाभाठा,7,97,आवासिय क्षेत्र
इनर्वाभाठा,7,98,आवासिय क्षेत्र
इनर्वाभाठा,7,99,आवासिय क्षेत्र
इनर्वाभाठा,7,100,आवासिय क्षेत्र
इनर्वाभाठा,7,101,आवासिय क्षेत्र
इनर्वाभाठा,7,102,आवासिय क्षेत्र
इनर्वाभाठा,7,103,आवासिय क्षेत्र
इनर्वाभाठा,7,104,आवासिय क्षेत्र
इनर्वाभाठा,7,105,आवासिय क्षेत्र
इनर्वाभाठा,7,106,आवासिय क्षेत्र
इनर्वाभाठा,7,107,आवासिय क्षेत्र
इनर्वाभाठा,7,108,आवासिय क्षेत्र
इनर्वाभाठा,7,109,आवासिय क्षेत्र
इनर्वाभाठा,7,110,आवासिय क्षेत्र
इनर्वाभाठा,7,111,आवासिय क्षेत्र
इनर्वाभाठा,7,112,आवासिय क्षेत्र
इनर्वाभाठा,7,114,आवासिय क्षेत्र
इनर्वाभाठा,7,115,आवासिय क्षेत्र
इनर्वाभाठा,7,116,आवासिय क्षेत्र
इनर्वाभाठा,7,117,आवासिय क्षेत्र
इनर्वाभाठा,7,118,आवासिय क्षेत्र
इनर्वाभाठा,7,119,आवासिय क्षेत्र
इनर्वाभाठा,7,120,आवासिय क्षेत्र
इनर्वाभाठा,7,121,आवासिय क्षेत्र
इनर्वाभाठा,7,122,आवासिय क्षेत्र
इनर्वाभाठा,7,123,आवासिय क्षेत्र
इनर्वाभाठा,7,124,आवासिय क्षेत्र
इनर्वाभाठा,7,125,आवासिय क्षेत्र
इनर्वाभाठा,7,126,आवासिय क्षेत्र
इनर्वाभाठा,7,127,आवासिय क्षेत्र
इनर्वाभाठा,7,128,आवासिय क्षेत्र
इनर्वाभाठा,7,129,आवासिय क्षेत्र
इनर्वाभाठा,7,130,आवासिय क्षेत्र
इनर्वाभाठा,7,131,आवासिय क्षेत्र
इनर्वाभाठा,7,133,आवासिय क्षेत्र
इनर्वाभाठा,7,134,आवासिय क्षेत्र
इनर्वाभाठा,7,136,आवासिय क्षेत्र
इनर्वाभाठा,7,137,आवासिय क्षेत्र
इनर्वाभाठा,7,138,आवासिय क्षेत्र
इनर्वाभाठा,7,139,आवासिय क्षेत्र
इनर्वाभाठा,7,140,आवासिय क्षेत्र
इनर्वाभाठा,7,141,आवासिय क्षेत्र
इनर्वाभाठा,7,142,आवासिय क्षेत्र
इनर्वाभाठा,7,143,आवासिय क्षेत्र
इनर्वाभाठा,7,144,आवासिय क्षेत्र
इनर्वाभाठा,7,147,आवासिय क्षेत्र
इनर्वाभाठा,7,148,आवासिय क्षेत्र
इनर्वाभाठा,7,150,आवासिय क्षेत्र
इनर्वाभाठा,7,151,आवासिय क्षेत्र
इनर्वाभाठा,7,153,"नदी, खोला, ताल, सिमसार क्षेत्र"
इनर्वाभाठा,7,154,आवासिय क्षेत्र
इनर्वाभाठा,7,155,आवासिय क्षेत्र
इनर्वाभाठा,7,156,"नदी, खोला, ताल, सिमसार क्षेत्र"
इनर्वाभाठा,7,157,कृषि क्षेत्र
इनर्वाभाठा,7,158,आवासिय क्षेत्र
इनर्वाभाठा,7,159,आवासिय क्षेत्र
इनर्वाभाठा,7,178,आवासिय क्षेत्र
इनर्वाभाठा,7,179,आवासिय क्षेत्र
इनर्वाभाठा,7,184,आवासिय क्षेत्र
इनर्वाभाठा,7,185,आवासिय क्षेत्र
इनर्वाभाठा,7,210,आवासिय क्षेत्र
इनर्वाभाठा,7,225,कृषि क्षेत्र
इनर्वाभाठा,7,226,कृषि क्षेत्र
इनर्वाभाठा,7,227,कृषि क्षेत्र
इनर्वाभाठा,7,228,कृषि क्षेत्र
इनर्वाभाठा,7,242,कृषि क्षेत्र
इनर्वाभाठा,7,244,कृषि क्षेत्र
इनर्वाभाठा,7,255,कृषि क्षेत्र
इनर्वाभाठा,7,256,कृषि क्षेत्र
इनर्वाभाठा,7,257,कृषि क्षेत्र
इनर्वाभाठा,7,258,कृषि क्षेत्र
इनर्वाभाठा,7,263,कृषि क्षेत्र
इनर्वाभाठा,7,264,कृषि क्षेत्र
इनर्वाभाठा,7,266,कृषि क्षेत्र
इनर्वाभाठा,7,299,कृषि क्षेत्र
इनर्वाभाठा,7,300,आवासिय क्षेत्र
इनर्वाभाठा,7,303,आवासिय क्षेत्र
इनर्वाभाठा,7,325,आवासिय क्षेत्र
इनर्वाभाठा,7,326,आवासिय क्षेत्र
इनर्वाभाठा,7,327,आवासिय क्षेत्र
इनर्वाभाठा,7,328,आवासिय क्षेत्र
इनर्वाभाठा,7,343,आवासिय क्षेत्र
इनर्वाभाठा,7,344,आवासिय क्षेत्र
इनर्वाभाठा,7,346,कृषि क्षेत्र
इनर्वाभाठा,7,347,आवासिय क्षेत्र
इनर्वाभाठा,7,348,आवासिय क्षेत्र
इनर्वाभाठा,7,349,आवासिय क्षेत्र
इनर्वाभाठा,7,369,आवासिय क्षेत्र
इनर्वाभाठा,7,370,आवासिय क्षेत्र
इनर्वाभाठा,7,371,आवासिय क्षेत्र
इनर्वाभाठा,7,375,आवासिय क्षेत्र
इनर्वाभाठा,7,380,कृषि क्षेत्र
इनर्वाभाठा,7,382,कृषि क्षेत्र
इनर्वाभाठा,7,383,कृषि क्षेत्र
इनर्वाभाठा,7,384,आवासिय क्षेत्र
इनर्वाभाठा,7,385,आवासिय क्षेत्र
इनर्वाभाठा,7,404,आवासिय क्षेत्र
इनर्वाभाठा,7,405,आवासिय क्षेत्र
इनर्वाभाठा,7,406,आवासिय क्षेत्र
इनर्वाभाठा,7,407,आवासिय क्षेत्र
इनर्वाभाठा,7,411,आवासिय क्षेत्र
इनर्वाभाठा,7,417,कृषि क्षेत्र
इनर्वाभाठा,7,418,कृषि क्षेत्र
इनर्वाभाठा,7,478,आवासिय क्षेत्र
इनर्वाभाठा,7,509,आवासिय क्षेत्र
इनर्वाभाठा,7,543,कृषि क्षेत्र
इनर्वाभाठा,7,544,कृषि क्षेत्र
इनर्वाभाठा,7,545,कृषि क्षेत्र
इनर्वाभाठा,7,553,आवासिय क्षेत्र
इनर्वाभाठा,7,554,आवासिय क्षेत्र
इनर्वाभाठा,7,555,आवासिय क्षेत्र
इनर्वाभाठा,7,556,आवासिय क्षेत्र
इनर्वाभाठा,7,557,आवासिय क्षेत्र
इनर्वाभाठा,7,558,आवासिय क्षेत्र
इनर्वाभाठा,7,609,आवासिय क्षेत्र
इनर्वाभाठा,7,610,आवासिय क्षेत्र
इनर्वाभाठा,7,611,आवासिय क्षेत्र
इनर्वाभाठा,7,613,आवासिय क्षेत्र
इनर्वाभाठा,7,625,आवासिय क्षेत्र
इनर्वाभाठा,7,626,आवासिय क्षेत्र
इनर्वाभाठा,7,627,आवासिय क्षेत्र
इनर्वाभाठा,7,628,आवासिय क्षेत्र
इनर्वाभाठा,7,655,कृषि क्षेत्र
इनर्वाभाठा,7,656,कृषि क्षेत्र
इनर्वाभाठा,7,677,कृषि क्षेत्र
इनर्वाभाठा,7,678,कृषि क्षेत्र
इनर्वाभाठा,7,679,कृषि क्षेत्र
इनर्वाभाठा,7,680,कृषि क्षेत्र
इनर्वाभाठा,7,9990,कृषि क्षेत्र
इनर्वाभाठा,7,9991,कृषि क्षेत्र
इनर्वाभाठा,7,9991,कृषि क्षेत्र
इनर्वाभाठा,7,9992,कृषि क्षेत्र
इनर्वाभाठा,7,9992,कृषि क्षेत्र
इनर्वाभाठा,7,9993,कृषि क्षेत्र
इनर्वाभाठा,7,9994,कृषि क्षेत्र
इनर्वाभाठा,7,9996,आवासिय क्षेत्र
इनर्वाभाठा,7,9997,कृषि क्षेत्र
इनर्वाभाठा,7,9998,आवासिय क्षेत्र
इनर्वाभाठा,7 गाउँ,1,आवासिय क्षेत्र
इनर्वाभाठा,7 गाउँ,2,आवासिय क्षेत्र
इनर्वाभाठा,7 गाउँ,3,आवासिय क्षेत्र
इनर्वाभाठा,7 गाउँ,4,आवासिय क्षेत्र
इनर्वाभाठा,7 गाउँ,5,आवासिय क्षेत्र
इनर्वाभाठा,7 गाउँ,6,आवासिय क्षेत्र
इनर्वाभाठा,7 गाउँ,7,आवासिय क्षेत्र
इनर्वाभाठा,7 गाउँ,8,आवासिय क्षेत्र
इनर्वाभाठा,7 गाउँ,10,आवासिय क्षेत्र
इनर्वाभाठा,7 गाउँ,11,आवासिय क्षेत्र
इनर्वाभाठा,7 गाउँ,12,आवासिय क्षेत्र
इनर्वाभाठा,7 गाउँ,13,आवासिय क्षेत्र
इनर्वाभाठा,7 गाउँ,14,आवासिय क्षेत्र
इनर्वाभाठा,7 गाउँ,15,आवासिय क्षेत्र
इनर्वाभाठा,7 गाउँ,16,आवासिय क्षेत्र
इनर्वाभाठा,7 गाउँ,17,आवासिय क्षेत्र
इनर्वाभाठा,7 गाउँ,18,आवासिय क्षेत्र
इनर्वाभाठा,7 गाउँ,19,आवासिय क्षेत्र
इनर्वाभाठा,7 गाउँ,20,आवासिय क्षेत्र
इनर्वाभाठा,7 गाउँ,21,आवासिय क्षेत्र
इनर्वाभाठा,7 गाउँ,22,आवासिय क्षेत्र
इनर्वाभाठा,7 गाउँ,24,आवासिय क्षेत्र
इनर्वाभाठा,7 गाउँ,25,आवासिय क्षेत्र
इनर्वाभाठा,7 गाउँ,27,आवासिय क्षेत्र
इनर्वाभाठा,7 गाउँ,28,आवासिय क्षेत्र
इनर्वाभाठा,7 गाउँ,29,आवासिय क्षेत्र
इनर्वाभाठा,7 गाउँ,32,आवासिय क्षेत्र
इनर्वाभाठा,7 गाउँ,33,सार्वजनिक उपयोग क्षेत्र
इनर्वाभाठा,7 गाउँ,35,आवासिय क्षेत्र
इनर्वाभाठा,7 गाउँ,37,आवासिय क्षेत्र
इनर्वाभाठा,7 गाउँ,38,आवासिय क्षेत्र
इनर्वाभाठा,7 गाउँ,39,आवासिय क्षेत्र
इनर्वाभाठा,7 गाउँ,40,आवासिय क्षेत्र
इनर्वाभाठा,7 गाउँ,46,आवासिय क्षेत्र
इनर्वाभाठा,7 गाउँ,47,आवासिय क्षेत्र
इनर्वाभाठा,7 गाउँ,48,आवासिय क्षेत्र
इनर्वाभाठा,7 गाउँ,49,आवासिय क्षेत्र
इनर्वाभाठा,7 गाउँ,50,आवासिय क्षेत्र
इनर्वाभाठा,7 गाउँ,51,आवासिय क्षेत्र
इनर्वाभाठा,7 गाउँ,52,आवासिय क्षेत्र
इनर्वाभाठा,7 गाउँ,53,आवासिय क्षेत्र
इनर्वाभाठा,7 गाउँ,9998,आवासिय क्षेत्र
इनर्वाभाठा,7 गाउँ,9999,आवासिय क्षेत्र
इनर्वाभाठा,7 नहर,0,सार्वजनिक उपयोग क्षेत्र
इनर्वाभाठा,7 नहर,0,सार्वजनिक उपयोग क्षेत्र
इनर्वाभाठा,7 नहर,0,सार्वजनिक उपयोग क्षेत्र
इनर्वाभाठा,7 नहर,0,आवासिय क्षेत्र
इनर्वाभाठा,7 नहर,37,आवासिय क्षेत्र
इनर्वाभाठा,7 नहर,38,आवासिय क्षेत्र
इनर्वाभाठा,7 नहर,42,आवासिय क्षेत्र
इनर्वाभाठा,7 नहर,45,आवासिय क्षेत्र
इनर्वाभाठा,7 नहर,108,आवासिय क्षेत्र
इनर्वाभाठा,7 नहर,194,आवासिय क्षेत्र
इनर्वाभाठा,7 नहर,195,आवासिय क्षेत्र
इनर्वाभाठा,7 नहर,201,आवासिय क्षेत्र
इनर्वाभाठा,7 नहर,312,आवासिय क्षेत्र
इनर्वाभाठा,7 नहर,313,आवासिय क्षेत्र
इनर्वाभाठा,7 नहर,314,आवासिय क्षेत्र
इनर्वाभाठा,7 नहर,316,आवासिय क्षेत्र
इनर्वाभाठा,7 नहर,317,आवासिय क्षेत्र
इनर्वाभाठा,7 नहर,318,आवासिय क्षेत्र
इनर्वाभाठा,7 नहर,319,आवासिय क्षेत्र
इनर्वाभाठा,7 नहर,320,आवासिय क्षेत्र
इनर्वाभाठा,7 नहर,321,आवासिय क्षेत्र
इनर्वाभाठा,7 नहर,322,आवासिय क्षेत्र
इनर्वाभाठा,7 नहर,323,आवासिय क्षेत्र
इनर्वाभाठा,7 नहर,324,आवासिय क्षेत्र
इनर्वाभाठा,7 नहर,337,आवासिय क्षेत्र
इनर्वाभाठा,7 नहर,338,आवासिय क्षेत्र
इनर्वाभाठा,7 नहर,339,आवासिय क्षेत्र
इनर्वाभाठा,7 नहर,340,आवासिय क्षेत्र
इनर्वाभाठा,7 नहर,357,आवासिय क्षेत्र
इनर्वाभाठा,7 नहर,358,आवासिय क्षेत्र
इनर्वाभाठा,7 नहर,359,आवासिय क्षेत्र
इनर्वाभाठा,7 नहर,360,आवासिय क्षेत्र
इनर्वाभाठा,7 नहर,361,आवासिय क्षेत्र
इनर्वाभाठा,7 नहर,362,आवासिय क्षेत्र
इनर्वाभाठा,7 नहर,363,आवासिय क्षेत्र
इनर्वाभाठा,7 नहर,364,आवासिय क्षेत्र
इनर्वाभाठा,7 नहर,365,आवासिय क्षेत्र
इनर्वाभाठा,7 नहर,366,आवासिय क्षेत्र
इनर्वाभाठा,7 नहर,367,आवासिय क्षेत्र
इनर्वाभाठा,7 नहर,368,आवासिय क्षेत्र
इनर्वाभाठा,7 नहर,395,आवासिय क्षेत्र
इनर्वाभाठा,7 नहर,397,आवासिय क्षेत्र
इनर्वाभाठा,7 नहर,398,आवासिय क्षेत्र
इनर्वाभाठा,7 नहर,462,आवासिय क्षेत्र
इनर्वाभाठा,7 नहर,462,आवासिय क्षेत्र
इनर्वाभाठा,7 नहर,463,आवासिय क्षेत्र
इनर्वाभाठा,7 नहर,464,आवासिय क्षेत्र
इनर्वाभाठा,7 नहर,465,आवासिय क्षेत्र
इनर्वाभाठा,7 नहर,482,आवासिय क्षेत्र
इनर्वाभाठा,7 नहर,483,आवासिय क्षेत्र
इनर्वाभाठा,7 नहर,485,
इनर्वाभाठा,7 नहर,486,आवासिय क्षेत्र
इनर्वाभाठा,7 नहर,507,आवासिय क्षेत्र
इनर्वाभाठा,7 नहर,508,आवासिय क्षेत्र
इनर्वाभाठा,7 नहर,528,आवासिय क्षेत्र
इनर्वाभाठा,7 नहर,529,आवासिय क्षेत्र
इनर्वाभाठा,7 नहर,588,आवासिय क्षेत्र
इनर्वाभाठा,7 नहर,589,आवासिय क्षेत्र
इनर्वाभाठा,7 नहर,590,आवासिय क्षेत्र
इनर्वाभाठा,7 नहर,596,आवासिय क्षेत्र
इनर्वाभाठा,7 नहर,607,आवासिय क्षेत्र
इनर्वाभाठा,7 नहर,608,आवासिय क्षेत्र
इनर्वाभाठा,7 नहर,617,आवासिय क्षेत्र
इनर्वाभाठा,7 नहर,618,आवासिय क्षेत्र
इनर्वाभाठा,7 नहर,635,आवासिय क्षेत्र
इनर्वाभाठा,7 नहर,647,आवासिय क्षेत्र
इनर्वाभाठा,7 नहर,648,आवासिय क्षेत्र
इनर्वाभाठा,7 नहर,649,आवासिय क्षेत्र
इनर्वाभाठा,7 नहर,651,आवासिय क्षेत्र
इनर्वाभाठा,7 नहर,653,आवासिय क्षेत्र
इनर्वाभाठा,7 नहर,659,आवासिय क्षेत्र
इनर्वाभाठा,7 नहर,660,आवासिय क्षेत्र
इनर्वाभाठा,7 नहर,665,आवासिय क्षेत्र
इनर्वाभाठा,7 नहर,667,आवासिय क्षेत्र
इनर्वाभाठा,7 नहर,668,आवासिय क्षेत्र
इनर्वाभाठा,7 नहर,669,आवासिय क्षेत्र
इनर्वाभाठा,7 नहर,670,आवासिय क्षेत्र
इनर्वाभाठा,7 नहर,671,आवासिय क्षेत्र
इनर्वाभाठा,7 नहर,672,आवासिय क्षेत्र
इनर्वाभाठा,7 नहर,681,आवासिय क्षेत्र
इनर्वाभाठा,7 नहर,683,आवासिय क्षेत्र
इनर्वाभाठा,7 नहर,684,आवासिय क्षेत्र
इनर्वाभाठा,7 नहर,685,आवासिय क्षेत्र
इनर्वाभाठा,7 नहर,9999,आवासिय क्षेत्र
इनर्वाभाठा,8,1,आवासिय क्षेत्र
इनर्वाभाठा,8,2,आवासिय क्षेत्र
इनर्वाभाठा,8,3,आवासिय क्षेत्र
इनर्वाभाठा,8,4,आवासिय क्षेत्र
इनर्वाभाठा,8,5,आवासिय क्षेत्र
इनर्वाभाठा,8,6,आवासिय क्षेत्र
इनर्वाभाठा,8,8,कृषि क्षेत्र
इनर्वाभाठा,8,12,आवासिय क्षेत्र
इनर्वाभाठा,8,13,आवासिय क्षेत्र
इनर्वाभाठा,8,14,आवासिय क्षेत्र
इनर्वाभाठा,8,15,कृषि क्षेत्र
इनर्वाभाठा,8,16,कृषि क्षेत्र
इनर्वाभाठा,8,19,कृषि क्षेत्र
इनर्वाभाठा,8,21,कृषि क्षेत्र
इनर्वाभाठा,8,22,कृषि क्षेत्र
इनर्वाभाठा,8,23,कृषि क्षेत्र
इनर्वाभाठा,8,26,कृषि क्षेत्र
इनर्वाभाठा,8,27,कृषि क्षेत्र
इनर्वाभाठा,8,29,कृषि क्षेत्र
इनर्वाभाठा,8,29,कृषि क्षेत्र
इनर्वाभाठा,8,30,कृषि क्षेत्र
इनर्वाभाठा,8,31,कृषि क्षेत्र
इनर्वाभाठा,8,35,कृषि क्षेत्र
इनर्वाभाठा,8,36,कृषि क्षेत्र
इनर्वाभाठा,8,37,कृषि क्षेत्र
इनर्वाभाठा,8,38,कृषि क्षेत्र
इनर्वाभाठा,8,40,आवासिय क्षेत्र
इनर्वाभाठा,8,44,कृषि क्षेत्र
इनर्वाभाठा,8,46,आवासिय क्षेत्र
इनर्वाभाठा,8,49,आवासिय क्षेत्र
इनर्वाभाठा,8,50,आवासिय क्षेत्र
इनर्वाभाठा,8,51,आवासिय क्षेत्र
इनर्वाभाठा,8,54,आवासिय क्षेत्र
इनर्वाभाठा,8,55,आवासिय क्षेत्र
इनर्वाभाठा,8,56,आवासिय क्षेत्र
इनर्वाभाठा,8,57,आवासिय क्षेत्र
इनर्वाभाठा,8,58,आवासिय क्षेत्र
इनर्वाभाठा,8,58,आवासिय क्षेत्र
इनर्वाभाठा,8,60,आवासिय क्षेत्र
इनर्वाभाठा,8,61,आवासिय क्षेत्र
इनर्वाभाठा,8,62,आवासिय क्षेत्र
इनर्वाभाठा,8,63,आवासिय क्षेत्र
इनर्वाभाठा,8,65,आवासिय क्षेत्र
इनर्वाभाठा,8,66,आवासिय क्षेत्र
इनर्वाभाठा,8,70,आवासिय क्षेत्र
इनर्वाभाठा,8,71,आवासिय क्षेत्र
इनर्वाभाठा,8,72,आवासिय क्षेत्र
इनर्वाभाठा,8,74,आवासिय क्षेत्र
इनर्वाभाठा,8,75,आवासिय क्षेत्र
इनर्वाभाठा,8,76,आवासिय क्षेत्र
इनर्वाभाठा,8,78,आवासिय क्षेत्र
इनर्वाभाठा,8,79,आवासिय क्षेत्र
इनर्वाभाठा,8,83,आवासिय क्षेत्र
इनर्वाभाठा,8,85,आवासिय क्षेत्र
इनर्वाभाठा,8,86,आवासिय क्षेत्र
इनर्वाभाठा,8,88,आवासिय क्षेत्र
इनर्वाभाठा,8,90,आवासिय क्षेत्र
इनर्वाभाठा,8,92,आवासिय क्षेत्र
इनर्वाभाठा,8,94,आवासिय क्षेत्र
इनर्वाभाठा,8,95,आवासिय क्षेत्र
इनर्वाभाठा,8,98,आवासिय क्षेत्र
इनर्वाभाठा,8,99,आवासिय क्षेत्र
इनर्वाभाठा,8,100,आवासिय क्षेत्र
इनर्वाभाठा,8,101,आवासिय क्षेत्र
इनर्वाभाठा,8,102,आवासिय क्षेत्र
इनर्वाभाठा,8,103,आवासिय क्षेत्र
इनर्वाभाठा,8,104,आवासिय क्षेत्र
इनर्वाभाठा,8,106,आवासिय क्षेत्र
इनर्वाभाठा,8,106,आवासिय क्षेत्र
इनर्वाभाठा,8,107,आवासिय क्षेत्र
इनर्वाभाठा,8,108,आवासिय क्षेत्र
इनर्वाभाठा,8,110,आवासिय क्षेत्र
इनर्वाभाठा,8,111,आवासिय क्षेत्र
इनर्वाभाठा,8,112,आवासिय क्षेत्र
इनर्वाभाठा,8,113,आवासिय क्षेत्र
इनर्वाभाठा,8,114,आवासिय क्षेत्र
इनर्वाभाठा,8,115,आवासिय क्षेत्र
इनर्वाभाठा,8,116,आवासिय क्षेत्र
इनर्वाभाठा,8,117,आवासिय क्षेत्र
इनर्वाभाठा,8,118,आवासिय क्षेत्र
इनर्वाभाठा,8,118,आवासिय क्षेत्र
इनर्वाभाठा,8,119,आवासिय क्षेत्र
इनर्वाभाठा,8,120,आवासिय क्षेत्र
इनर्वाभाठा,8,124,आवासिय क्षेत्र
इनर्वाभाठा,8,125,आवासिय क्षेत्र
इनर्वाभाठा,8,126,आवासिय क्षेत्र
इनर्वाभाठा,8,127,आवासिय क्षेत्र
इनर्वाभाठा,8,130,आवासिय क्षेत्र
इनर्वाभाठा,8,131,आवासिय क्षेत्र
इनर्वाभाठा,8,131,आवासिय क्षेत्र
इनर्वाभाठा,8,132,आवासिय क्षेत्र
इनर्वाभाठा,8,133,आवासिय क्षेत्र
इनर्वाभाठा,8,134,आवासिय क्षेत्र
इनर्वाभाठा,8,135,आवासिय क्षेत्र
इनर्वाभाठा,8,136,आवासिय क्षेत्र
इनर्वाभाठा,8,139,आवासिय क्षेत्र
इनर्वाभाठा,8,140,आवासिय क्षेत्र
इनर्वाभाठा,8,141,आवासिय क्षेत्र
इनर्वाभाठा,8,143,आवासिय क्षेत्र
इनर्वाभाठा,8,144,आवासिय क्षेत्र
इनर्वाभाठा,8,146,आवासिय क्षेत्र
इनर्वाभाठा,8,146,आवासिय क्षेत्र
इनर्वाभाठा,8,147,आवासिय क्षेत्र
इनर्वाभाठा,8,149,आवासिय क्षेत्र
इनर्वाभाठा,8,149,आवासिय क्षेत्र
इनर्वाभाठा,8,150,आवासिय क्षेत्र
इनर्वाभाठा,8,151,आवासिय क्षेत्र
इनर्वाभाठा,8,153,आवासिय क्षेत्र
इनर्वाभाठा,8,154,आवासिय क्षेत्र
इनर्वाभाठा,8,155,आवासिय क्षेत्र
इनर्वाभाठा,8,157,आवासिय क्षेत्र
इनर्वाभाठा,8,158,आवासिय क्षेत्र
इनर्वाभाठा,8,158,आवासिय क्षेत्र
इनर्वाभाठा,8,159,आवासिय क्षेत्र
इनर्वाभाठा,8,160,आवासिय क्षेत्र
इनर्वाभाठा,8,164,"नदी, खोला, ताल, सिमसार क्षेत्र"
इनर्वाभाठा,8,168,आवासिय क्षेत्र
इनर्वाभाठा,8,169,आवासिय क्षेत्र
इनर्वाभाठा,8,176,आवासिय क्षेत्र
इनर्वाभाठा,8,178,आवासिय क्षेत्र
इनर्वाभाठा,8,179,आवासिय क्षेत्र
इनर्वाभाठा,8,181,आवासिय क्षेत्र
इनर्वाभाठा,8,185,कृषि क्षेत्र
इनर्वाभाठा,8,187,आवासिय क्षेत्र
इनर्वाभाठा,8,190,आवासिय क्षेत्र
इनर्वाभाठा,8,191,आवासिय क्षेत्र
इनर्वाभाठा,8,191,आवासिय क्षेत्र
इनर्वाभाठा,8,192,आवासिय क्षेत्र
इनर्वाभाठा,8,193,आवासिय क्षेत्र
इनर्वाभाठा,8,195,आवासिय क्षेत्र
इनर्वाभाठा,8,196,आवासिय क्षेत्र
इनर्वाभाठा,8,205,कृषि क्षेत्र
इनर्वाभाठा,8,206,कृषि क्षेत्र
इनर्वाभाठा,8,207,कृषि क्षेत्र
इनर्वाभाठा,8,211,कृषि क्षेत्र
इनर्वाभाठा,8,212,कृषि क्षेत्र
इनर्वाभाठा,8,215,आवासिय क्षेत्र
इनर्वाभाठा,8,216,आवासिय क्षेत्र
इनर्वाभाठा,8,219,आवासिय क्षेत्र
इनर्वाभाठा,8,220,आवासिय क्षेत्र
इनर्वाभाठा,8,223,आवासिय क्षेत्र
इनर्वाभाठा,8,270,आवासिय क्षेत्र
इनर्वाभाठा,8,278,आवासिय क्षेत्र
इनर्वाभाठा,8,279,आवासिय क्षेत्र
इनर्वाभाठा,8,280,आवासिय क्षेत्र
इनर्वाभाठा,8,290,आवासिय क्षेत्र
इनर्वाभाठा,8,291,आवासिय क्षेत्र
इनर्वाभाठा,8,293,आवासिय क्षेत्र
इनर्वाभाठा,8,294,आवासिय क्षेत्र
इनर्वाभाठा,8,298,आवासिय क्षेत्र
इनर्वाभाठा,8,299,आवासिय क्षेत्र
इनर्वाभाठा,8,300,कृषि क्षेत्र
इनर्वाभाठा,8,302,आवासिय क्षेत्र
इनर्वाभाठा,8,303,कृषि क्षेत्र
इनर्वाभाठा,8,306,आवासिय क्षेत्र
इनर्वाभाठा,8,309,आवासिय क्षेत्र
इनर्वाभाठा,8,310,आवासिय क्षेत्र
इनर्वाभाठा,8,315,कृषि क्षेत्र
इनर्वाभाठा,8,317,आवासिय क्षेत्र
इनर्वाभाठा,8,319,आवासिय क्षेत्र
इनर्वाभाठा,8,320,आवासिय क्षेत्र
इनर्वाभाठा,8,321,आवासिय क्षेत्र
इनर्वाभाठा,8,325,आवासिय क्षेत्र
इनर्वाभाठा,8,338,आवासिय क्षेत्र
इनर्वाभाठा,8,339,आवासिय क्षेत्र
इनर्वाभाठा,8,340,आवासिय क्षेत्र
इनर्वाभाठा,8,357,कृषि क्षेत्र
इनर्वाभाठा,8,358,कृषि क्षेत्र
इनर्वाभाठा,8,359,कृषि क्षेत्र
इनर्वाभाठा,8,381,आवासिय क्षेत्र
इनर्वाभाठा,8,382,आवासिय क्षेत्र
इनर्वाभाठा,8,383,आवासिय क्षेत्र
इनर्वाभाठा,8,384,कृषि क्षेत्र
इनर्वाभाठा,8,385,कृषि क्षेत्र
इनर्वाभाठा,8,386,कृषि क्षेत्र
इनर्वाभाठा,8,434,आवासिय क्षेत्र
इनर्वाभाठा,8,435,आवासिय क्षेत्र
इनर्वाभाठा,8,437,आवासिय क्षेत्र
इनर्वाभाठा,8,441,आवासिय क्षेत्र
इनर्वाभाठा,8,442,आवासिय क्षेत्र
इनर्वाभाठा,8,458,आवासिय क्षेत्र
इनर्वाभाठा,8,459,आवासिय क्षेत्र
इनर्वाभाठा,8,460,आवासिय क्षेत्र
इनर्वाभाठा,8,461,आवासिय क्षेत्र
इनर्वाभाठा,8,462,आवासिय क्षेत्र
इनर्वाभाठा,8,475,कृषि क्षेत्र
इनर्वाभाठा,8,476,कृषि क्षेत्र
इनर्वाभाठा,8,490,आवासिय क्षेत्र
इनर्वाभाठा,8,493,आवासिय क्षेत्र
इनर्वाभाठा,8,494,आवासिय क्षेत्र
इनर्वाभाठा,8,495,आवासिय क्षेत्र
इनर्वाभाठा,8,496,आवासिय क्षेत्र
इनर्वाभाठा,8,496,आवासिय क्षेत्र
इनर्वाभाठा,8,497,आवासिय क्षेत्र
इनर्वाभाठा,8,505,आवासिय क्षेत्र
इनर्वाभाठा,8,506,आवासिय क्षेत्र
इनर्वाभाठा,8,509,आवासिय क्षेत्र
इनर्वाभाठा,8,510,आवासिय क्षेत्र
इनर्वाभाठा,8,511,आवासिय क्षेत्र
इनर्वाभाठा,8,537,आवासिय क्षेत्र
इनर्वाभाठा,8,538,आवासिय क्षेत्र
इनर्वाभाठा,8,539,आवासिय क्षेत्र
इनर्वाभाठा,8,557,आवासिय क्षेत्र
इनर्वाभाठा,8,558,आवासिय क्षेत्र
इनर्वाभाठा,8,559,आवासिय क्षेत्र
इनर्वाभाठा,8,560,आवासिय क्षेत्र
इनर्वाभाठा,8,561,आवासिय क्षेत्र
इनर्वाभाठा,8,562,आवासिय क्षेत्र
इनर्वाभाठा,8,609,आवासिय क्षेत्र
इनर्वाभाठा,8,610,आवासिय क्षेत्र
इनर्वाभाठा,8,610,आवासिय क्षेत्र
इनर्वाभाठा,8,611,आवासिय क्षेत्र
इनर्वाभाठा,8,618,कृषि क्षेत्र
इनर्वाभाठा,8,619,कृषि क्षेत्र
इनर्वाभाठा,8,624,आवासिय क्षेत्र
इनर्वाभाठा,8,625,आवासिय क्षेत्र
इनर्वाभाठा,8,626,आवासिय क्षेत्र
इनर्वाभाठा,8,627,आवासिय क्षेत्र
इनर्वाभाठा,8,628,आवासिय क्षेत्र
इनर्वाभाठा,8,629,आवासिय क्षेत्र
इनर्वाभाठा,8,663,आवासिय क्षेत्र
इनर्वाभाठा,8,664,आवासिय क्षेत्र
इनर्वाभाठा,8,666,कृषि क्षेत्र
इनर्वाभाठा,8,667,कृषि क्षेत्र
इनर्वाभाठा,8,683,आवासिय क्षेत्र
इनर्वाभाठा,8,684,आवासिय क्षेत्र
इनर्वाभाठा,8,700,आवासिय क्षेत्र
इनर्वाभाठा,8,701,आवासिय क्षेत्र
इनर्वाभाठा,8,724,आवासिय क्षेत्र
इनर्वाभाठा,8,725,आवासिय क्षेत्र
इनर्वाभाठा,8,726,आवासिय क्षेत्र
इनर्वाभाठा,8,727,आवासिय क्षेत्र
इनर्वाभाठा,8,801,आवासिय क्षेत्र
इनर्वाभाठा,8,802,आवासिय क्षेत्र
इनर्वाभाठा,8,812,आवासिय क्षेत्र
इनर्वाभाठा,8,813,आवासिय क्षेत्र
इनर्वाभाठा,8,829,आवासिय क्षेत्र
इनर्वाभाठा,8,830,आवासिय क्षेत्र
इनर्वाभाठा,8,847,आवासिय क्षेत्र
इनर्वाभाठा,8,850,आवासिय क्षेत्र
इनर्वाभाठा,8,851,आवासिय क्षेत्र
इनर्वाभाठा,8,859,आवासिय क्षेत्र
इनर्वाभाठा,8,860,आवासिय क्षेत्र
इनर्वाभाठा,8,861,आवासिय क्षेत्र
इनर्वाभाठा,8,862,आवासिय क्षेत्र
इनर्वाभाठा,8,863,आवासिय क्षेत्र
इनर्वाभाठा,8,864,कृषि क्षेत्र
इनर्वाभाठा,8,866,कृषि क्षेत्र
इनर्वाभाठा,8,867,कृषि क्षेत्र
इनर्वाभाठा,8,868,आवासिय क्षेत्र
इनर्वाभाठा,8,869,आवासिय क्षेत्र
इनर्वाभाठा,8,870,कृषि क्षेत्र
इनर्वाभाठा,8,871,कृषि क्षेत्र
इनर्वाभाठा,8,887,आवासिय क्षेत्र
इनर्वाभाठा,8,888,आवासिय क्षेत्र
इनर्वाभाठा,8,889,आवासिय क्षेत्र
इनर्वाभाठा,8,890,आवासिय क्षेत्र
इनर्वाभाठा,8,891,आवासिय क्षेत्र
इनर्वाभाठा,8,896,आवासिय क्षेत्र
इनर्वाभाठा,8,897,आवासिय क्षेत्र
इनर्वाभाठा,8,898,कृषि क्षेत्र
इनर्वाभाठा,8,899,कृषि क्षेत्र
इनर्वाभाठा,8,937,आवासिय क्षेत्र
इनर्वाभाठा,8,938,आवासिय क्षेत्र
इनर्वाभाठा,8,972,आवासिय क्षेत्र
इनर्वाभाठा,8,9990,आवासिय क्षेत्र
इनर्वाभाठा,8,9991,आवासिय क्षेत्र
इनर्वाभाठा,8,9992,आवासिय क्षेत्र
इनर्वाभाठा,8,9993,कृषि क्षेत्र
इनर्वाभाठा,8,9994,आवासिय क्षेत्र
इनर्वाभाठा,8,9995,आवासिय क्षेत्र
इनर्वाभाठा,8,9999,आवासिय क्षेत्र
इनर्वाभाठा,8,99999,आवासिय क्षेत्र
इनर्वाभाठा,8 गाउँ,1,आवासिय क्षेत्र
इनर्वाभाठा,8 गाउँ,2,आवासिय क्षेत्र
इनर्वाभाठा,8 गाउँ,5,आवासिय क्षेत्र
इनर्वाभाठा,8 गाउँ,6,आवासिय क्षेत्र
इनर्वाभाठा,8 गाउँ,7,आवासिय क्षेत्र
इनर्वाभाठा,8 गाउँ,8,आवासिय क्षेत्र
इनर्वाभाठा,8 गाउँ,9,आवासिय क्षेत्र
इनर्वाभाठा,8 गाउँ,10,आवासिय क्षेत्र
इनर्वाभाठा,8 गाउँ,11,आवासिय क्षेत्र
इनर्वाभाठा,8 गाउँ,13,आवासिय क्षेत्र
इनर्वाभाठा,8 गाउँ,14,आवासिय क्षेत्र
इनर्वाभाठा,8 गाउँ,14,आवासिय क्षेत्र
इनर्वाभाठा,8 गाउँ,15,आवासिय क्षेत्र
इनर्वाभाठा,8 गाउँ,16,आवासिय क्षेत्र
इनर्वाभाठा,8 गाउँ,17,आवासिय क्षेत्र
इनर्वाभाठा,8 गाउँ,18,आवासिय क्षेत्र
इनर्वाभाठा,8 गाउँ,19,आवासिय क्षेत्र
इनर्वाभाठा,8 गाउँ,20,आवासिय क्षेत्र
इनर्वाभाठा,8 गाउँ,21,आवासिय क्षेत्र
इनर्वाभाठा,8 गाउँ,22,आवासिय क्षेत्र
इनर्वाभाठा,8 गाउँ,23,आवासिय क्षेत्र
इनर्वाभाठा,8 गाउँ,23,आवासिय क्षेत्र
इनर्वाभाठा,8 गाउँ,24,आवासिय क्षेत्र
इनर्वाभाठा,8 गाउँ,25,आवासिय क्षेत्र
इनर्वाभाठा,8 गाउँ,27,आवासिय क्षेत्र
इनर्वाभाठा,8 गाउँ,28,आवासिय क्षेत्र
इनर्वाभाठा,8 गाउँ,29,आवासिय क्षेत्र
इनर्वाभाठा,8 गाउँ,31,आवासिय क्षेत्र
इनर्वाभाठा,8 गाउँ,32,आवासिय क्षेत्र
इनर्वाभाठा,8 गाउँ,33,आवासिय क्षेत्र
इनर्वाभाठा,8 गाउँ,36,आवासिय क्षेत्र
इनर्वाभाठा,8 गाउँ,39,आवासिय क्षेत्र
इनर्वाभाठा,8 गाउँ,39,आवासिय क्षेत्र
इनर्वाभाठा,8 गाउँ,40,आवासिय क्षेत्र
इनर्वाभाठा,8 गाउँ,41,आवासिय क्षेत्र
इनर्वाभाठा,8 गाउँ,43,आवासिय क्षेत्र
इनर्वाभाठा,8 गाउँ,44,आवासिय क्षेत्र
इनर्वाभाठा,8 गाउँ,45,आवासिय क्षेत्र
इनर्वाभाठा,8 गाउँ,46,आवासिय क्षेत्र
इनर्वाभाठा,8 गाउँ,47,आवासिय क्षेत्र
इनर्वाभाठा,8 गाउँ,50,आवासिय क्षेत्र
इनर्वाभाठा,8 गाउँ,52,आवासिय क्षेत्र
इनर्वाभाठा,8 गाउँ,53,आवासिय क्षेत्र
इनर्वाभाठा,8 गाउँ,55,आवासिय क्षेत्र
इनर्वाभाठा,8 गाउँ,56,आवासिय क्षेत्र
इनर्वाभाठा,8 गाउँ,59,आवासिय क्षेत्र
इनर्वाभाठा,8 गाउँ,66,आवासिय क्षेत्र
इनर्वाभाठा,8 गाउँ,68,आवासिय क्षेत्र
इनर्वाभाठा,8 गाउँ,69,आवासिय क्षेत्र
इनर्वाभाठा,8 गाउँ,74,आवासिय क्षेत्र
इनर्वाभाठा,8 गाउँ,79,आवासिय क्षेत्र
इनर्वाभाठा,8 गाउँ,83,आवासिय क्षेत्र
इनर्वाभाठा,8 गाउँ,84,आवासिय क्षेत्र
इनर्वाभाठा,8 गाउँ,85,आवासिय क्षेत्र
इनर्वाभाठा,8 गाउँ,86,आवासिय क्षेत्र
इनर्वाभाठा,8 गाउँ,91,आवासिय क्षेत्र
इनर्वाभाठा,8 गाउँ,92,आवासिय क्षेत्र
इनर्वाभाठा,8 गाउँ,93,आवासिय क्षेत्र
इनर्वाभाठा,8 गाउँ,94,आवासिय क्षेत्र
इनर्वाभाठा,8 गाउँ,96,आवासिय क्षेत्र
इनर्वाभाठा,8 गाउँ,97,आवासिय क्षेत्र
इनर्वाभाठा,8 गाउँ,98,आवासिय क्षेत्र
इनर्वाभाठा,8 गाउँ,99,आवासिय क्षेत्र
इनर्वाभाठा,8 गाउँ,101,आवासिय क्षेत्र
इनर्वाभाठा,8 गाउँ,102,आवासिय क्षेत्र
इनर्वाभाठा,8 गाउँ,105,आवासिय क्षेत्र
इनर्वाभाठा,8 गाउँ,107,आवासिय क्षेत्र
इनर्वाभाठा,8 गाउँ,108,आवासिय क्षेत्र
इनर्वाभाठा,8 गाउँ,113,आवासिय क्षेत्र
इनर्वाभाठा,8 गाउँ,115,आवासिय क्षेत्र
इनर्वाभाठा,8 गाउँ,116,आवासिय क्षेत्र
इनर्वाभाठा,8 गाउँ,117,आवासिय क्षेत्र
इनर्वाभाठा,8 गाउँ,118,आवासिय क्षेत्र
इनर्वाभाठा,8 गाउँ,119,आवासिय क्षेत्र
इनर्वाभाठा,8 गाउँ,124,आवासिय क्षेत्र
इनर्वाभाठा,8 गाउँ,125,आवासिय क्षेत्र
इनर्वाभाठा,8 गाउँ,128,आवासिय क्षेत्र
इनर्वाभाठा,8 गाउँ,129,आवासिय क्षेत्र
इनर्वाभाठा,8 गाउँ,130,आवासिय क्षेत्र
इनर्वाभाठा,8 गाउँ,131,आवासिय क्षेत्र
इनर्वाभाठा,8 गाउँ,134,आवासिय क्षेत्र
इनर्वाभाठा,8 गाउँ,135,आवासिय क्षेत्र
इनर्वाभाठा,8 गाउँ,138,आवासिय क्षेत्र
इनर्वाभाठा,8 गाउँ,139,आवासिय क्षेत्र
इनर्वाभाठा,8 गाउँ,140,आवासिय क्षेत्र
इनर्वाभाठा,8 गाउँ,141,आवासिय क्षेत्र
इनर्वाभाठा,8 गाउँ,9980,आवासिय क्षेत्र
इनर्वाभाठा,8 गाउँ,9981,आवासिय क्षेत्र
इनर्वाभाठा,8 गाउँ,9982,आवासिय क्षेत्र
इनर्वाभाठा,8 गाउँ,9983,आवासिय क्षेत्र
इनर्वाभाठा,8 गाउँ,9984,आवासिय क्षेत्र
इनर्वाभाठा,8 गाउँ,9985,आवासिय क्षेत्र
इनर्वाभाठा,8 गाउँ,9988,आवासिय क्षेत्र
इनर्वाभाठा,8 गाउँ,9989,आवासिय क्षेत्र
इनर्वाभाठा,8 गाउँ,9991,आवासिय क्षेत्र
इनर्वाभाठा,8 गाउँ,9992,आवासिय क्षेत्र
इनर्वाभाठा,8 गाउँ,9993,आवासिय क्षेत्र
इनर्वाभाठा,8 गाउँ,9994,आवासिय क्षेत्र
इनर्वाभाठा,8 गाउँ,9995,आवासिय क्षेत्र
इनर्वाभाठा,8 गाउँ,9998,आवासिय क्षेत्र
इनर्वाभाठा,8 नहर,1,आवासिय क्षेत्र
इनर्वाभाठा,8 नहर,3,आवासिय क्षेत्र
इनर्वाभाठा,8 नहर,10,आवासिय क्षेत्र
इनर्वाभाठा,8 नहर,11,आवासिय क्षेत्र
इनर्वाभाठा,8 नहर,12,आवासिय क्षेत्र
इनर्वाभाठा,8 नहर,39,आवासिय क्षेत्र
इनर्वाभाठा,8 नहर,40,आवासिय क्षेत्र
इनर्वाभाठा,8 नहर,41,आवासिय क्षेत्र
इनर्वाभाठा,8 नहर,42,आवासिय क्षेत्र
इनर्वाभाठा,8 नहर,52,आवासिय क्षेत्र
इनर्वाभाठा,8 नहर,53,आवासिय क्षेत्र
इनर्वाभाठा,8 नहर,54,आवासिय क्षेत्र
इनर्वाभाठा,8 नहर,56,आवासिय क्षेत्र
इनर्वाभाठा,8 नहर,57,आवासिय क्षेत्र
इनर्वाभाठा,8 नहर,58,आवासिय क्षेत्र
इनर्वाभाठा,8 नहर,60,आवासिय क्षेत्र
इनर्वाभाठा,8 नहर,63,आवासिय क्षेत्र
इनर्वाभाठा,8 नहर,64,आवासिय क्षेत्र
इनर्वाभाठा,8 नहर,65,आवासिय क्षेत्र
इनर्वाभाठा,8 नहर,68,आवासिय क्षेत्र
इनर्वाभाठा,8 नहर,69,आवासिय क्षेत्र
इनर्वाभाठा,8 नहर,73,आवासिय क्षेत्र
इनर्वाभाठा,8 नहर,75,आवासिय क्षेत्र
इनर्वाभाठा,8 नहर,76,आवासिय क्षेत्र
इनर्वाभाठा,8 नहर,108,आवासिय क्षेत्र
इनर्वाभाठा,8 नहर,110,आवासिय क्षेत्र
इनर्वाभाठा,8 नहर,113,आवासिय क्षेत्र
इनर्वाभाठा,8 नहर,114,आवासिय क्षेत्र
इनर्वाभाठा,8 नहर,115,आवासिय क्षेत्र
इनर्वाभाठा,8 नहर,224,सार्वजनिक उपयोग क्षेत्र
इनर्वाभाठा,8 नहर,225,सार्वजनिक उपयोग क्षेत्र
इनर्वाभाठा,8 नहर,282,आवासिय क्षेत्र
इनर्वाभाठा,8 नहर,284,आवासिय क्षेत्र
इनर्वाभाठा,8 नहर,285,आवासिय क्षेत्र
इनर्वाभाठा,8 नहर,286,आवासिय क्षेत्र
इनर्वाभाठा,8 नहर,360,आवासिय क्षेत्र
इनर्वाभाठा,8 नहर,361,आवासिय क्षेत्र
इनर्वाभाठा,8 नहर,376,आवासिय क्षेत्र
इनर्वाभाठा,8 नहर,380,सार्वजनिक उपयोग क्षेत्र
इनर्वाभाठा,8 नहर,381,आवासिय क्षेत्र
इनर्वाभाठा,8 नहर,382,आवासिय क्षेत्र
इनर्वाभाठा,8 नहर,387,सार्वजनिक उपयोग क्षेत्र
इनर्वाभाठा,8 नहर,387,सार्वजनिक उपयोग क्षेत्र
इनर्वाभाठा,8 नहर,387,सार्वजनिक उपयोग क्षेत्र
इनर्वाभाठा,8 नहर,387,सार्वजनिक उपयोग क्षेत्र
इनर्वाभाठा,8 नहर,387,सार्वजनिक उपयोग क्षेत्र
इनर्वाभाठा,8 नहर,387,सार्वजनिक उपयोग क्षेत्र
इनर्वाभाठा,8 नहर,387,सार्वजनिक उपयोग क्षेत्र
इनर्वाभाठा,8 नहर,390,आवासिय क्षेत्र
इनर्वाभाठा,8 नहर,391,आवासिय क्षेत्र
इनर्वाभाठा,8 नहर,395,आवासिय क्षेत्र
इनर्वाभाठा,8 नहर,396,आवासिय क्षेत्र
इनर्वाभाठा,8 नहर,397,आवासिय क्षेत्र
इनर्वाभाठा,8 नहर,401,आवासिय क्षेत्र
इनर्वाभाठा,8 नहर,402,आवासिय क्षेत्र
इनर्वाभाठा,8 नहर,405,आवासिय क्षेत्र
इनर्वाभाठा,8 नहर,409,आवासिय क्षेत्र
इनर्वाभाठा,8 नहर,410,आवासिय क्षेत्र
इनर्वाभाठा,8 नहर,411,आवासिय क्षेत्र
इनर्वाभाठा,8 नहर,412,आवासिय क्षेत्र
इनर्वाभाठा,8 नहर,413,आवासिय क्षेत्र
इनर्वाभाठा,8 नहर,414,आवासिय क्षेत्र
इनर्वाभाठा,8 नहर,415,आवासिय क्षेत्र
इनर्वाभाठा,8 नहर,416,आवासिय क्षेत्र
इनर्वाभाठा,8 नहर,417,आवासिय क्षेत्र
इनर्वाभाठा,8 नहर,418,आवासिय क्षेत्र
इनर्वाभाठा,8 नहर,420,आवासिय क्षेत्र
इनर्वाभाठा,8 नहर,421,आवासिय क्षेत्र
इनर्वाभाठा,8 नहर,422,आवासिय क्षेत्र
इनर्वाभाठा,8 नहर,444,आवासिय क्षेत्र
इनर्वाभाठा,8 नहर,445,आवासिय क्षेत्र
इनर्वाभाठा,8 नहर,498,आवासिय क्षेत्र
इनर्वाभाठा,8 नहर,499,आवासिय क्षेत्र
इनर्वाभाठा,8 नहर,528,आवासिय क्षेत्र
इनर्वाभाठा,8 नहर,532,आवासिय क्षेत्र
इनर्वाभाठा,8 नहर,566,आवासिय क्षेत्र
इनर्वाभाठा,8 नहर,567,आवासिय क्षेत्र
इनर्वाभाठा,8 नहर,568,आवासिय क्षेत्र
इनर्वाभाठा,8 नहर,593,आवासिय क्षेत्र
इनर्वाभाठा,8 नहर,594,आवासिय क्षेत्र
इनर्वाभाठा,8 नहर,598,आवासिय क्षेत्र
इनर्वाभाठा,8 नहर,599,आवासिय क्षेत्र
इनर्वाभाठा,8 नहर,630,आवासिय क्षेत्र
इनर्वाभाठा,8 नहर,631,आवासिय क्षेत्र
इनर्वाभाठा,8 नहर,632,आवासिय क्षेत्र
इनर्वाभाठा,8 नहर,633,आवासिय क्षेत्र
इनर्वाभाठा,8 नहर,634,आवासिय क्षेत्र
इनर्वाभाठा,8 नहर,635,आवासिय क्षेत्र
इनर्वाभाठा,8 नहर,636,आवासिय क्षेत्र
इनर्वाभाठा,8 नहर,637,आवासिय क्षेत्र
इनर्वाभाठा,8 नहर,638,आवासिय क्षेत्र
इनर्वाभाठा,8 नहर,639,आवासिय क्षेत्र
इनर्वाभाठा,8 नहर,640,आवासिय क्षेत्र
इनर्वाभाठा,8 नहर,641,आवासिय क्षेत्र
इनर्वाभाठा,8 नहर,642,आवासिय क्षेत्र
इनर्वाभाठा,8 नहर,643,आवासिय क्षेत्र
इनर्वाभाठा,8 नहर,644,आवासिय क्षेत्र
इनर्वाभाठा,8 नहर,646,आवासिय क्षेत्र
इनर्वाभाठा,8 नहर,647,आवासिय क्षेत्र
इनर्वाभाठा,8 नहर,648,आवासिय क्षेत्र
इनर्वाभाठा,8 नहर,648,आवासिय क्षेत्र
इनर्वाभाठा,8 नहर,649,आवासिय क्षेत्र
इनर्वाभाठा,8 नहर,650,आवासिय क्षेत्र
इनर्वाभाठा,8 नहर,651,आवासिय क्षेत्र
इनर्वाभाठा,8 नहर,652,आवासिय क्षेत्र
इनर्वाभाठा,8 नहर,653,आवासिय क्षेत्र
इनर्वाभाठा,8 नहर,852,आवासिय क्षेत्र
इनर्वाभाठा,8 नहर,853,आवासिय क्षेत्र
इनर्वाभाठा,8 नहर,854,आवासिय क्षेत्र
इनर्वाभाठा,8 नहर,855,आवासिय क्षेत्र
इनर्वाभाठा,8 नहर,856,आवासिय क्षेत्र
इनर्वाभाठा,8 नहर,9980,आवासिय क्षेत्र
इनर्वाभाठा,8 नहर,9981,सार्वजनिक उपयोग क्षेत्र
इनर्वाभाठा,8 नहर,9982,सार्वजनिक उपयोग क्षेत्र
इनर्वाभाठा,8 नहर,9983,सार्वजनिक उपयोग क्षेत्र
इनर्वाभाठा,8 नहर,9984,सार्वजनिक उपयोग क्षेत्र
इनर्वाभाठा,8 नहर,9985,सार्वजनिक उपयोग क्षेत्र
इनर्वाभाठा,8 नहर,9986,सार्वजनिक उपयोग क्षेत्र
इनर्वाभाठा,8 नहर,9987,सार्वजनिक उपयोग क्षेत्र
इनर्वाभाठा,8 नहर,9988,आवासिय क्षेत्र
इनर्वाभाठा,8 नहर,9989,सार्वजनिक उपयोग क्षेत्र
इनर्वाभाठा,8 नहर,9990,आवासिय क्षेत्र
इनर्वाभाठा,8 नहर,9990,आवासिय क्षेत्र
इनर्वाभाठा,8 नहर,9991,सार्वजनिक उपयोग क्षेत्र
इनर्वाभाठा,8 नहर,9992,आवासिय क्षेत्र
इनर्वाभाठा,8 नहर,9993,सार्वजनिक उपयोग क्षेत्र
इनर्वाभाठा,8 नहर,9994,सार्वजनिक उपयोग क्षेत्र
इनर्वाभाठा,8 नहर,9995,आवासिय क्षेत्र
इनर्वाभाठा,8 नहर,9996,सार्वजनिक उपयोग क्षेत्र
इनर्वाभाठा,8 नहर,9997,सार्वजनिक उपयोग क्षेत्र
इनर्वाभाठा,8 नहर,9998,सार्वजनिक उपयोग क्षेत्र
इनर्वाभाठा,8 नहर,9999,आवासिय क्षेत्र
इनर्वाभाठा,9,2,आवासिय क्षेत्र
इनर्वाभाठा,9,3,आवासिय क्षेत्र
इनर्वाभाठा,9,4,आवासिय क्षेत्र
इनर्वाभाठा,9,6,आवासिय क्षेत्र
इनर्वाभाठा,9,7,आवासिय क्षेत्र
इनर्वाभाठा,9,8,आवासिय क्षेत्र
इनर्वाभाठा,9,9,आवासिय क्षेत्र
इनर्वाभाठा,9,10,आवासिय क्षेत्र
इनर्वाभाठा,9,11,आवासिय क्षेत्र
इनर्वाभाठा,9,13,आवासिय क्षेत्र
इनर्वाभाठा,9,14,आवासिय क्षेत्र
इनर्वाभाठा,9,14,आवासिय क्षेत्र
इनर्वाभाठा,9,17,आवासिय क्षेत्र
इनर्वाभाठा,9,18,आवासिय क्षेत्र
इनर्वाभाठा,9,19,आवासिय क्षेत्र
इनर्वाभाठा,9,20,आवासिय क्षेत्र
इनर्वाभाठा,9,21,आवासिय क्षेत्र
इनर्वाभाठा,9,22,आवासिय क्षेत्र
इनर्वाभाठा,9,23,आवासिय क्षेत्र
इनर्वाभाठा,9,25,आवासिय क्षेत्र
इनर्वाभाठा,9,26,आवासिय क्षेत्र
इनर्वाभाठा,9,28,आवासिय क्षेत्र
इनर्वाभाठा,9,29,आवासिय क्षेत्र
इनर्वाभाठा,9,31,कृषि क्षेत्र
इनर्वाभाठा,9,34,कृषि क्षेत्र
इनर्वाभाठा,9,37,आवासिय क्षेत्र
इनर्वाभाठा,9,38,आवासिय क्षेत्र
इनर्वाभाठा,9,39,आवासिय क्षेत्र
इनर्वाभाठा,9,40,आवासिय क्षेत्र
इनर्वाभाठा,9,41,कृषि क्षेत्र
इनर्वाभाठा,9,42,आवासिय क्षेत्र
इनर्वाभाठा,9,43,आवासिय क्षेत्र
इनर्वाभाठा,9,44,आवासिय क्षेत्र
इनर्वाभाठा,9,45,आवासिय क्षेत्र
इनर्वाभाठा,9,46,आवासिय क्षेत्र
इनर्वाभाठा,9,48,आवासिय क्षेत्र
इनर्वाभाठा,9,49,आवासिय क्षेत्र
इनर्वाभाठा,9,50,आवासिय क्षेत्र
इनर्वाभाठा,9,52,आवासिय क्षेत्र
इनर्वाभाठा,9,53,आवासिय क्षेत्र
इनर्वाभाठा,9,54,आवासिय क्षेत्र
इनर्वाभाठा,9,57,आवासिय क्षेत्र
इनर्वाभाठा,9,58,आवासिय क्षेत्र
इनर्वाभाठा,9,61,आवासिय क्षेत्र
इनर्वाभाठा,9,62,आवासिय क्षेत्र
इनर्वाभाठा,9,63,आवासिय क्षेत्र
इनर्वाभाठा,9,64,आवासिय क्षेत्र
इनर्वाभाठा,9,65,आवासिय क्षेत्र
इनर्वाभाठा,9,66,आवासिय क्षेत्र
इनर्वाभाठा,9,67,आवासिय क्षेत्र
इनर्वाभाठा,9,68,आवासिय क्षेत्र
इनर्वाभाठा,9,69,आवासिय क्षेत्र
इनर्वाभाठा,9,70,आवासिय क्षेत्र
इनर्वाभाठा,9,71,आवासिय क्षेत्र
इनर्वाभाठा,9,72,आवासिय क्षेत्र
इनर्वाभाठा,9,73,कृषि क्षेत्र
इनर्वाभाठा,9,74,कृषि क्षेत्र
इनर्वाभाठा,9,75,कृषि क्षेत्र
इनर्वाभाठा,9,76,कृषि क्षेत्र
इनर्वाभाठा,9,77,आवासिय क्षेत्र
इनर्वाभाठा,9,78,कृषि क्षेत्र
इनर्वाभाठा,9,79,आवासिय क्षेत्र
इनर्वाभाठा,9,80,आवासिय क्षेत्र
इनर्वाभाठा,9,81,आवासिय क्षेत्र
इनर्वाभाठा,9,82,आवासिय क्षेत्र
इनर्वाभाठा,9,83,आवासिय क्षेत्र
इनर्वाभाठा,9,84,आवासिय क्षेत्र
इनर्वाभाठा,9,85,आवासिय क्षेत्र
इनर्वाभाठा,9,87,आवासिय क्षेत्र
इनर्वाभाठा,9,90,आवासिय क्षेत्र
इनर्वाभाठा,9,91,कृषि क्षेत्र
इनर्वाभाठा,9,93,आवासिय क्षेत्र
इनर्वाभाठा,9,95,कृषि क्षेत्र
इनर्वाभाठा,9,97,आवासिय क्षेत्र
इनर्वाभाठा,9,98,आवासिय क्षेत्र
इनर्वाभाठा,9,99,कृषि क्षेत्र
इनर्वाभाठा,9,100,कृषि क्षेत्र
इनर्वाभाठा,9,103,कृषि क्षेत्र
इनर्वाभाठा,9,104,कृषि क्षेत्र
इनर्वाभाठा,9,105,कृषि क्षेत्र
इनर्वाभाठा,9,106,कृषि क्षेत्र
इनर्वाभाठा,9,107,कृषि क्षेत्र
इनर्वाभाठा,9,111,आवासिय क्षेत्र
इनर्वाभाठा,9,112,आवासिय क्षेत्र
इनर्वाभाठा,9,113,आवासिय क्षेत्र
इनर्वाभाठा,9,115,आवासिय क्षेत्र
इनर्वाभाठा,9,116,आवासिय क्षेत्र
इनर्वाभाठा,9,117,आवासिय क्षेत्र
इनर्वाभाठा,9,118,आवासिय क्षेत्र
इनर्वाभाठा,9,119,आवासिय क्षेत्र
इनर्वाभाठा,9,121,कृषि क्षेत्र
इनर्वाभाठा,9,122,कृषि क्षेत्र
इनर्वाभाठा,9,123,आवासिय क्षेत्र
इनर्वाभाठा,9,124,आवासिय क्षेत्र
इनर्वाभाठा,9,130,आवासिय क्षेत्र
इनर्वाभाठा,9,131,आवासिय क्षेत्र
इनर्वाभाठा,9,133,आवासिय क्षेत्र
इनर्वाभाठा,9,136,आवासिय क्षेत्र
इनर्वाभाठा,9,139,आवासिय क्षेत्र
इनर्वाभाठा,9,140,आवासिय क्षेत्र
इनर्वाभाठा,9,143,आवासिय क्षेत्र
इनर्वाभाठा,9,144,आवासिय क्षेत्र
इनर्वाभाठा,9,145,आवासिय क्षेत्र
इनर्वाभाठा,9,146,आवासिय क्षेत्र
इनर्वाभाठा,9,148,आवासिय क्षेत्र
इनर्वाभाठा,9,150,आवासिय क्षेत्र
इनर्वाभाठा,9,152,आवासिय क्षेत्र
इनर्वाभाठा,9,153,आवासिय क्षेत्र
इनर्वाभाठा,9,155,आवासिय क्षेत्र
इनर्वाभाठा,9,156,आवासिय क्षेत्र
इनर्वाभाठा,9,157,कृषि क्षेत्र
इनर्वाभाठा,9,158,कृषि क्षेत्र
इनर्वाभाठा,9,162,आवासिय क्षेत्र
इनर्वाभाठा,9,164,आवासिय क्षेत्र
इनर्वाभाठा,9,165,आवासिय क्षेत्र
इनर्वाभाठा,9,167,कृषि क्षेत्र
इनर्वाभाठा,9,171,कृषि क्षेत्र
इनर्वाभाठा,9,173,कृषि क्षेत्र
इनर्वाभाठा,9,175,कृषि क्षेत्र
इनर्वाभाठा,9,176,कृषि क्षेत्र
इनर्वाभाठा,9,181,कृषि क्षेत्र
इनर्वाभाठा,9,185,आवासिय क्षेत्र
इनर्वाभाठा,9,187,आवासिय क्षेत्र
इनर्वाभाठा,9,188,आवासिय क्षेत्र
इनर्वाभाठा,9,188,कृषि क्षेत्र
इनर्वाभाठा,9,189,आवासिय क्षेत्र
इनर्वाभाठा,9,191,आवासिय क्षेत्र
इनर्वाभाठा,9,192,कृषि क्षेत्र
इनर्वाभाठा,9,193,आवासिय क्षेत्र
इनर्वाभाठा,9,195,कृषि क्षेत्र
इनर्वाभाठा,9,196,कृषि क्षेत्र
इनर्वाभाठा,9,197,आवासिय क्षेत्र
इनर्वाभाठा,9,198,आवासिय क्षेत्र
इनर्वाभाठा,9,199,कृषि क्षेत्र
इनर्वाभाठा,9,200,कृषि क्षेत्र
इनर्वाभाठा,9,202,कृषि क्षेत्र
इनर्वाभाठा,9,204,कृषि क्षेत्र
इनर्वाभाठा,9,205,कृषि क्षेत्र
इनर्वाभाठा,9,207,कृषि क्षेत्र
इनर्वाभाठा,9,208,कृषि क्षेत्र
इनर्वाभाठा,9,209,कृषि क्षेत्र
इनर्वाभाठा,9,210,कृषि क्षेत्र
इनर्वाभाठा,9,211,कृषि क्षेत्र
इनर्वाभाठा,9,214,कृषि क्षेत्र
इनर्वाभाठा,9,215,कृषि क्षेत्र
इनर्वाभाठा,9,216,कृषि क्षेत्र
इनर्वाभाठा,9,217,कृषि क्षेत्र
इनर्वाभाठा,9,222,आवासिय क्षेत्र
इनर्वाभाठा,9,226,आवासिय क्षेत्र
इनर्वाभाठा,9,229,आवासिय क्षेत्र
इनर्वाभाठा,9,230,आवासिय क्षेत्र
इनर्वाभाठा,9,231,आवासिय क्षेत्र
इनर्वाभाठा,9,232,आवासिय क्षेत्र
इनर्वाभाठा,9,233,आवासिय क्षेत्र
इनर्वाभाठा,9,234,आवासिय क्षेत्र
इनर्वाभाठा,9,235,आवासिय क्षेत्र
इनर्वाभाठा,9,236,आवासिय क्षेत्र
इनर्वाभाठा,9,237,आवासिय क्षेत्र
इनर्वाभाठा,9,238,आवासिय क्षेत्र
इनर्वाभाठा,9,240,आवासिय क्षेत्र
इनर्वाभाठा,9,241,आवासिय क्षेत्र
इनर्वाभाठा,9,242,आवासिय क्षेत्र
इनर्वाभाठा,9,246,आवासिय क्षेत्र
इनर्वाभाठा,9,247,आवासिय क्षेत्र
इनर्वाभाठा,9,248,आवासिय क्षेत्र
इनर्वाभाठा,9,249,आवासिय क्षेत्र
इनर्वाभाठा,9,250,आवासिय क्षेत्र
इनर्वाभाठा,9,252,आवासिय क्षेत्र
इनर्वाभाठा,9,254,आवासिय क्षेत्र
इनर्वाभाठा,9,264,आवासिय क्षेत्र
इनर्वाभाठा,9,265,आवासिय क्षेत्र
इनर्वाभाठा,9,269,आवासिय क्षेत्र
इनर्वाभाठा,9,275,आवासिय क्षेत्र
इनर्वाभाठा,9,276,आवासिय क्षेत्र
इनर्वाभाठा,9,278,आवासिय क्षेत्र
इनर्वाभाठा,9,279,आवासिय क्षेत्र
इनर्वाभाठा,9,289,आवासिय क्षेत्र
इनर्वाभाठा,9,295,आवासिय क्षेत्र
इनर्वाभाठा,9,301,आवासिय क्षेत्र
इनर्वाभाठा,9,302,आवासिय क्षेत्र
इनर्वाभाठा,9,310,कृषि क्षेत्र
इनर्वाभाठा,9,319,आवासिय क्षेत्र
इनर्वाभाठा,9,332,आवासिय क्षेत्र
इनर्वाभाठा,9,336,आवासिय क्षेत्र
इनर्वाभाठा,9,337,आवासिय क्षेत्र
इनर्वाभाठा,9,338,आवासिय क्षेत्र
इनर्वाभाठा,9,339,आवासिय क्षेत्र
इनर्वाभाठा,9,339,आवासिय क्षेत्र
इनर्वाभाठा,9,348,आवासिय क्षेत्र
इनर्वाभाठा,9,349,आवासिय क्षेत्र
इनर्वाभाठा,9,350,आवासिय क्षेत्र
इनर्वाभाठा,9,357,आवासिय क्षेत्र
इनर्वाभाठा,9,359,आवासिय क्षेत्र
इनर्वाभाठा,9,361,आवासिय क्षेत्र
इनर्वाभाठा,9,367,आवासिय क्षेत्र
इनर्वाभाठा,9,368,आवासिय क्षेत्र
इनर्वाभाठा,9,369,आवासिय क्षेत्र
इनर्वाभाठा,9,370,आवासिय क्षेत्र
इनर्वाभाठा,9,371,आवासिय क्षेत्र
इनर्वाभाठा,9,372,कृषि क्षेत्र
इनर्वाभाठा,9,374,आवासिय क्षेत्र
इनर्वाभाठा,9,375,कृषि क्षेत्र
इनर्वाभाठा,9,376,कृषि क्षेत्र
इनर्वाभाठा,9,378,आवासिय क्षेत्र
इनर्वाभाठा,9,385,आवासिय क्षेत्र
इनर्वाभाठा,9,386,आवासिय क्षेत्र
इनर्वाभाठा,9,459,कृषि क्षेत्र
इनर्वाभाठा,9,463,आवासिय क्षेत्र
इनर्वाभाठा,9,472,आवासिय क्षेत्र
इनर्वाभाठा,9,474,आवासिय क्षेत्र
इनर्वाभाठा,9,492,आवासिय क्षेत्र
इनर्वाभाठा,9,492,आवासिय क्षेत्र
इनर्वाभाठा,9,493,आवासिय क्षेत्र
इनर्वाभाठा,9,493,आवासिय क्षेत्र
इनर्वाभाठा,9,494,कृषि क्षेत्र
इनर्वाभाठा,9,498,कृषि क्षेत्र
इनर्वाभाठा,9,500,आवासिय क्षेत्र
इनर्वाभाठा,9,502,कृषि क्षेत्र
इनर्वाभाठा,9,520,कृषि क्षेत्र
इनर्वाभाठा,9,521,कृषि क्षेत्र
इनर्वाभाठा,9,524,आवासिय क्षेत्र
इनर्वाभाठा,9,525,आवासिय क्षेत्र
इनर्वाभाठा,9,526,आवासिय क्षेत्र
इनर्वाभाठा,9,528,आवासिय क्षेत्र
इनर्वाभाठा,9,528,आवासिय क्षेत्र
इनर्वाभाठा,9,534,आवासिय क्षेत्र
इनर्वाभाठा,9,535,आवासिय क्षेत्र
इनर्वाभाठा,9,543,आवासिय क्षेत्र
इनर्वाभाठा,9,544,कृषि क्षेत्र
इनर्वाभाठा,9,545,कृषि क्षेत्र
इनर्वाभाठा,9,546,कृषि क्षेत्र
इनर्वाभाठा,9,547,कृषि क्षेत्र
इनर्वाभाठा,9,552,आवासिय क्षेत्र
इनर्वाभाठा,9,568,आवासिय क्षेत्र
इनर्वाभाठा,9,569,आवासिय क्षेत्र
इनर्वाभाठा,9,576,आवासिय क्षेत्र
इनर्वाभाठा,9,587,आवासिय क्षेत्र
इनर्वाभाठा,9,587,आवासिय क्षेत्र
इनर्वाभाठा,9,604,कृषि क्षेत्र
इनर्वाभाठा,9,605,कृषि क्षेत्र
इनर्वाभाठा,9,612,आवासिय क्षेत्र
इनर्वाभाठा,9,613,आवासिय क्षेत्र
इनर्वाभाठा,9,614,आवासिय क्षेत्र
इनर्वाभाठा,9,616,आवासिय क्षेत्र
इनर्वाभाठा,9,617,आवासिय क्षेत्र
इनर्वाभाठा,9,618,आवासिय क्षेत्र
इनर्वाभाठा,9,619,आवासिय क्षेत्र
इनर्वाभाठा,9,630,आवासिय क्षेत्र
इनर्वाभाठा,9,631,आवासिय क्षेत्र
इनर्वाभाठा,9,632,आवासिय क्षेत्र
इनर्वाभाठा,9,641,आवासिय क्षेत्र
इनर्वाभाठा,9,642,कृषि क्षेत्र
इनर्वाभाठा,9,643,आवासिय क्षेत्र
इनर्वाभाठा,9,646,आवासिय क्षेत्र
इनर्वाभाठा,9,647,आवासिय क्षेत्र
इनर्वाभाठा,9,648,आवासिय क्षेत्र
इनर्वाभाठा,9,661,कृषि क्षेत्र
इनर्वाभाठा,9,664,आवासिय क्षेत्र
इनर्वाभाठा,9,665,आवासिय क्षेत्र
इनर्वाभाठा,9,674,आवासिय क्षेत्र
इनर्वाभाठा,9,681,आवासिय क्षेत्र
इनर्वाभाठा,9,682,आवासिय क्षेत्र
इनर्वाभाठा,9,695,आवासिय क्षेत्र
इनर्वाभाठा,9,696,आवासिय क्षेत्र
इनर्वाभाठा,9,700,आवासिय क्षेत्र
इनर्वाभाठा,9,702,आवासिय क्षेत्र
इनर्वाभाठा,9,703,आवासिय क्षेत्र
इनर्वाभाठा,9,704,आवासिय क्षेत्र
इनर्वाभाठा,9,705,आवासिय क्षेत्र
इनर्वाभाठा,9,706,आवासिय क्षेत्र
इनर्वाभाठा,9,707,आवासिय क्षेत्र
इनर्वाभाठा,9,712,आवासिय क्षेत्र
इनर्वाभाठा,9,715,आवासिय क्षेत्र
इनर्वाभाठा,9,726,आवासिय क्षेत्र
इनर्वाभाठा,9,727,आवासिय क्षेत्र
इनर्वाभाठा,9,728,आवासिय क्षेत्र
इनर्वाभाठा,9,729,आवासिय क्षेत्र
इनर्वाभाठा,9,730,कृषि क्षेत्र
इनर्वाभाठा,9,731,कृषि क्षेत्र
इनर्वाभाठा,9,733,आवासिय क्षेत्र
इनर्वाभाठा,9,734,आवासिय क्षेत्र
इनर्वाभाठा,9,741,कृषि क्षेत्र
इनर्वाभाठा,9,742,आवासिय क्षेत्र
इनर्वाभाठा,9,742,कृषि क्षेत्र
इनर्वाभाठा,9,743,आवासिय क्षेत्र
इनर्वाभाठा,9,744,आवासिय क्षेत्र
इनर्वाभाठा,9,745,आवासिय क्षेत्र
इनर्वाभाठा,9,746,आवासिय क्षेत्र
इनर्वाभाठा,9,747,आवासिय क्षेत्र
इनर्वाभाठा,9,752,आवासिय क्षेत्र
इनर्वाभाठा,9,755,कृषि क्षेत्र
इनर्वाभाठा,9,756,कृषि क्षेत्र
इनर्वाभाठा,9,757,कृषि क्षेत्र
इनर्वाभाठा,9,758,आवासिय क्षेत्र
इनर्वाभाठा,9,759,आवासिय क्षेत्र
इनर्वाभाठा,9,760,आवासिय क्षेत्र
इनर्वाभाठा,9,762,आवासिय क्षेत्र
इनर्वाभाठा,9,763,आवासिय क्षेत्र
इनर्वाभाठा,9,764,आवासिय क्षेत्र
इनर्वाभाठा,9,767,आवासिय क्षेत्र
इनर्वाभाठा,9,767,कृषि क्षेत्र
इनर्वाभाठा,9,768,आवासिय क्षेत्र
इनर्वाभाठा,9,768,आवासिय क्षेत्र
इनर्वाभाठा,9,769,आवासिय क्षेत्र
इनर्वाभाठा,9,777,आवासिय क्षेत्र
इनर्वाभाठा,9,778,आवासिय क्षेत्र
इनर्वाभाठा,9,779,आवासिय क्षेत्र
इनर्वाभाठा,9,780,आवासिय क्षेत्र
इनर्वाभाठा,9,784,आवासिय क्षेत्र
इनर्वाभाठा,9,785,आवासिय क्षेत्र
इनर्वाभाठा,9,805,आवासिय क्षेत्र
इनर्वाभाठा,9,806,कृषि क्षेत्र
इनर्वाभाठा,9,815,कृषि क्षेत्र
इनर्वाभाठा,9,816,कृषि क्षेत्र
इनर्वाभाठा,9,827,कृषि क्षेत्र
इनर्वाभाठा,9,828,कृषि क्षेत्र
इनर्वाभाठा,9,829,कृषि क्षेत्र
इनर्वाभाठा,9,834,कृषि क्षेत्र
इनर्वाभाठा,9,835,आवासिय क्षेत्र
इनर्वाभाठा,9,851,आवासिय क्षेत्र
इनर्वाभाठा,9,852,आवासिय क्षेत्र
इनर्वाभाठा,9,855,आवासिय क्षेत्र
इनर्वाभाठा,9,856,आवासिय क्षेत्र
इनर्वाभाठा,9,859,आवासिय क्षेत्र
इनर्वाभाठा,9,860,कृषि क्षेत्र
इनर्वाभाठा,9,860,आवासिय क्षेत्र
इनर्वाभाठा,9,861,कृषि क्षेत्र
इनर्वाभाठा,9,863,कृषि क्षेत्र
इनर्वाभाठा,9,864,कृषि क्षेत्र
इनर्वाभाठा,9,865,कृषि क्षेत्र
इनर्वाभाठा,9,866,कृषि क्षेत्र
इनर्वाभाठा,9,869,आवासिय क्षेत्र
इनर्वाभाठा,9,870,आवासिय क्षेत्र
इनर्वाभाठा,9,877,कृषि क्षेत्र
इनर्वाभाठा,9,878,कृषि क्षेत्र
इनर्वाभाठा,9,879,कृषि क्षेत्र
इनर्वाभाठा,9,897,कृषि क्षेत्र
इनर्वाभाठा,9,898,कृषि क्षेत्र
इनर्वाभाठा,9,899,कृषि क्षेत्र
इनर्वाभाठा,9,915,आवासिय क्षेत्र
इनर्वाभाठा,9,916,आवासिय क्षेत्र
इनर्वाभाठा,9,925,कृषि क्षेत्र
इनर्वाभाठा,9,938,आवासिय क्षेत्र
इनर्वाभाठा,9,939,आवासिय क्षेत्र
इनर्वाभाठा,9,940,आवासिय क्षेत्र
इनर्वाभाठा,9,941,आवासिय क्षेत्र
इनर्वाभाठा,9,942,आवासिय क्षेत्र
इनर्वाभाठा,9,943,आवासिय क्षेत्र
इनर्वाभाठा,9,944,आवासिय क्षेत्र
इनर्वाभाठा,9,945,आवासिय क्षेत्र
इनर्वाभाठा,9,951,आवासिय क्षेत्र
इनर्वाभाठा,9,952,आवासिय क्षेत्र
इनर्वाभाठा,9,960,आवासिय क्षेत्र
इनर्वाभाठा,9,961,आवासिय क्षेत्र
इनर्वाभाठा,9,968,आवासिय क्षेत्र
इनर्वाभाठा,9,969,कृषि क्षेत्र
इनर्वाभाठा,9,971,कृषि क्षेत्र
इनर्वाभाठा,9,972,कृषि क्षेत्र
इनर्वाभाठा,9,975,कृषि क्षेत्र
इनर्वाभाठा,9,975,कृषि क्षेत्र
इनर्वाभाठा,9,976,कृषि क्षेत्र
इनर्वाभाठा,9,977,कृषि क्षेत्र
इनर्वाभाठा,9,986,आवासिय क्षेत्र
इनर्वाभाठा,9,987,आवासिय क्षेत्र
इनर्वाभाठा,9,994,आवासिय क्षेत्र
इनर्वाभाठा,9,1000,आवासिय क्षेत्र
इनर्वाभाठा,9,1001,आवासिय क्षेत्र
इनर्वाभाठा,9,1006,कृषि क्षेत्र
इनर्वाभाठा,9,1007,कृषि क्षेत्र
इनर्वाभाठा,9,1010,कृषि क्षेत्र
इनर्वाभाठा,9,1011,कृषि क्षेत्र
इनर्वाभाठा,9,1014,आवासिय क्षेत्र
इनर्वाभाठा,9,1015,आवासिय क्षेत्र
इनर्वाभाठा,9,1030,आवासिय क्षेत्र
इनर्वाभाठा,9,1048,कृषि क्षेत्र
इनर्वाभाठा,9,1049,कृषि क्षेत्र
इनर्वाभाठा,9,1050,कृषि क्षेत्र
इनर्वाभाठा,9,1068,आवासिय क्षेत्र
इनर्वाभाठा,9,1069,आवासिय क्षेत्र
इनर्वाभाठा,9,1070,आवासिय क्षेत्र
इनर्वाभाठा,9,1071,आवासिय क्षेत्र
इनर्वाभाठा,9,1072,कृषि क्षेत्र
इनर्वाभाठा,9,1073,कृषि क्षेत्र
इनर्वाभाठा,9,1074,कृषि क्षेत्र
इनर्वाभाठा,9,1074,कृषि क्षेत्र
इनर्वाभाठा,9,1075,कृषि क्षेत्र
इनर्वाभाठा,9,1076,कृषि क्षेत्र
इनर्वाभाठा,9,1078,कृषि क्षेत्र
इनर्वाभाठा,9,1079,कृषि क्षेत्र
इनर्वाभाठा,9,1085,कृषि क्षेत्र
इनर्वाभाठा,9,1086,कृषि क्षेत्र
इनर्वाभाठा,9,1139,कृषि क्षेत्र
इनर्वाभाठा,9,1140,कृषि क्षेत्र
इनर्वाभाठा,9,1141,आवासिय क्षेत्र
इनर्वाभाठा,9,1142,आवासिय क्षेत्र
इनर्वाभाठा,9,1149,आवासिय क्षेत्र
इनर्वाभाठा,9,1151,आवासिय क्षेत्र
इनर्वाभाठा,9,1152,आवासिय क्षेत्र
इनर्वाभाठा,9,1155,आवासिय क्षेत्र
इनर्वाभाठा,9,1156,कृषि क्षेत्र
इनर्वाभाठा,9,1164,आवासिय क्षेत्र
इनर्वाभाठा,9,1165,आवासिय क्षेत्र
इनर्वाभाठा,9,1173,आवासिय क्षेत्र
इनर्वाभाठा,9,1174,आवासिय क्षेत्र
इनर्वाभाठा,9,1175,आवासिय क्षेत्र
इनर्वाभाठा,9,1176,आवासिय क्षेत्र
इनर्वाभाठा,9,1177,आवासिय क्षेत्र
इनर्वाभाठा,9,1178,आवासिय क्षेत्र
इनर्वाभाठा,9,1179,आवासिय क्षेत्र
इनर्वाभाठा,9,1180,आवासिय क्षेत्र
इनर्वाभाठा,9,1181,आवासिय क्षेत्र
इनर्वाभाठा,9,1182,आवासिय क्षेत्र
इनर्वाभाठा,9,1183,आवासिय क्षेत्र
इनर्वाभाठा,9,1184,आवासिय क्षेत्र
इनर्वाभाठा,9,1185,आवासिय क्षेत्र
इनर्वाभाठा,9,1186,आवासिय क्षेत्र
इनर्वाभाठा,9,1189,कृषि क्षेत्र
इनर्वाभाठा,9,1190,आवासिय क्षेत्र
इनर्वाभाठा,9,1191,कृषि क्षेत्र
इनर्वाभाठा,9,1192,कृषि क्षेत्र
इनर्वाभाठा,9,1193,कृषि क्षेत्र
इनर्वाभाठा,9,1194,कृषि क्षेत्र
इनर्वाभाठा,9,1197,आवासिय क्षेत्र
इनर्वाभाठा,9,1198,आवासिय क्षेत्र
इनर्वाभाठा,9,1203,आवासिय क्षेत्र
इनर्वाभाठा,9,1204,आवासिय क्षेत्र
इनर्वाभाठा,9,1205,आवासिय क्षेत्र
इनर्वाभाठा,9,1206,आवासिय क्षेत्र
इनर्वाभाठा,9,1209,आवासिय क्षेत्र
इनर्वाभाठा,9,1210,आवासिय क्षेत्र
इनर्वाभाठा,9,2465,आवासिय क्षेत्र
इनर्वाभाठा,9,4446,आवासिय क्षेत्र
इनर्वाभाठा,9,4465,आवासिय क्षेत्र
इनर्वाभाठा,9,6545,आवासिय क्षेत्र
इनर्वाभाठा,9,6666,कृषि क्षेत्र
इनर्वाभाठा,9,9954,आवासिय क्षेत्र
इनर्वाभाठा,9,9956,आवासिय क्षेत्र
इनर्वाभाठा,9,9991,आवासिय क्षेत्र
इनर्वाभाठा,9,9992,आवासिय क्षेत्र
इनर्वाभाठा,9,9993,आवासिय क्षेत्र
इनर्वाभाठा,9,9994,आवासिय क्षेत्र
इनर्वाभाठा,9,9994,आवासिय क्षेत्र
इनर्वाभाठा,9,9995,आवासिय क्षेत्र
इनर्वाभाठा,9,9995,आवासिय क्षेत्र
इनर्वाभाठा,9,9999,कृषि क्षेत्र
इनर्वाभाठा,9,9999,कृषि क्षेत्र
इनर्वाभाठा,9,45654,आवासिय क्षेत्र
इनर्वाभाठा,9,54555,आवासिय क्षेत्र
इनर्वाभाठा,9,65544,कृषि क्षेत्र
इनर्वाभाठा,9,66556,कृषि क्षेत्र
इनर्वाभाठा,9,96956,कृषि क्षेत्र
इनर्वाभाठा,9,99533,आवासिय क्षेत्र
इनर्वाभाठा,9,99952,कृषि क्षेत्र
इनर्वाभाठा,9,99955,कृषि क्षेत्र
इनर्वाभाठा,9,99991,आवासिय क्षेत्र
इनर्वाभाठा,9,99991,आवासिय क्षेत्र
इनर्वाभाठा,9,99995,आवासिय क्षेत्र
इनर्वाभाठा,9,99995,कृषि क्षेत्र
इनर्वाभाठा,9,99995,आवासिय क्षेत्र
इनर्वाभाठा,9,99995,आवासिय क्षेत्र
इनर्वाभाठा,9,99995,आवासिय क्षेत्र
इनर्वाभाठा,9,99996,कृषि क्षेत्र
इनर्वाभाठा,9,99996,कृषि क्षेत्र
इनर्वाभाठा,9,446465,आवासिय क्षेत्र
इनर्वाभाठा,9,465465,आवासिय क्षेत्र
इनर्वाभाठा,9,544465,आवासिय क्षेत्र
इनर्वाभाठा,9,564546,आवासिय क्षेत्र
इनर्वाभाठा,9,995465,कृषि क्षेत्र
इनर्वाभाठा,9,999965,कृषि क्षेत्र
इनर्वाभाठा,9,4656456,आवासिय क्षेत्र
इनर्वाभाठा,9 क गाउँ,1,आवासिय क्षेत्र
इनर्वाभाठा,9 क गाउँ,2,आवासिय क्षेत्र
इनर्वाभाठा,9 क गाउँ,3,आवासिय क्षेत्र
इनर्वाभाठा,9 क गाउँ,4,आवासिय क्षेत्र
इनर्वाभाठा,9 क गाउँ,5,आवासिय क्षेत्र
इनर्वाभाठा,9 क गाउँ,6,आवासिय क्षेत्र
इनर्वाभाठा,9 क गाउँ,7,आवासिय क्षेत्र
इनर्वाभाठा,9 क गाउँ,9,आवासिय क्षेत्र
इनर्वाभाठा,9 क गाउँ,10,आवासिय क्षेत्र
इनर्वाभाठा,9 क गाउँ,11,आवासिय क्षेत्र
इनर्वाभाठा,9 क गाउँ,14,आवासिय क्षेत्र
इनर्वाभाठा,9 क गाउँ,15,आवासिय क्षेत्र
इनर्वाभाठा,9 क गाउँ,16,आवासिय क्षेत्र
इनर्वाभाठा,9 क गाउँ,17,आवासिय क्षेत्र
इनर्वाभाठा,9 क गाउँ,18,आवासिय क्षेत्र
इनर्वाभाठा,9 क गाउँ,19,आवासिय क्षेत्र
इनर्वाभाठा,9 क गाउँ,20,आवासिय क्षेत्र
इनर्वाभाठा,9 क गाउँ,21,आवासिय क्षेत्र
इनर्वाभाठा,9 क गाउँ,22,आवासिय क्षेत्र
इनर्वाभाठा,9 क गाउँ,23,आवासिय क्षेत्र
इनर्वाभाठा,9 क गाउँ,24,आवासिय क्षेत्र
इनर्वाभाठा,9 क गाउँ,25,आवासिय क्षेत्र
इनर्वाभाठा,9 क गाउँ,26,आवासिय क्षेत्र
इनर्वाभाठा,9 क गाउँ,28,आवासिय क्षेत्र
इनर्वाभाठा,9 क गाउँ,29,आवासिय क्षेत्र
इनर्वाभाठा,9 क गाउँ,30,आवासिय क्षेत्र
इनर्वाभाठा,9 क गाउँ,31,आवासिय क्षेत्र
इनर्वाभाठा,9 क गाउँ,32,आवासिय क्षेत्र
इनर्वाभाठा,9 क गाउँ,33,आवासिय क्षेत्र
इनर्वाभाठा,9 क गाउँ,34,आवासिय क्षेत्र
इनर्वाभाठा,9 क गाउँ,35,आवासिय क्षेत्र
इनर्वाभाठा,9 क गाउँ,36,आवासिय क्षेत्र
इनर्वाभाठा,9 क गाउँ,39,आवासिय क्षेत्र
इनर्वाभाठा,9 क गाउँ,40,आवासिय क्षेत्र
इनर्वाभाठा,9 क गाउँ,41,आवासिय क्षेत्र
इनर्वाभाठा,9 क गाउँ,42,आवासिय क्षेत्र
इनर्वाभाठा,9 क गाउँ,43,आवासिय क्षेत्र
इनर्वाभाठा,9 क गाउँ,44,आवासिय क्षेत्र
इनर्वाभाठा,9 क गाउँ,45,आवासिय क्षेत्र
इनर्वाभाठा,9 क गाउँ,46,आवासिय क्षेत्र
इनर्वाभाठा,9 क गाउँ,47,आवासिय क्षेत्र
इनर्वाभाठा,9 क गाउँ,48,आवासिय क्षेत्र
इनर्वाभाठा,9 क गाउँ,50,आवासिय क्षेत्र
इनर्वाभाठा,9 क गाउँ,51,आवासिय क्षेत्र
इनर्वाभाठा,9 क गाउँ,52,आवासिय क्षेत्र
इनर्वाभाठा,9 क गाउँ,53,आवासिय क्षेत्र
इनर्वाभाठा,9 क गाउँ,54,आवासिय क्षेत्र
इनर्वाभाठा,9 क गाउँ,55,आवासिय क्षेत्र
इनर्वाभाठा,9 क गाउँ,56,आवासिय क्षेत्र
इनर्वाभाठा,9 क गाउँ,57,आवासिय क्षेत्र
इनर्वाभाठा,9 क गाउँ,58,आवासिय क्षेत्र
इनर्वाभाठा,9 क गाउँ,59,आवासिय क्षेत्र
इनर्वाभाठा,9 क गाउँ,60,आवासिय क्षेत्र
इनर्वाभाठा,9 क गाउँ,61,आवासिय क्षेत्र
इनर्वाभाठा,9 क गाउँ,62,आवासिय क्षेत्र
इनर्वाभाठा,9 क गाउँ,63,आवासिय क्षेत्र
इनर्वाभाठा,9 क गाउँ,64,आवासिय क्षेत्र
इनर्वाभाठा,9 क गाउँ,65,आवासिय क्षेत्र
इनर्वाभाठा,9 क गाउँ,66,आवासिय क्षेत्र
इनर्वाभाठा,9 क गाउँ,67,आवासिय क्षेत्र
इनर्वाभाठा,9 क गाउँ,68,आवासिय क्षेत्र
इनर्वाभाठा,9 क गाउँ,69,आवासिय क्षेत्र
इनर्वाभाठा,9 क गाउँ,70,आवासिय क्षेत्र
इनर्वाभाठा,9 क गाउँ,71,आवासिय क्षेत्र
इनर्वाभाठा,9 क गाउँ,72,आवासिय क्षेत्र
इनर्वाभाठा,9 क गाउँ,73,आवासिय क्षेत्र
इनर्वाभाठा,9 क गाउँ,74,आवासिय क्षेत्र
इनर्वाभाठा,9 क गाउँ,75,आवासिय क्षेत्र
इनर्वाभाठा,9 क गाउँ,76,आवासिय क्षेत्र
इनर्वाभाठा,9 क गाउँ,77,आवासिय क्षेत्र
इनर्वाभाठा,9 क गाउँ,78,आवासिय क्षेत्र
इनर्वाभाठा,9 क गाउँ,87,आवासिय क्षेत्र
इनर्वाभाठा,9 क गाउँ,96,आवासिय क्षेत्र
इनर्वाभाठा,9 क गाउँ,97,आवासिय क्षेत्र
इनर्वाभाठा,9 क गाउँ,98,आवासिय क्षेत्र
इनर्वाभाठा,9 क गाउँ,99,आवासिय क्षेत्र
इनर्वाभाठा,9 क गाउँ,100,आवासिय क्षेत्र
इनर्वाभाठा,9 क गाउँ,101,आवासिय क्षेत्र
इनर्वाभाठा,9 क गाउँ,102,आवासिय क्षेत्र
इनर्वाभाठा,9 क गाउँ,103,आवासिय क्षेत्र
इनर्वाभाठा,9 क गाउँ,104,आवासिय क्षेत्र
इनर्वाभाठा,9 क गाउँ,106,आवासिय क्षेत्र
इनर्वाभाठा,9 क गाउँ,107,आवासिय क्षेत्र
इनर्वाभाठा,9 क गाउँ,9989,आवासिय क्षेत्र
इनर्वाभाठा,9 क गाउँ,9990,आवासिय क्षेत्र
इनर्वाभाठा,9 क गाउँ,9992,आवासिय क्षेत्र
इनर्वाभाठा,9 क गाउँ,9993,आवासिय क्षेत्र
इनर्वाभाठा,9 क गाउँ,9994,आवासिय क्षेत्र
इनर्वाभाठा,9 क गाउँ,9995,आवासिय क्षेत्र
इनर्वाभाठा,9 क गाउँ,9996,आवासिय क्षेत्र
इनर्वाभाठा,9 क गाउँ,9997,आवासिय क्षेत्र
इनर्वाभाठा,9 क गाउँ,9998,आवासिय क्षेत्र
इनर्वाभाठा,9 क गाउँ,9999,आवासिय क्षेत्र
इनर्वाभाठा,9 गाउँ,1,आवासिय क्षेत्र
इनर्वाभाठा,9 गाउँ,4,आवासिय क्षेत्र
इनर्वाभाठा,9 गाउँ,5,आवासिय क्षेत्र
इनर्वाभाठा,9 गाउँ,7,आवासिय क्षेत्र
इनर्वाभाठा,9 गाउँ,9,आवासिय क्षेत्र
इनर्वाभाठा,9 गाउँ,10,आवासिय क्षेत्र
इनर्वाभाठा,9 गाउँ,11,आवासिय क्षेत्र
इनर्वाभाठा,9 गाउँ,12,आवासिय क्षेत्र
इनर्वाभाठा,9 गाउँ,12,आवासिय क्षेत्र
इनर्वाभाठा,9 गाउँ,13,आवासिय क्षेत्र
इनर्वाभाठा,9 गाउँ,14,आवासिय क्षेत्र
इनर्वाभाठा,9 गाउँ,15,आवासिय क्षेत्र
इनर्वाभाठा,9 गाउँ,17,आवासिय क्षेत्र
इनर्वाभाठा,9 गाउँ,19,आवासिय क्षेत्र
इनर्वाभाठा,9 गाउँ,20,आवासिय क्षेत्र
इनर्वाभाठा,9 गाउँ,22,आवासिय क्षेत्र
इनर्वाभाठा,9 गाउँ,24,आवासिय क्षेत्र
इनर्वाभाठा,9 गाउँ,31,आवासिय क्षेत्र
इनर्वाभाठा,9 गाउँ,37,आवासिय क्षेत्र
इनर्वाभाठा,9 गाउँ,38,आवासिय क्षेत्र
इनर्वाभाठा,9 गाउँ,39,आवासिय क्षेत्र
इनर्वाभाठा,9 गाउँ,40,आवासिय क्षेत्र
इनर्वाभाठा,9 गाउँ,41,आवासिय क्षेत्र
इनर्वाभाठा,9 गाउँ,44,आवासिय क्षेत्र
इनर्वाभाठा,9 गाउँ,45,आवासिय क्षेत्र
इनर्वाभाठा,9 गाउँ,46,आवासिय क्षेत्र
इनर्वाभाठा,9 गाउँ,47,आवासिय क्षेत्र
इनर्वाभाठा,9 गाउँ,48,आवासिय क्षेत्र
इनर्वाभाठा,9 गाउँ,49,आवासिय क्षेत्र
इनर्वाभाठा,9 गाउँ,52,आवासिय क्षेत्र
इनर्वाभाठा,9 गाउँ,60,आवासिय क्षेत्र
इनर्वाभाठा,9 गाउँ,62,आवासिय क्षेत्र
इनर्वाभाठा,9 गाउँ,64,आवासिय क्षेत्र
इनर्वाभाठा,9 गाउँ,65,आवासिय क्षेत्र
इनर्वाभाठा,9 गाउँ,67,आवासिय क्षेत्र
इनर्वाभाठा,9 गाउँ,68,आवासिय क्षेत्र
इनर्वाभाठा,9 गाउँ,69,आवासिय क्षेत्र
इनर्वाभाठा,9 गाउँ,70,आवासिय क्षेत्र
इनर्वाभाठा,9 गाउँ,71,आवासिय क्षेत्र
इनर्वाभाठा,9 गाउँ,72,आवासिय क्षेत्र
इनर्वाभाठा,9 गाउँ,73,आवासिय क्षेत्र
इनर्वाभाठा,9 गाउँ,74,आवासिय क्षेत्र
इनर्वाभाठा,9 गाउँ,75,आवासिय क्षेत्र
इनर्वाभाठा,9 गाउँ,78,आवासिय क्षेत्र
इनर्वाभाठा,9 गाउँ,79,आवासिय क्षेत्र
इनर्वाभाठा,9 गाउँ,80,आवासिय क्षेत्र
इनर्वाभाठा,9 गाउँ,80,आवासिय क्षेत्र
इनर्वाभाठा,9 गाउँ,83,आवासिय क्षेत्र
इनर्वाभाठा,9 गाउँ,91,आवासिय क्षेत्र
इनर्वाभाठा,9 गाउँ,93,आवासिय क्षेत्र
इनर्वाभाठा,9 गाउँ,94,आवासिय क्षेत्र
इनर्वाभाठा,9 गाउँ,95,आवासिय क्षेत्र
इनर्वाभाठा,9 गाउँ,96,आवासिय क्षेत्र
इनर्वाभाठा,9 गाउँ,97,आवासिय क्षेत्र
इनर्वाभाठा,9 गाउँ,98,आवासिय क्षेत्र
इनर्वाभाठा,9 गाउँ,99,आवासिय क्षेत्र
इनर्वाभाठा,9 गाउँ,100,आवासिय क्षेत्र
इनर्वाभाठा,9 गाउँ,101,आवासिय क्षेत्र
इनर्वाभाठा,9 गाउँ,99991,आवासिय क्षेत्र
इनर्वाभाठा,9 नहर,5,आवासिय क्षेत्र
इनर्वाभाठा,9 नहर,23,आवासिय क्षेत्र
इनर्वाभाठा,9 नहर,37,आवासिय क्षेत्र
इनर्वाभाठा,9 नहर,46,आवासिय क्षेत्र
इनर्वाभाठा,9 नहर,47,आवासिय क्षेत्र
इनर्वाभाठा,9 नहर,80,सार्वजनिक उपयोग क्षेत्र
इनर्वाभाठा,9 नहर,182,आवासिय क्षेत्र
इनर्वाभाठा,9 नहर,272,आवासिय क्षेत्र
इनर्वाभाठा,9 नहर,273,आवासिय क्षेत्र
इनर्वाभाठा,9 नहर,389,सार्वजनिक उपयोग क्षेत्र
इनर्वाभाठा,9 नहर,390,आवासिय क्षेत्र
इनर्वाभाठा,9 नहर,391,आवासिय क्षेत्र
इनर्वाभाठा,9 नहर,395,आवासिय क्षेत्र
इनर्वाभाठा,9 नहर,397,आवासिय क्षेत्र
इनर्वाभाठा,9 नहर,399,आवासिय क्षेत्र
इनर्वाभाठा,9 नहर,400,आवासिय क्षेत्र
इनर्वाभाठा,9 नहर,401,आवासिय क्षेत्र
इनर्वाभाठा,9 नहर,402,आवासिय क्षेत्र
इनर्वाभाठा,9 नहर,403,आवासिय क्षेत्र
इनर्वाभाठा,9 नहर,404,आवासिय क्षेत्र
इनर्वाभाठा,9 नहर,405,आवासिय क्षेत्र
इनर्वाभाठा,9 नहर,406,आवासिय क्षेत्र
इनर्वाभाठा,9 नहर,407,आवासिय क्षेत्र
इनर्वाभाठा,9 नहर,408,आवासिय क्षेत्र
इनर्वाभाठा,9 नहर,409,आवासिय क्षेत्र
इनर्वाभाठा,9 नहर,410,आवासिय क्षेत्र
इनर्वाभाठा,9 नहर,411,आवासिय क्षेत्र
इनर्वाभाठा,9 नहर,412,आवासिय क्षेत्र
इनर्वाभाठा,9 नहर,413,आवासिय क्षेत्र
इनर्वाभाठा,9 नहर,414,आवासिय क्षेत्र
इनर्वाभाठा,9 नहर,415,आवासिय क्षेत्र
इनर्वाभाठा,9 नहर,416,आवासिय क्षेत्र
इनर्वाभाठा,9 नहर,417,आवासिय क्षेत्र
इनर्वाभाठा,9 नहर,418,आवासिय क्षेत्र
इनर्वाभाठा,9 नहर,419,आवासिय क्षेत्र
इनर्वाभाठा,9 नहर,420,आवासिय क्षेत्र
इनर्वाभाठा,9 नहर,421,आवासिय क्षेत्र
इनर्वाभाठा,9 नहर,422,आवासिय क्षेत्र
इनर्वाभाठा,9 नहर,423,आवासिय क्षेत्र
इनर्वाभाठा,9 नहर,424,आवासिय क्षेत्र
इनर्वाभाठा,9 नहर,425,आवासिय क्षेत्र
इनर्वाभाठा,9 नहर,427,आवासिय क्षेत्र
इनर्वाभाठा,9 नहर,429,आवासिय क्षेत्र
इनर्वाभाठा,9 नहर,433,आवासिय क्षेत्र
इनर्वाभाठा,9 नहर,434,आवासिय क्षेत्र
इनर्वाभाठा,9 नहर,439,आवासिय क्षेत्र
इनर्वाभाठा,9 नहर,440,आवासिय क्षेत्र
इनर्वाभाठा,9 नहर,444,आवासिय क्षेत्र
इनर्वाभाठा,9 नहर,445,आवासिय क्षेत्र
इनर्वाभाठा,9 नहर,446,आवासिय क्षेत्र
इनर्वाभाठा,9 नहर,447,सार्वजनिक उपयोग क्षेत्र
इनर्वाभाठा,9 नहर,449,आवासिय क्षेत्र
इनर्वाभाठा,9 नहर,450,आवासिय क्षेत्र
इनर्वाभाठा,9 नहर,451,आवासिय क्षेत्र
इनर्वाभाठा,9 नहर,452,आवासिय क्षेत्र
इनर्वाभाठा,9 नहर,453,आवासिय क्षेत्र
इनर्वाभाठा,9 नहर,454,आवासिय क्षेत्र
इनर्वाभाठा,9 नहर,475,आवासिय क्षेत्र
इनर्वाभाठा,9 नहर,476,आवासिय क्षेत्र
इनर्वाभाठा,9 नहर,478,आवासिय क्षेत्र
इनर्वाभाठा,9 नहर,479,आवासिय क्षेत्र
इनर्वाभाठा,9 नहर,480,आवासिय क्षेत्र
इनर्वाभाठा,9 नहर,508,आवासिय क्षेत्र
इनर्वाभाठा,9 नहर,509,आवासिय क्षेत्र
इनर्वाभाठा,9 नहर,537,आवासिय क्षेत्र
इनर्वाभाठा,9 नहर,538,आवासिय क्षेत्र
इनर्वाभाठा,9 नहर,539,आवासिय क्षेत्र
इनर्वाभाठा,9 नहर,542,आवासिय क्षेत्र
इनर्वाभाठा,9 नहर,598,आवासिय क्षेत्र
इनर्वाभाठा,9 नहर,601,आवासिय क्षेत्र
इनर्वाभाठा,9 नहर,611,आवासिय क्षेत्र
इनर्वाभाठा,9 नहर,612,आवासिय क्षेत्र
इनर्वाभाठा,9 नहर,650,आवासिय क्षेत्र
इनर्वाभाठा,9 नहर,651,आवासिय क्षेत्र
इनर्वाभाठा,9 नहर,652,आवासिय क्षेत्र
इनर्वाभाठा,9 नहर,670,आवासिय क्षेत्र
इनर्वाभाठा,9 नहर,724,आवासिय क्षेत्र
इनर्वाभाठा,9 नहर,725,आवासिय क्षेत्र
इनर्वाभाठा,9 नहर,726,आवासिय क्षेत्र
इनर्वाभाठा,9 नहर,788,आवासिय क्षेत्र
इनर्वाभाठा,9 नहर,788,आवासिय क्षेत्र
इनर्वाभाठा,9 नहर,789,आवासिय क्षेत्र
इनर्वाभाठा,9 नहर,790,आवासिय क्षेत्र
इनर्वाभाठा,9 नहर,791,आवासिय क्षेत्र
इनर्वाभाठा,9 नहर,843,आवासिय क्षेत्र
इनर्वाभाठा,9 नहर,844,आवासिय क्षेत्र
इनर्वाभाठा,9 नहर,844,आवासिय क्षेत्र
इनर्वाभाठा,9 नहर,845,आवासिय क्षेत्र
इनर्वाभाठा,9 नहर,846,आवासिय क्षेत्र
इनर्वाभाठा,9 नहर,847,आवासिय क्षेत्र
इनर्वाभाठा,9 नहर,848,आवासिय क्षेत्र
इनर्वाभाठा,9 नहर,849,आवासिय क्षेत्र
इनर्वाभाठा,9 नहर,850,आवासिय क्षेत्र
इनर्वाभाठा,9 नहर,853,आवासिय क्षेत्र
इनर्वाभाठा,9 नहर,854,आवासिय क्षेत्र
इनर्वाभाठा,9 नहर,1112,आवासिय क्षेत्र
इनर्वाभाठा,9 नहर,1113,आवासिय क्षेत्र
इनर्वाभाठा,9 नहर,1159,आवासिय क्षेत्र
इनर्वाभाठा,9 नहर,1162,आवासिय क्षेत्र
इनर्वाभाठा,9 नहर,1163,आवासिय क्षेत्र
इनर्वाभाठा,9 नहर,1168,आवासिय क्षेत्र
इनर्वाभाठा,9 नहर,1169,आवासिय क्षेत्र
इनर्वाभाठा,9 नहर,1170,आवासिय क्षेत्र
इनर्वाभाठा,9 नहर,1187,आवासिय क्षेत्र
इनर्वाभाठा,9 नहर,1188,आवासिय क्षेत्र
इनर्वाभाठा,9 नहर,1199,आवासिय क्षेत्र
इनर्वाभाठा,9 नहर,1200,आवासिय क्षेत्र
इनर्वाभाठा,9 नहर,1201,आवासिय क्षेत्र
इनर्वाभाठा,9 नहर,1202,आवासिय क्षेत्र
इनर्वाभाठा,9 नहर,1207,आवासिय क्षेत्र
इनर्वाभाठा,9 नहर,1208,आवासिय क्षेत्र
इनर्वाभाठा,9 नहर,1211,आवासिय क्षेत्र
इनर्वाभाठा,9 नहर,1212,आवासिय क्षेत्र
इनर्वाभाठा,9 नहर,1213,आवासिय क्षेत्र
इनर्वाभाठा,9 नहर,1214,आवासिय क्षेत्र
इनर्वाभाठा,9 नहर,1215,आवासिय क्षेत्र
इनर्वाभाठा,9 नहर,1216,आवासिय क्षेत्र
इनर्वाभाठा,9 नहर,1217,आवासिय क्षेत्र
इनर्वाभाठा,9 नहर,1218,आवासिय क्षेत्र
इनर्वाभाठा,9 नहर,1219,आवासिय क्षेत्र
इनर्वाभाठा,9 नहर,1220,आवासिय क्षेत्र
इनर्वाभाठा,9 नहर,9996,आवासिय क्षेत्र
इनर्वाभाठा,9 नहर,9997,सार्वजनिक उपयोग क्षेत्र
इनर्वाभाठा,9 नहर,9998,आवासिय क्षेत्र
इनर्वाभाठा,9 नहर,9999,आवासिय क्षेत्र
छतवा,1,1,आवासिय क्षेत्र
छतवा,1,2,आवासिय क्षेत्र
छतवा,1,3,आवासिय क्षेत्र
छतवा,1,4,आवासिय क्षेत्र
छतवा,1,6,आवासिय क्षेत्र
छतवा,1,7,आवासिय क्षेत्र
छतवा,1,8,आवासिय क्षेत्र
छतवा,1,9,आवासिय क्षेत्र
छतवा,1,10,आवासिय क्षेत्र
छतवा,1,11,आवासिय क्षेत्र
छतवा,1,12,आवासिय क्षेत्र
छतवा,1,13,आवासिय क्षेत्र
छतवा,1,14,आवासिय क्षेत्र
छतवा,1,15,आवासिय क्षेत्र
छतवा,1,16,आवासिय क्षेत्र
छतवा,1,17,कृषि क्षेत्र
छतवा,1,19,कृषि क्षेत्र
छतवा,1,21,कृषि क्षेत्र
छतवा,1,22,कृषि क्षेत्र
छतवा,1,23,कृषि क्षेत्र
छतवा,1,25,कृषि क्षेत्र
छतवा,1,27,कृषि क्षेत्र
छतवा,1,28,कृषि क्षेत्र
छतवा,1,29,कृषि क्षेत्र
छतवा,1,30,कृषि क्षेत्र
छतवा,1,37,कृषि क्षेत्र
छतवा,1,38,कृषि क्षेत्र
छतवा,1,39,आवासिय क्षेत्र
छतवा,1,40,आवासिय क्षेत्र
छतवा,1,41,आवासिय क्षेत्र
छतवा,1,44,आवासिय क्षेत्र
छतवा,1,46,आवासिय क्षेत्र
छतवा,1,47,आवासिय क्षेत्र
छतवा,1,50,आवासिय क्षेत्र
छतवा,1,51,आवासिय क्षेत्र
छतवा,1,52,आवासिय क्षेत्र
छतवा,1,53,आवासिय क्षेत्र
छतवा,1,55,आवासिय क्षेत्र
छतवा,1,56,आवासिय क्षेत्र
छतवा,1,57,आवासिय क्षेत्र
छतवा,1,58,आवासिय क्षेत्र
छतवा,1,58,आवासिय क्षेत्र
छतवा,1,58,आवासिय क्षेत्र
छतवा,1,58,आवासिय क्षेत्र
छतवा,1,61,आवासिय क्षेत्र
छतवा,1,62,आवासिय क्षेत्र
छतवा,1,67,कृषि क्षेत्र
छतवा,1,68,कृषि क्षेत्र
छतवा,1,69,कृषि क्षेत्र
छतवा,1,70,कृषि क्षेत्र
छतवा,1,71,कृषि क्षेत्र
छतवा,1,72,कृषि क्षेत्र
छतवा,1,76,कृषि क्षेत्र
छतवा,1,77,कृषि क्षेत्र
छतवा,1,80,कृषि क्षेत्र
छतवा,1,81,कृषि क्षेत्र
छतवा,1,84,कृषि क्षेत्र
छतवा,1,85,कृषि क्षेत्र
छतवा,1,86,कृषि क्षेत्र
छतवा,1,89,कृषि क्षेत्र
छतवा,1,91,कृषि क्षेत्र
छतवा,1,93,कृषि क्षेत्र
छतवा,1,94,कृषि क्षेत्र
छतवा,1,95,कृषि क्षेत्र
छतवा,1,97,कृषि क्षेत्र
छतवा,1,98,कृषि क्षेत्र
छतवा,1,99,कृषि क्षेत्र
छतवा,1,101,कृषि क्षेत्र
छतवा,1,102,कृषि क्षेत्र
छतवा,1,103,कृषि क्षेत्र
छतवा,1,104,कृषि क्षेत्र
छतवा,1,109,कृषि क्षेत्र
छतवा,1,110,कृषि क्षेत्र
छतवा,1,111,कृषि क्षेत्र
छतवा,1,112,कृषि क्षेत्र
छतवा,1,113,कृषि क्षेत्र
छतवा,1,117,कृषि क्षेत्र
छतवा,1,119,कृषि क्षेत्र
छतवा,1,121,कृषि क्षेत्र
छतवा,1,122,कृषि क्षेत्र
छतवा,1,127,आवासिय क्षेत्र
छतवा,1,130,सार्वजनिक उपयोग क्षेत्र
छतवा,1,130,"नदी, खोला, ताल, सिमसार क्षेत्र"
छतवा,1,131,आवासिय क्षेत्र
छतवा,1,132,आवासिय क्षेत्र
छतवा,1,136,कृषि क्षेत्र
छतवा,1,137,आवासिय क्षेत्र
छतवा,1,139,कृषि क्षेत्र
छतवा,1,140,कृषि क्षेत्र
छतवा,1,142,कृषि क्षेत्र
छतवा,1,144,कृषि क्षेत्र
छतवा,1,145,कृषि क्षेत्र
छतवा,1,146,कृषि क्षेत्र
छतवा,1,147,कृषि क्षेत्र
छतवा,1,148,कृषि क्षेत्र
छतवा,1,149,कृषि क्षेत्र
छतवा,1,150,कृषि क्षेत्र
छतवा,1,160,कृषि क्षेत्र
छतवा,1,161,कृषि क्षेत्र
छतवा,1,164,कृषि क्षेत्र
छतवा,1,165,कृषि क्षेत्र
छतवा,1,172,आवासिय क्षेत्र
छतवा,1,173,आवासिय क्षेत्र
छतवा,1,177,कृषि क्षेत्र
छतवा,1,178,कृषि क्षेत्र
छतवा,1,212,कृषि क्षेत्र
छतवा,1,214,कृषि क्षेत्र
छतवा,1,215,कृषि क्षेत्र
छतवा,1,216,कृषि क्षेत्र
छतवा,1,222,कृषि क्षेत्र
छतवा,1,226,आवासिय क्षेत्र
छतवा,1,227,आवासिय क्षेत्र
छतवा,1,228,कृषि क्षेत्र
छतवा,1,232,कृषि क्षेत्र
छतवा,1,233,कृषि क्षेत्र
छतवा,1,234,कृषि क्षेत्र
छतवा,1,235,कृषि क्षेत्र
छतवा,1,236,आवासिय क्षेत्र
छतवा,1,237,आवासिय क्षेत्र
छतवा,1,238,आवासिय क्षेत्र
छतवा,1,240,कृषि क्षेत्र
छतवा,1,245,कृषि क्षेत्र
छतवा,1,246,कृषि क्षेत्र
छतवा,1,247,कृषि क्षेत्र
छतवा,1,250,आवासिय क्षेत्र
छतवा,1,251,कृषि क्षेत्र
छतवा,1,252,कृषि क्षेत्र
छतवा,1,261,कृषि क्षेत्र
छतवा,1,262,कृषि क्षेत्र
छतवा,1,263,कृषि क्षेत्र
छतवा,1,264,कृषि क्षेत्र
छतवा,1,265,कृषि क्षेत्र
छतवा,1,266,कृषि क्षेत्र
छतवा,1,267,कृषि क्षेत्र
छतवा,1,272,कृषि क्षेत्र
छतवा,1,273,कृषि क्षेत्र
छतवा,1,274,कृषि क्षेत्र
छतवा,1,275,कृषि क्षेत्र
छतवा,1,276,आवासिय क्षेत्र
छतवा,1,277,आवासिय क्षेत्र
छतवा,1,279,कृषि क्षेत्र
छतवा,1,280,कृषि क्षेत्र
छतवा,1,281,आवासिय क्षेत्र
छतवा,1,283,कृषि क्षेत्र
छतवा,1,284,कृषि क्षेत्र
छतवा,1,285,कृषि क्षेत्र
छतवा,1,286,कृषि क्षेत्र
छतवा,1,296,कृषि क्षेत्र
छतवा,1,297,कृषि क्षेत्र
छतवा,1,298,कृषि क्षेत्र
छतवा,1,299,कृषि क्षेत्र
छतवा,1,328,कृषि क्षेत्र
छतवा,1,329,कृषि क्षेत्र
छतवा,1,330,कृषि क्षेत्र
छतवा,1,332,कृषि क्षेत्र
छतवा,1,333,कृषि क्षेत्र
छतवा,1,337,आवासिय क्षेत्र
छतवा,1,338,कृषि क्षेत्र
छतवा,1,339,कृषि क्षेत्र
छतवा,1,340,कृषि क्षेत्र
छतवा,1,341,कृषि क्षेत्र
छतवा,1,342,आवासिय क्षेत्र
छतवा,1,343,आवासिय क्षेत्र
छतवा,1,344,कृषि क्षेत्र
छतवा,1,345,कृषि क्षेत्र
छतवा,1,346,कृषि क्षेत्र
छतवा,1,347,कृषि क्षेत्र
छतवा,1,350,आवासिय क्षेत्र
छतवा,1,351,आवासिय क्षेत्र
छतवा,1,352,कृषि क्षेत्र
छतवा,1,353,कृषि क्षेत्र
छतवा,1,354,कृषि क्षेत्र
छतवा,1,355,कृषि क्षेत्र
छतवा,1,359,कृषि क्षेत्र
छतवा,1,383,कृषि क्षेत्र
छतवा,1,384,कृषि क्षेत्र
छतवा,1,385,कृषि क्षेत्र
छतवा,1,386,कृषि क्षेत्र
छतवा,1,391,कृषि क्षेत्र
छतवा,1,392,कृषि क्षेत्र
छतवा,1,393,कृषि क्षेत्र
छतवा,1,410,कृषि क्षेत्र
छतवा,1,411,कृषि क्षेत्र
छतवा,1,412,कृषि क्षेत्र
छतवा,1,413,कृषि क्षेत्र
छतवा,1,414,कृषि क्षेत्र
छतवा,1,415,कृषि क्षेत्र
छतवा,1,424,कृषि क्षेत्र
छतवा,1,425,कृषि क्षेत्र
छतवा,1,429,आवासिय क्षेत्र
छतवा,1,430,आवासिय क्षेत्र
छतवा,1,431,आवासिय क्षेत्र
छतवा,1,432,आवासिय क्षेत्र
छतवा,1,433,कृषि क्षेत्र
छतवा,1,434,कृषि क्षेत्र
छतवा,1,435,कृषि क्षेत्र
छतवा,1,440,आवासिय क्षेत्र
छतवा,1,443,आवासिय क्षेत्र
छतवा,1,444,आवासिय क्षेत्र
छतवा,1,445,कृषि क्षेत्र
छतवा,1,446,कृषि क्षेत्र
छतवा,1,447,कृषि क्षेत्र
छतवा,1,448,कृषि क्षेत्र
छतवा,1,449,कृषि क्षेत्र
छतवा,1,450,कृषि क्षेत्र
छतवा,1,451,कृषि क्षेत्र
छतवा,1,452,कृषि क्षेत्र
छतवा,1,453,कृषि क्षेत्र
छतवा,1,454,कृषि क्षेत्र
छतवा,1,455,कृषि क्षेत्र
छतवा,1,456,कृषि क्षेत्र
छतवा,1,457,कृषि क्षेत्र
छतवा,1,458,कृषि क्षेत्र
छतवा,1,459,कृषि क्षेत्र
छतवा,1,460,कृषि क्षेत्र
छतवा,1,461,कृषि क्षेत्र
छतवा,1,462,कृषि क्षेत्र
छतवा,1,463,कृषि क्षेत्र
छतवा,1,469,कृषि क्षेत्र
छतवा,1,470,कृषि क्षेत्र
छतवा,1,471,कृषि क्षेत्र
छतवा,1,472,आवासिय क्षेत्र
छतवा,1,473,आवासिय क्षेत्र
छतवा,1,482,आवासिय क्षेत्र
छतवा,1,483,आवासिय क्षेत्र
छतवा,1,484,कृषि क्षेत्र
छतवा,1,485,कृषि क्षेत्र
छतवा,1 गाउँ,1,आवासिय क्षेत्र
छतवा,1 गाउँ,2,आवासिय क्षेत्र
छतवा,1 गाउँ,3,आवासिय क्षेत्र
छतवा,1 गाउँ,4,आवासिय क्षेत्र
छतवा,1 गाउँ,5,आवासिय क्षेत्र
छतवा,1 गाउँ,6,आवासिय क्षेत्र
छतवा,1 गाउँ,7,आवासिय क्षेत्र
छतवा,1 गाउँ,8,आवासिय क्षेत्र
छतवा,1 गाउँ,9,आवासिय क्षेत्र
छतवा,1 गाउँ,10,आवासिय क्षेत्र
छतवा,1 गाउँ,11,आवासिय क्षेत्र
छतवा,1 गाउँ,12,आवासिय क्षेत्र
छतवा,1 गाउँ,13,आवासिय क्षेत्र
छतवा,1 गाउँ,14,आवासिय क्षेत्र
छतवा,1 गाउँ,15,आवासिय क्षेत्र
छतवा,1 गाउँ,16,आवासिय क्षेत्र
छतवा,1 गाउँ,17,आवासिय क्षेत्र
छतवा,1 गाउँ,18,आवासिय क्षेत्र
छतवा,1 गाउँ,19,आवासिय क्षेत्र
छतवा,1 गाउँ,20,आवासिय क्षेत्र
छतवा,1 गाउँ,21,आवासिय क्षेत्र
छतवा,1 गाउँ,22,आवासिय क्षेत्र
छतवा,1 गाउँ,23,आवासिय क्षेत्र
छतवा,1 गाउँ,24,आवासिय क्षेत्र
छतवा,1 गाउँ,25,आवासिय क्षेत्र
छतवा,1 गाउँ,26,आवासिय क्षेत्र
छतवा,1 गाउँ,27,आवासिय क्षेत्र
छतवा,1 गाउँ,28,आवासिय क्षेत्र
छतवा,1 गाउँ,29,आवासिय क्षेत्र
छतवा,1 गाउँ,30,आवासिय क्षेत्र
छतवा,1 गाउँ,32,आवासिय क्षेत्र
छतवा,1 गाउँ,33,आवासिय क्षेत्र
छतवा,1 गाउँ,34,आवासिय क्षेत्र
छतवा,1 गाउँ,35,आवासिय क्षेत्र
छतवा,1 गाउँ,36,आवासिय क्षेत्र
छतवा,1 गाउँ,37,आवासिय क्षेत्र
छतवा,1 गाउँ,38,आवासिय क्षेत्र
छतवा,1 गाउँ,39,आवासिय क्षेत्र
छतवा,1 गाउँ,40,आवासिय क्षेत्र
छतवा,1 गाउँ,41,आवासिय क्षेत्र
छतवा,1 गाउँ,42,आवासिय क्षेत्र
छतवा,1 गाउँ,43,आवासिय क्षेत्र
छतवा,1 गाउँ,44,आवासिय क्षेत्र
छतवा,1 गाउँ,45,आवासिय क्षेत्र
छतवा,1 गाउँ,46,आवासिय क्षेत्र
छतवा,1 गाउँ,48,आवासिय क्षेत्र
छतवा,1 गाउँ,49,आवासिय क्षेत्र
छतवा,1 गाउँ,50,आवासिय क्षेत्र
छतवा,1 गाउँ,51,आवासिय क्षेत्र
छतवा,1 गाउँ,52,आवासिय क्षेत्र
छतवा,1 गाउँ,53,आवासिय क्षेत्र
छतवा,1 गाउँ,54,आवासिय क्षेत्र
छतवा,1 गाउँ,55,आवासिय क्षेत्र
छतवा,1 गाउँ,56,आवासिय क्षेत्र
छतवा,1 गाउँ,57,आवासिय क्षेत्र
छतवा,1 गाउँ,58,आवासिय क्षेत्र
छतवा,1 गाउँ,59,आवासिय क्षेत्र
छतवा,1 गाउँ,62,आवासिय क्षेत्र
छतवा,1 गाउँ,63,आवासिय क्षेत्र
छतवा,1 गाउँ,64,आवासिय क्षेत्र
छतवा,1 गाउँ,65,आवासिय क्षेत्र
छतवा,1 गाउँ,66,आवासिय क्षेत्र
छतवा,1 गाउँ,67,आवासिय क्षेत्र
छतवा,1 गाउँ,68,आवासिय क्षेत्र
छतवा,1 गाउँ,69,आवासिय क्षेत्र
छतवा,1 गाउँ,70,आवासिय क्षेत्र
छतवा,1 गाउँ,74,आवासिय क्षेत्र
छतवा,1 गाउँ,75,आवासिय क्षेत्र
छतवा,1 गाउँ,76,आवासिय क्षेत्र
छतवा,1 गाउँ,77,आवासिय क्षेत्र
छतवा,1 गाउँ,79,आवासिय क्षेत्र
छतवा,1 गाउँ,80,आवासिय क्षेत्र
छतवा,1 गाउँ,82,आवासिय क्षेत्र
छतवा,1 गाउँ,83,आवासिय क्षेत्र
छतवा,1 गाउँ,85,आवासिय क्षेत्र
छतवा,1 गाउँ,86,आवासिय क्षेत्र
छतवा,1 गाउँ,87,आवासिय क्षेत्र
छतवा,1 गाउँ,90,आवासिय क्षेत्र
छतवा,1 गाउँ,91,आवासिय क्षेत्र
छतवा,1 गाउँ,92,आवासिय क्षेत्र
छतवा,1 गाउँ,93,आवासिय क्षेत्र
छतवा,1 गाउँ,94,आवासिय क्षेत्र
छतवा,1 गाउँ,95,आवासिय क्षेत्र
छतवा,1 गाउँ,102,आवासिय क्षेत्र
छतवा,1 गाउँ,103,आवासिय क्षेत्र
छतवा,1 गाउँ,104,आवासिय क्षेत्र
छतवा,1 गाउँ,105,आवासिय क्षेत्र
छतवा,1 गाउँ,106,आवासिय क्षेत्र
छतवा,1 गाउँ,107,आवासिय क्षेत्र
छतवा,1 गाउँ,108,आवासिय क्षेत्र
छतवा,1 गाउँ,109,आवासिय क्षेत्र
छतवा,1 गाउँ,110,आवासिय क्षेत्र
छतवा,1 गाउँ,152,आवासिय क्षेत्र
छतवा,1 गाउँ,153,आवासिय क्षेत्र
छतवा,1 गाउँ,9999,"नदी, खोला, ताल, सिमसार क्षेत्र"
छतवा,1 नहर,0,आवासिय क्षेत्र
छतवा,1 नहर,0,सार्वजनिक उपयोग क्षेत्र
छतवा,1 नहर,166,सार्वजनिक उपयोग क्षेत्र
छतवा,1 नहर,171,आवासिय क्षेत्र
छतवा,1 नहर,192,आवासिय क्षेत्र
छतवा,1 नहर,193,आवासिय क्षेत्र
छतवा,1 नहर,194,आवासिय क्षेत्र
छतवा,1 नहर,224,आवासिय क्षेत्र
छतवा,1 नहर,287,आवासिय क्षेत्र
छतवा,1 नहर,289,आवासिय क्षेत्र
छतवा,1 नहर,290,आवासिय क्षेत्र
छतवा,1 नहर,291,आवासिय क्षेत्र
छतवा,1 नहर,348,आवासिय क्षेत्र
छतवा,1 नहर,349,आवासिय क्षेत्र
छतवा,1 नहर,362,आवासिय क्षेत्र
छतवा,1 नहर,375,आवासिय क्षेत्र
छतवा,1 नहर,376,आवासिय क्षेत्र
छतवा,1 नहर,398,आवासिय क्षेत्र
छतवा,1 नहर,399,आवासिय क्षेत्र
छतवा,1 नहर,406,आवासिय क्षेत्र
छतवा,1 नहर,408,आवासिय क्षेत्र
छतवा,1 नहर,409,आवासिय क्षेत्र
छतवा,1 नहर,436,आवासिय क्षेत्र
छतवा,1 नहर,437,आवासिय क्षेत्र
छतवा,1 नहर,438,आवासिय क्षेत्र
छतवा,1 नहर,439,आवासिय क्षेत्र
छतवा,1 नहर,467,आवासिय क्षेत्र
छतवा,1 नहर,468,आवासिय क्षेत्र
छतवा,2,1,आवासिय क्षेत्र
छतवा,2,2,आवासिय क्षेत्र
छतवा,2,3,आवासिय क्षेत्र
छतवा,2,6,कृषि क्षेत्र
छतवा,2,7,कृषि क्षेत्र
छतवा,2,8,कृषि क्षेत्र
छतवा,2,9,आवासिय क्षेत्र
छतवा,2,10,आवासिय क्षेत्र
छतवा,2,12,आवासिय क्षेत्र
छतवा,2,14,आवासिय क्षेत्र
छतवा,2,15,आवासिय क्षेत्र
छतवा,2,16,आवासिय क्षेत्र
छतवा,2,17,आवासिय क्षेत्र
छतवा,2,18,आवासिय क्षेत्र
छतवा,2,19,आवासिय क्षेत्र
छतवा,2,20,आवासिय क्षेत्र
छतवा,2,21,आवासिय क्षेत्र
छतवा,2,22,आवासिय क्षेत्र
छतवा,2,23,आवासिय क्षेत्र
छतवा,2,24,आवासिय क्षेत्र
छतवा,2,25,आवासिय क्षेत्र
छतवा,2,26,आवासिय क्षेत्र
छतवा,2,27,आवासिय क्षेत्र
छतवा,2,28,आवासिय क्षेत्र
छतवा,2,32,आवासिय क्षेत्र
छतवा,2,33,आवासिय क्षेत्र
छतवा,2,34,आवासिय क्षेत्र
छतवा,2,35,आवासिय क्षेत्र
छतवा,2,36,आवासिय क्षेत्र
छतवा,2,37,कृषि क्षेत्र
छतवा,2,39,कृषि क्षेत्र
छतवा,2,40,कृषि क्षेत्र
छतवा,2,41,कृषि क्षेत्र
छतवा,2,42,कृषि क्षेत्र
छतवा,2,43,कृषि क्षेत्र
छतवा,2,44,कृषि क्षेत्र
छतवा,2,45,कृषि क्षेत्र
छतवा,2,46,कृषि क्षेत्र
छतवा,2,47,कृषि क्षेत्र
छतवा,2,54,कृषि क्षेत्र
छतवा,2,55,कृषि क्षेत्र
छतवा,2,56,कृषि क्षेत्र
छतवा,2,58,कृषि क्षेत्र
छतवा,2,59,कृषि क्षेत्र
छतवा,2,61,आवासिय क्षेत्र
छतवा,2,64,कृषि क्षेत्र
छतवा,2,65,आवासिय क्षेत्र
छतवा,2,66,आवासिय क्षेत्र
छतवा,2,67,आवासिय क्षेत्र
छतवा,2,68,आवासिय क्षेत्र
छतवा,2,70,कृषि क्षेत्र
छतवा,2,71,कृषि क्षेत्र
छतवा,2,73,कृषि क्षेत्र
छतवा,2,74,आवासिय क्षेत्र
छतवा,2,76,आवासिय क्षेत्र
छतवा,2,80,आवासिय क्षेत्र
छतवा,2,84,कृषि क्षेत्र
छतवा,2,85,कृषि क्षेत्र
छतवा,2,86,कृषि क्षेत्र
छतवा,2,87,कृषि क्षेत्र
छतवा,2,88,कृषि क्षेत्र
छतवा,2,89,कृषि क्षेत्र
छतवा,2,90,कृषि क्षेत्र
छतवा,2,91,कृषि क्षेत्र
छतवा,2,92,कृषि क्षेत्र
छतवा,2,93,कृषि क्षेत्र
छतवा,2,94,आवासिय क्षेत्र
छतवा,2,95,आवासिय क्षेत्र
छतवा,2,96,आवासिय क्षेत्र
छतवा,2,97,आवासिय क्षेत्र
छतवा,2,98,आवासिय क्षेत्र
छतवा,2,99,आवासिय क्षेत्र
छतवा,2,100,आवासिय क्षेत्र
छतवा,2,101,आवासिय क्षेत्र
छतवा,2,106,कृषि क्षेत्र
छतवा,2,108,कृषि क्षेत्र
छतवा,2,110,कृषि क्षेत्र
छतवा,2,111,कृषि क्षेत्र
छतवा,2,113,कृषि क्षेत्र
छतवा,2,114,कृषि क्षेत्र
छतवा,2,116,आवासिय क्षेत्र
छतवा,2,117,आवासिय क्षेत्र
छतवा,2,118,कृषि क्षेत्र
छतवा,2,121,कृषि क्षेत्र
छतवा,2,123,कृषि क्षेत्र
छतवा,2,124,सार्वजनिक उपयोग क्षेत्र
छतवा,2,125,"नदी, खोला, ताल, सिमसार क्षेत्र"
छतवा,2,127,कृषि क्षेत्र
छतवा,2,129,आवासिय क्षेत्र
छतवा,2,131,कृषि क्षेत्र
छतवा,2,132,कृषि क्षेत्र
छतवा,2,133,आवासिय क्षेत्र
छतवा,2,137,कृषि क्षेत्र
छतवा,2,138,कृषि क्षेत्र
छतवा,2,140,कृषि क्षेत्र
छतवा,2,141,कृषि क्षेत्र
छतवा,2,142,कृषि क्षेत्र
छतवा,2,145,आवासिय क्षेत्र
छतवा,2,156,आवासिय क्षेत्र
छतवा,2,159,कृषि क्षेत्र
छतवा,2,166,कृषि क्षेत्र
छतवा,2,167,कृषि क्षेत्र
छतवा,2,168,कृषि क्षेत्र
छतवा,2,169,कृषि क्षेत्र
छतवा,2,170,कृषि क्षेत्र
छतवा,2,171,कृषि क्षेत्र
छतवा,2,176,आवासिय क्षेत्र
छतवा,2,177,आवासिय क्षेत्र
छतवा,2,180,कृषि क्षेत्र
छतवा,2,182,आवासिय क्षेत्र
छतवा,2,184,कृषि क्षेत्र
छतवा,2,185,आवासिय क्षेत्र
छतवा,2,186,कृषि क्षेत्र
छतवा,2,187,कृषि क्षेत्र
छतवा,2,188,कृषि क्षेत्र
छतवा,2,191,आवासिय क्षेत्र
छतवा,2,197,आवासिय क्षेत्र
छतवा,2,198,आवासिय क्षेत्र
छतवा,2,202,आवासिय क्षेत्र
छतवा,2,203,आवासिय क्षेत्र
छतवा,2,205,कृषि क्षेत्र
छतवा,2,206,कृषि क्षेत्र
छतवा,2,207,कृषि क्षेत्र
छतवा,2,208,कृषि क्षेत्र
छतवा,2,220,कृषि क्षेत्र
छतवा,2,222,आवासिय क्षेत्र
छतवा,2,225,आवासिय क्षेत्र
छतवा,2,226,आवासिय क्षेत्र
छतवा,2,231,कृषि क्षेत्र
छतवा,2,232,कृषि क्षेत्र
छतवा,2,233,कृषि क्षेत्र
छतवा,2,238,कृषि क्षेत्र
छतवा,2,239,कृषि क्षेत्र
छतवा,2,240,आवासिय क्षेत्र
छतवा,2,241,आवासिय क्षेत्र
छतवा,2,243,आवासिय क्षेत्र
छतवा,2,244,आवासिय क्षेत्र
छतवा,2,245,आवासिय क्षेत्र
छतवा,2,246,आवासिय क्षेत्र
छतवा,2,248,आवासिय क्षेत्र
छतवा,2,249,आवासिय क्षेत्र
छतवा,2,250,आवासिय क्षेत्र
छतवा,2,251,कृषि क्षेत्र
छतवा,2,252,कृषि क्षेत्र
छतवा,2,253,कृषि क्षेत्र
छतवा,2,254,कृषि क्षेत्र
छतवा,2,255,कृषि क्षेत्र
छतवा,2,256,आवासिय क्षेत्र
छतवा,2,257,कृषि क्षेत्र
छतवा,2,258,कृषि क्षेत्र
छतवा,2,259,आवासिय क्षेत्र
छतवा,2,260,आवासिय क्षेत्र
छतवा,2,263,आवासिय क्षेत्र
छतवा,2,264,कृषि क्षेत्र
छतवा,2,265,आवासिय क्षेत्र
छतवा,2,266,कृषि क्षेत्र
छतवा,2,271,कृषि क्षेत्र
छतवा,2,272,कृषि क्षेत्र
छतवा,2,274,आवासिय क्षेत्र
छतवा,2,275,आवासिय क्षेत्र
छतवा,2,276,आवासिय क्षेत्र
छतवा,2,277,कृषि क्षेत्र
छतवा,2,279,कृषि क्षेत्र
छतवा,2,280,कृषि क्षेत्र
छतवा,2,281,आवासिय क्षेत्र
छतवा,2,282,आवासिय क्षेत्र
छतवा,2,283,आवासिय क्षेत्र
छतवा,2,284,आवासिय क्षेत्र
छतवा,2,285,आवासिय क्षेत्र
छतवा,2,286,आवासिय क्षेत्र
छतवा,2,291,कृषि क्षेत्र
छतवा,2,292,कृषि क्षेत्र
छतवा,2,293,कृषि क्षेत्र
छतवा,2,294,आवासिय क्षेत्र
छतवा,2,304,आवासिय क्षेत्र
छतवा,2,305,कृषि क्षेत्र
छतवा,2,309,आवासिय क्षेत्र
छतवा,2,310,आवासिय क्षेत्र
छतवा,2,334,कृषि क्षेत्र
छतवा,2,335,कृषि क्षेत्र
छतवा,2,335,कृषि क्षेत्र
छतवा,2,336,कृषि क्षेत्र
छतवा,2,344,कृषि क्षेत्र
छतवा,2,350,आवासिय क्षेत्र
छतवा,2,351,आवासिय क्षेत्र
छतवा,2,352,कृषि क्षेत्र
छतवा,2,353,कृषि क्षेत्र
छतवा,2,356,आवासिय क्षेत्र
छतवा,2,358,आवासिय क्षेत्र
छतवा,2,360,कृषि क्षेत्र
छतवा,2,362,कृषि क्षेत्र
छतवा,2,364,आवासिय क्षेत्र
छतवा,2,365,आवासिय क्षेत्र
छतवा,2,366,आवासिय क्षेत्र
छतवा,2,367,आवासिय क्षेत्र
छतवा,2,368,कृषि क्षेत्र
छतवा,2,369,कृषि क्षेत्र
छतवा,2,370,आवासिय क्षेत्र
छतवा,2,371,आवासिय क्षेत्र
छतवा,2,372,आवासिय क्षेत्र
छतवा,2,373,आवासिय क्षेत्र
छतवा,2,374,कृषि क्षेत्र
छतवा,2,375,कृषि क्षेत्र
छतवा,2,376,आवासिय क्षेत्र
छतवा,2,377,कृषि क्षेत्र
छतवा,2,378,कृषि क्षेत्र
छतवा,2,379,कृषि क्षेत्र
छतवा,2,380,कृषि क्षेत्र
छतवा,2,381,आवासिय क्षेत्र
छतवा,2,382,आवासिय क्षेत्र
छतवा,2,383,आवासिय क्षेत्र
छतवा,2,384,आवासिय क्षेत्र
छतवा,2,385,आवासिय क्षेत्र
छतवा,2,386,आवासिय क्षेत्र
छतवा,2,387,आवासिय क्षेत्र
छतवा,2,388,आवासिय क्षेत्र
छतवा,2 गाउँ,1,आवासिय क्षेत्र
छतवा,2 गाउँ,2,आवासिय क्षेत्र
छतवा,2 गाउँ,3,आवासिय क्षेत्र
छतवा,2 गाउँ,4,आवासिय क्षेत्र
छतवा,2 गाउँ,5,आवासिय क्षेत्र
छतवा,2 गाउँ,6,आवासिय क्षेत्र
छतवा,2 गाउँ,7,आवासिय क्षेत्र
छतवा,2 गाउँ,8,आवासिय क्षेत्र
छतवा,2 गाउँ,9,आवासिय क्षेत्र
छतवा,2 गाउँ,10,आवासिय क्षेत्र
छतवा,2 गाउँ,11,आवासिय क्षेत्र
छतवा,2 गाउँ,12,आवासिय क्षेत्र
छतवा,2 गाउँ,13,आवासिय क्षेत्र
छतवा,2 गाउँ,14,आवासिय क्षेत्र
छतवा,2 गाउँ,15,आवासिय क्षेत्र
छतवा,2 गाउँ,16,आवासिय क्षेत्र
छतवा,2 गाउँ,17,आवासिय क्षेत्र
छतवा,2 गाउँ,18,आवासिय क्षेत्र
छतवा,2 गाउँ,19,आवासिय क्षेत्र
छतवा,2 गाउँ,20,आवासिय क्षेत्र
छतवा,2 गाउँ,21,आवासिय क्षेत्र
छतवा,2 गाउँ,22,आवासिय क्षेत्र
छतवा,2 गाउँ,23,आवासिय क्षेत्र
छतवा,2 गाउँ,24,आवासिय क्षेत्र
छतवा,2 गाउँ,25,आवासिय क्षेत्र
छतवा,2 गाउँ,26,आवासिय क्षेत्र
छतवा,2 गाउँ,27,आवासिय क्षेत्र
छतवा,2 गाउँ,28,आवासिय क्षेत्र
छतवा,2 गाउँ,29,आवासिय क्षेत्र
छतवा,2 गाउँ,30,आवासिय क्षेत्र
छतवा,2 गाउँ,31,आवासिय क्षेत्र
छतवा,2 गाउँ,32,आवासिय क्षेत्र
छतवा,2 गाउँ,33,आवासिय क्षेत्र
छतवा,2 गाउँ,34,आवासिय क्षेत्र
छतवा,2 गाउँ,35,आवासिय क्षेत्र
छतवा,2 गाउँ,36,आवासिय क्षेत्र
छतवा,2 गाउँ,37,आवासिय क्षेत्र
छतवा,2 गाउँ,38,आवासिय क्षेत्र
छतवा,2 गाउँ,39,आवासिय क्षेत्र
छतवा,2 गाउँ,40,आवासिय क्षेत्र
छतवा,2 गाउँ,41,आवासिय क्षेत्र
छतवा,2 गाउँ,42,आवासिय क्षेत्र
छतवा,2 गाउँ,43,आवासिय क्षेत्र
छतवा,2 गाउँ,44,आवासिय क्षेत्र
छतवा,2 गाउँ,45,आवासिय क्षेत्र
छतवा,2 गाउँ,46,आवासिय क्षेत्र
छतवा,2 गाउँ,47,आवासिय क्षेत्र
छतवा,2 गाउँ,48,आवासिय क्षेत्र
छतवा,2 गाउँ,49,आवासिय क्षेत्र
छतवा,2 गाउँ,50,आवासिय क्षेत्र
छतवा,2 गाउँ,51,आवासिय क्षेत्र
छतवा,2 गाउँ,52,आवासिय क्षेत्र
छतवा,2 गाउँ,53,आवासिय क्षेत्र
छतवा,2 गाउँ,54,आवासिय क्षेत्र
छतवा,2 गाउँ,55,आवासिय क्षेत्र
छतवा,2 गाउँ,56,आवासिय क्षेत्र
छतवा,2 गाउँ,57,आवासिय क्षेत्र
छतवा,2 गाउँ,58,आवासिय क्षेत्र
छतवा,2 गाउँ,59,आवासिय क्षेत्र
छतवा,2 नहर,1,आवासिय क्षेत्र
छतवा,2 नहर,16,आवासिय क्षेत्र
छतवा,2 नहर,18,आवासिय क्षेत्र
छतवा,2 नहर,144,सार्वजनिक उपयोग क्षेत्र
छतवा,2 नहर,147,आवासिय क्षेत्र
छतवा,2 नहर,151,आवासिय क्षेत्र
छतवा,2 नहर,154,आवासिय क्षेत्र
छतवा,2 नहर,155,आवासिय क्षेत्र
छतवा,2 नहर,158,आवासिय क्षेत्र
छतवा,2 नहर,301,आवासिय क्षेत्र
छतवा,2 नहर,302,आवासिय क्षेत्र
छतवा,2 नहर,305,आवासिय क्षेत्र
छतवा,2 नहर,306,आवासिय क्षेत्र
छतवा,2 नहर,307,आवासिय क्षेत्र
छतवा,2 नहर,308,आवासिय क्षेत्र
छतवा,2 नहर,326,आवासिय क्षेत्र
छतवा,2 नहर,327,आवासिय क्षेत्र
छतवा,2 नहर,328,आवासिय क्षेत्र
छतवा,2 नहर,329,आवासिय क्षेत्र
छतवा,2 नहर,332,आवासिय क्षेत्र
छतवा,2 नहर,337,आवासिय क्षेत्र
छतवा,2 नहर,338,आवासिय क्षेत्र
छतवा,2 नहर,339,आवासिय क्षेत्र
छतवा,2 नहर,341,आवासिय क्षेत्र
छतवा,2 नहर,342,आवासिय क्षेत्र
छतवा,2 नहर,343,आवासिय क्षेत्र
छतवा,2 नहर,346,आवासिय क्षेत्र
छतवा,2 नहर,347,आवासिय क्षेत्र
छतवा,2 नहर,348,आवासिय क्षेत्र
छतवा,2 नहर,348,आवासिय क्षेत्र
छतवा,2 नहर,349,आवासिय क्षेत्र
छतवा,2 नहर,349,आवासिय क्षेत्र
छतवा,3,2,आवासिय क्षेत्र
छतवा,3,3,आवासिय क्षेत्र
छतवा,3,4,आवासिय क्षेत्र
छतवा,3,5,आवासिय क्षेत्र
छतवा,3,6,आवासिय क्षेत्र
छतवा,3,7,कृषि क्षेत्र
छतवा,3,11,कृषि क्षेत्र
छतवा,3,12,कृषि क्षेत्र
छतवा,3,13,कृषि क्षेत्र
छतवा,3,14,कृषि क्षेत्र
छतवा,3,15,कृषि क्षेत्र
छतवा,3,15,कृषि क्षेत्र
छतवा,3,15,कृषि क्षेत्र
छतवा,3,17,कृषि क्षेत्र
छतवा,3,18,कृषि क्षेत्र
छतवा,3,19,कृषि क्षेत्र
छतवा,3,21,कृषि क्षेत्र
छतवा,3,24,कृषि क्षेत्र
छतवा,3,25,कृषि क्षेत्र
छतवा,3,26,कृषि क्षेत्र
छतवा,3,27,कृषि क्षेत्र
छतवा,3,28,कृषि क्षेत्र
छतवा,3,30,कृषि क्षेत्र
छतवा,3,31,कृषि क्षेत्र
छतवा,3,32,कृषि क्षेत्र
छतवा,3,33,कृषि क्षेत्र
छतवा,3,34,कृषि क्षेत्र
छतवा,3,35,कृषि क्षेत्र
छतवा,3,36,कृषि क्षेत्र
छतवा,3,37,कृषि क्षेत्र
छतवा,3,38,कृषि क्षेत्र
छतवा,3,39,कृषि क्षेत्र
छतवा,3,41,कृषि क्षेत्र
छतवा,3,43,कृषि क्षेत्र
छतवा,3,45,कृषि क्षेत्र
छतवा,3,46,कृषि क्षेत्र
छतवा,3,47,कृषि क्षेत्र
छतवा,3,49,कृषि क्षेत्र
छतवा,3,50,कृषि क्षेत्र
छतवा,3,51,कृषि क्षेत्र
छतवा,3,52,कृषि क्षेत्र
छतवा,3,54,कृषि क्षेत्र
छतवा,3,56,कृषि क्षेत्र
छतवा,3,57,कृषि क्षेत्र
छतवा,3,58,कृषि क्षेत्र
छतवा,3,60,कृषि क्षेत्र
छतवा,3,65,कृषि क्षेत्र
छतवा,3,68,कृषि क्षेत्र
छतवा,3,69,कृषि क्षेत्र
छतवा,3,70,कृषि क्षेत्र
छतवा,3,71,कृषि क्षेत्र
छतवा,3,72,कृषि क्षेत्र
छतवा,3,73,कृषि क्षेत्र
छतवा,3,74,कृषि क्षेत्र
छतवा,3,75,कृषि क्षेत्र
छतवा,3,76,कृषि क्षेत्र
छतवा,3,76,आवासिय क्षेत्र
छतवा,3,77,आवासिय क्षेत्र
छतवा,3,78,आवासिय क्षेत्र
छतवा,3,79,आवासिय क्षेत्र
छतवा,3,81,आवासिय क्षेत्र
छतवा,3,82,आवासिय क्षेत्र
छतवा,3,83,आवासिय क्षेत्र
छतवा,3,85,आवासिय क्षेत्र
छतवा,3,86,आवासिय क्षेत्र
छतवा,3,87,कृषि क्षेत्र
छतवा,3,90,आवासिय क्षेत्र
छतवा,3,91,कृषि क्षेत्र
छतवा,3,92,आवासिय क्षेत्र
छतवा,3,93,आवासिय क्षेत्र
छतवा,3,94,आवासिय क्षेत्र
छतवा,3,95,आवासिय क्षेत्र
छतवा,3,96,आवासिय क्षेत्र
छतवा,3,98,कृषि क्षेत्र
छतवा,3,100,कृषि क्षेत्र
छतवा,3,102,कृषि क्षेत्र
छतवा,3,104,कृषि क्षेत्र
छतवा,3,105,कृषि क्षेत्र
छतवा,3,108,कृषि क्षेत्र
छतवा,3,110,कृषि क्षेत्र
छतवा,3,111,कृषि क्षेत्र
छतवा,3,112,कृषि क्षेत्र
छतवा,3,113,कृषि क्षेत्र
छतवा,3,114,कृषि क्षेत्र
छतवा,3,116,कृषि क्षेत्र
छतवा,3,118,कृषि क्षेत्र
छतवा,3,119,कृषि क्षेत्र
छतवा,3,121,कृषि क्षेत्र
छतवा,3,122,कृषि क्षेत्र
छतवा,3,123,कृषि क्षेत्र
छतवा,3,124,कृषि क्षेत्र
छतवा,3,125,कृषि क्षेत्र
छतवा,3,126,सार्वजनिक उपयोग क्षेत्र
छतवा,3,127,आवासिय क्षेत्र
छतवा,3,128,कृषि क्षेत्र
छतवा,3,129,कृषि क्षेत्र
छतवा,3,130,कृषि क्षेत्र
छतवा,3,131,कृषि क्षेत्र
छतवा,3,132,कृषि क्षेत्र
छतवा,3,133,कृषि क्षेत्र
छतवा,3,134,कृषि क्षेत्र
छतवा,3,135,कृषि क्षेत्र
छतवा,3,136,कृषि क्षेत्र
छतवा,3,137,कृषि क्षेत्र
छतवा,3,138,कृषि क्षेत्र
छतवा,3,139,आवासिय क्षेत्र
छतवा,3,140,आवासिय क्षेत्र
छतवा,3,143,आवासिय क्षेत्र
छतवा,3,144,आवासिय क्षेत्र
छतवा,3,145,आवासिय क्षेत्र
छतवा,3,172,कृषि क्षेत्र
छतवा,3,173,कृषि क्षेत्र
छतवा,3,178,कृषि क्षेत्र
छतवा,3,179,कृषि क्षेत्र
छतवा,3,182,कृषि क्षेत्र
छतवा,3,183,कृषि क्षेत्र
छतवा,3,186,कृषि क्षेत्र
छतवा,3,187,कृषि क्षेत्र
छतवा,3,194,कृषि क्षेत्र
छतवा,3,195,कृषि क्षेत्र
छतवा,3,196,कृषि क्षेत्र
छतवा,3,200,कृषि क्षेत्र
छतवा,3,206,कृषि क्षेत्र
छतवा,3,207,कृषि क्षेत्र
छतवा,3,208,कृषि क्षेत्र
छतवा,3,209,कृषि क्षेत्र
छतवा,3,211,कृषि क्षेत्र
छतवा,3,212,कृषि क्षेत्र
छतवा,3,213,कृषि क्षेत्र
छतवा,3,214,कृषि क्षेत्र
छतवा,3,215,कृषि क्षेत्र
छतवा,3,216,कृषि क्षेत्र
छतवा,3,217,कृषि क्षेत्र
छतवा,3,218,कृषि क्षेत्र
छतवा,3,220,कृषि क्षेत्र
छतवा,3,221,कृषि क्षेत्र
छतवा,3,223,कृषि क्षेत्र
छतवा,3,224,कृषि क्षेत्र
छतवा,3,225,कृषि क्षेत्र
छतवा,3,226,कृषि क्षेत्र
छतवा,3,227,कृषि क्षेत्र
छतवा,3,228,कृषि क्षेत्र
छतवा,3,229,कृषि क्षेत्र
छतवा,3,230,कृषि क्षेत्र
छतवा,3,231,कृषि क्षेत्र
छतवा,3,232,कृषि क्षेत्र
छतवा,3,233,कृषि क्षेत्र
छतवा,3,234,कृषि क्षेत्र
छतवा,3,236,कृषि क्षेत्र
छतवा,3,237,कृषि क्षेत्र
छतवा,3,238,कृषि क्षेत्र
छतवा,3,239,कृषि क्षेत्र
छतवा,3,240,आवासिय क्षेत्र
छतवा,3,253,कृषि क्षेत्र
छतवा,3,254,कृषि क्षेत्र
छतवा,3,255,कृषि क्षेत्र
छतवा,3,257,कृषि क्षेत्र
छतवा,3,260,कृषि क्षेत्र
छतवा,3,261,कृषि क्षेत्र
छतवा,3,262,कृषि क्षेत्र
छतवा,3,263,कृषि क्षेत्र
छतवा,3,264,कृषि क्षेत्र
छतवा,3,265,कृषि क्षेत्र
छतवा,3,268,कृषि क्षेत्र
छतवा,3,272,कृषि क्षेत्र
छतवा,3,273,कृषि क्षेत्र
छतवा,3,274,कृषि क्षेत्र
छतवा,3,275,कृषि क्षेत्र
छतवा,3,276,कृषि क्षेत्र
छतवा,3,277,कृषि क्षेत्र
छतवा,3,284,आवासिय क्षेत्र
छतवा,3,285,कृषि क्षेत्र
छतवा,3,286,कृषि क्षेत्र
छतवा,3,287,कृषि क्षेत्र
छतवा,3,288,कृषि क्षेत्र
छतवा,3,289,आवासिय क्षेत्र
छतवा,3,290,आवासिय क्षेत्र
छतवा,3,291,आवासिय क्षेत्र
छतवा,3,292,आवासिय क्षेत्र
छतवा,3,298,कृषि क्षेत्र
छतवा,3,299,कृषि क्षेत्र
छतवा,3,300,कृषि क्षेत्र
छतवा,3,301,कृषि क्षेत्र
छतवा,3,302,कृषि क्षेत्र
छतवा,3,303,कृषि क्षेत्र
छतवा,3,304,आवासिय क्षेत्र
छतवा,3,305,आवासिय क्षेत्र
छतवा,3,306,आवासिय क्षेत्र
छतवा,3,311,कृषि क्षेत्र
छतवा,3,312,कृषि क्षेत्र
छतवा,3,313,कृषि क्षेत्र
छतवा,3,314,कृषि क्षेत्र
छतवा,3,519,कृषि क्षेत्र
छतवा,3,520,कृषि क्षेत्र
छतवा,3 गाउँ,1,आवासिय क्षेत्र
छतवा,3 गाउँ,2,आवासिय क्षेत्र
छतवा,3 गाउँ,3,आवासिय क्षेत्र
छतवा,3 गाउँ,4,आवासिय क्षेत्र
छतवा,3 गाउँ,5,आवासिय क्षेत्र
छतवा,3 गाउँ,6,आवासिय क्षेत्र
छतवा,3 गाउँ,7,आवासिय क्षेत्र
छतवा,3 गाउँ,8,आवासिय क्षेत्र
छतवा,3 गाउँ,9,आवासिय क्षेत्र
छतवा,3 गाउँ,10,आवासिय क्षेत्र
छतवा,3 गाउँ,11,आवासिय क्षेत्र
छतवा,3 गाउँ,12,आवासिय क्षेत्र
छतवा,3 गाउँ,13,आवासिय क्षेत्र
छतवा,3 गाउँ,14,आवासिय क्षेत्र
छतवा,3 गाउँ,15,आवासिय क्षेत्र
छतवा,3 गाउँ,16,आवासिय क्षेत्र
छतवा,3 गाउँ,17,आवासिय क्षेत्र
छतवा,3 गाउँ,18,आवासिय क्षेत्र
छतवा,3 गाउँ,19,आवासिय क्षेत्र
छतवा,3 गाउँ,20,आवासिय क्षेत्र
छतवा,3 गाउँ,21,आवासिय क्षेत्र
छतवा,3 गाउँ,22,आवासिय क्षेत्र
छतवा,3 गाउँ,23,आवासिय क्षेत्र
छतवा,3 गाउँ,24,आवासिय क्षेत्र
छतवा,3 गाउँ,25,आवासिय क्षेत्र
छतवा,3 गाउँ,26,आवासिय क्षेत्र
छतवा,3 गाउँ,27,आवासिय क्षेत्र
छतवा,3 गाउँ,28,आवासिय क्षेत्र
छतवा,3 गाउँ,29,आवासिय क्षेत्र
छतवा,3 गाउँ,30,आवासिय क्षेत्र
छतवा,3 गाउँ,31,आवासिय क्षेत्र
छतवा,3 गाउँ,32,आवासिय क्षेत्र
छतवा,3 गाउँ,33,"नदी, खोला, ताल, सिमसार क्षेत्र"
छतवा,3 गाउँ,34,आवासिय क्षेत्र
छतवा,3 गाउँ,35,आवासिय क्षेत्र
छतवा,3 नहर,81,आवासिय क्षेत्र
छतवा,3 नहर,84,आवासिय क्षेत्र
छतवा,3 नहर,85,आवासिय क्षेत्र
छतवा,3 नहर,90,आवासिय क्षेत्र
छतवा,3 नहर,92,आवासिय क्षेत्र
छतवा,3 नहर,93,आवासिय क्षेत्र
छतवा,3 नहर,144,आवासिय क्षेत्र
छतवा,3 नहर,146,सार्वजनिक उपयोग क्षेत्र
छतवा,3 नहर,147,आवासिय क्षेत्र
छतवा,3 नहर,148,आवासिय क्षेत्र
छतवा,3 नहर,149,आवासिय क्षेत्र
छतवा,3 नहर,151,आवासिय क्षेत्र
छतवा,3 नहर,152,आवासिय क्षेत्र
छतवा,3 नहर,153,आवासिय क्षेत्र
छतवा,3 नहर,154,आवासिय क्षेत्र
छतवा,3 नहर,155,आवासिय क्षेत्र
छतवा,3 नहर,156,आवासिय क्षेत्र
छतवा,3 नहर,157,आवासिय क्षेत्र
छतवा,3 नहर,158,आवासिय क्षेत्र
छतवा,3 नहर,159,आवासिय क्षेत्र
छतवा,3 नहर,160,आवासिय क्षेत्र
छतवा,3 नहर,161,आवासिय क्षेत्र
छतवा,3 नहर,162,आवासिय क्षेत्र
छतवा,3 नहर,163,आवासिय क्षेत्र
छतवा,3 नहर,164,आवासिय क्षेत्र
छतवा,3 नहर,165,आवासिय क्षेत्र
छतवा,3 नहर,293,आवासिय क्षेत्र
छतवा,3 नहर,294,आवासिय क्षेत्र
छतवा,3 नहर,295,आवासिय क्षेत्र
छतवा,3 नहर,296,आवासिय क्षेत्र
छतवा,3 नहर,297,आवासिय क्षेत्र
छतवा,4,2,आवासिय क्षेत्र
छतवा,4,3,आवासिय क्षेत्र
छतवा,4,4,आवासिय क्षेत्र
छतवा,4,5,आवासिय क्षेत्र
छतवा,4,6,आवासिय क्षेत्र
छतवा,4,7,आवासिय क्षेत्र
छतवा,4,9,आवासिय क्षेत्र
छतवा,4,10,आवासिय क्षेत्र
छतवा,4,11,आवासिय क्षेत्र
छतवा,4,14,आवासिय क्षेत्र
छतवा,4,15,आवासिय क्षेत्र
छतवा,4,16,कृषि क्षेत्र
छतवा,4,17,कृषि क्षेत्र
छतवा,4,18,आवासिय क्षेत्र
छतवा,4,18,कृषि क्षेत्र
छतवा,4,19,कृषि क्षेत्र
छतवा,4,22,कृषि क्षेत्र
छतवा,4,25,कृषि क्षेत्र
छतवा,4,27,कृषि क्षेत्र
छतवा,4,28,कृषि क्षेत्र
छतवा,4,29,कृषि क्षेत्र
छतवा,4,30,कृषि क्षेत्र
छतवा,4,32,कृषि क्षेत्र
छतवा,4,33,आवासिय क्षेत्र
छतवा,4,34,आवासिय क्षेत्र
छतवा,4,35,आवासिय क्षेत्र
छतवा,4,36,आवासिय क्षेत्र
छतवा,4,37,आवासिय क्षेत्र
छतवा,4,38,आवासिय क्षेत्र
छतवा,4,39,आवासिय क्षेत्र
छतवा,4,40,आवासिय क्षेत्र
छतवा,4,41,आवासिय क्षेत्र
छतवा,4,42,आवासिय क्षेत्र
छतवा,4,43,सार्वजनिक उपयोग क्षेत्र
छतवा,4,44,आवासिय क्षेत्र
छतवा,4,45,आवासिय क्षेत्र
छतवा,4,46,आवासिय क्षेत्र
छतवा,4,48,कृषि क्षेत्र
छतवा,4,50,कृषि क्षेत्र
छतवा,4,51,आवासिय क्षेत्र
छतवा,4,52,आवासिय क्षेत्र
छतवा,4,53,आवासिय क्षेत्र
छतवा,4,55,आवासिय क्षेत्र
छतवा,4,58,आवासिय क्षेत्र
छतवा,4,59,आवासिय क्षेत्र
छतवा,4,60,आवासिय क्षेत्र
छतवा,4,62,आवासिय क्षेत्र
छतवा,4,63,आवासिय क्षेत्र
छतवा,4,64,आवासिय क्षेत्र
छतवा,4,65,सास्कृतिक तथा पुरातात्विक महत्त्वको क्षेत्र
छतवा,4,66,आवासिय क्षेत्र
छतवा,4,67,आवासिय क्षेत्र
छतवा,4,68,आवासिय क्षेत्र
छतवा,4,70,आवासिय क्षेत्र
छतवा,4,74,कृषि क्षेत्र
छतवा,4,76,आवासिय क्षेत्र
छतवा,4,77,आवासिय क्षेत्र
छतवा,4,78,आवासिय क्षेत्र
छतवा,4,79,कृषि क्षेत्र
छतवा,4,80,कृषि क्षेत्र
छतवा,4,81,कृषि क्षेत्र
छतवा,4,85,कृषि क्षेत्र
छतवा,4,89,कृषि क्षेत्र
छतवा,4,90,कृषि क्षेत्र
छतवा,4,93,आवासिय क्षेत्र
छतवा,4,94,कृषि क्षेत्र
छतवा,4,95,कृषि क्षेत्र
छतवा,4,96,कृषि क्षेत्र
छतवा,4,97,कृषि क्षेत्र
छतवा,4,99,कृषि क्षेत्र
छतवा,4,102,कृषि क्षेत्र
छतवा,4,103,कृषि क्षेत्र
छतवा,4,104,कृषि क्षेत्र
छतवा,4,105,कृषि क्षेत्र
छतवा,4,106,कृषि क्षेत्र
छतवा,4,108,कृषि क्षेत्र
छतवा,4,109,कृषि क्षेत्र
छतवा,4,110,कृषि क्षेत्र
छतवा,4,112,कृषि क्षेत्र
छतवा,4,114,कृषि क्षेत्र
छतवा,4,115,कृषि क्षेत्र
छतवा,4,116,कृषि क्षेत्र
छतवा,4,120,आवासिय क्षेत्र
छतवा,4,121,"नदी, खोला, ताल, सिमसार क्षेत्र"
छतवा,4,122,आवासिय क्षेत्र
छतवा,4,123,आवासिय क्षेत्र
छतवा,4,125,आवासिय क्षेत्र
छतवा,4,126,आवासिय क्षेत्र
छतवा,4,127,आवासिय क्षेत्र
छतवा,4,128,आवासिय क्षेत्र
छतवा,4,129,आवासिय क्षेत्र
छतवा,4,130,आवासिय क्षेत्र
छतवा,4,132,आवासिय क्षेत्र
छतवा,4,133,आवासिय क्षेत्र
छतवा,4,134,आवासिय क्षेत्र
छतवा,4,135,आवासिय क्षेत्र
छतवा,4,136,आवासिय क्षेत्र
छतवा,4,137,आवासिय क्षेत्र
छतवा,4,138,"नदी, खोला, ताल, सिमसार क्षेत्र"
छतवा,4,144,कृषि क्षेत्र
छतवा,4,145,कृषि क्षेत्र
छतवा,4,146,कृषि क्षेत्र
छतवा,4,147,आवासिय क्षेत्र
छतवा,4,148,आवासिय क्षेत्र
छतवा,4,151,आवासिय क्षेत्र
छतवा,4,152,आवासिय क्षेत्र
छतवा,4,153,आवासिय क्षेत्र
छतवा,4,154,आवासिय क्षेत्र
छतवा,4,155,आवासिय क्षेत्र
छतवा,4,156,कृषि क्षेत्र
छतवा,4,158,कृषि क्षेत्र
छतवा,4,159,कृषि क्षेत्र
छतवा,4,160,कृषि क्षेत्र
छतवा,4,161,कृषि क्षेत्र
छतवा,4,163,आवासिय क्षेत्र
छतवा,4,165,आवासिय क्षेत्र
छतवा,4,167,कृषि क्षेत्र
छतवा,4,168,कृषि क्षेत्र
छतवा,4,169,कृषि क्षेत्र
छतवा,4,172,आवासिय क्षेत्र
छतवा,4,173,आवासिय क्षेत्र
छतवा,4,174,आवासिय क्षेत्र
छतवा,4,176,आवासिय क्षेत्र
छतवा,4,177,आवासिय क्षेत्र
छतवा,4,179,आवासिय क्षेत्र
छतवा,4,180,सार्वजनिक उपयोग क्षेत्र
छतवा,4,182,आवासिय क्षेत्र
छतवा,4,183,आवासिय क्षेत्र
छतवा,4,186,कृषि क्षेत्र
छतवा,4,189,कृषि क्षेत्र
छतवा,4,190,कृषि क्षेत्र
छतवा,4,191,कृषि क्षेत्र
छतवा,4,193,कृषि क्षेत्र
छतवा,4,194,कृषि क्षेत्र
छतवा,4,195,कृषि क्षेत्र
छतवा,4,196,कृषि क्षेत्र
छतवा,4,199,कृषि क्षेत्र
छतवा,4,200,कृषि क्षेत्र
छतवा,4,201,कृषि क्षेत्र
छतवा,4,208,कृषि क्षेत्र
छतवा,4,212,कृषि क्षेत्र
छतवा,4,213,कृषि क्षेत्र
छतवा,4,214,आवासिय क्षेत्र
छतवा,4,215,आवासिय क्षेत्र
छतवा,4,216,आवासिय क्षेत्र
छतवा,4,217,आवासिय क्षेत्र
छतवा,4,235,आवासिय क्षेत्र
छतवा,4,247,कृषि क्षेत्र
छतवा,4,249,कृषि क्षेत्र
छतवा,4,255,कृषि क्षेत्र
छतवा,4,256,कृषि क्षेत्र
छतवा,4,257,कृषि क्षेत्र
छतवा,4,258,कृषि क्षेत्र
छतवा,4,259,आवासिय क्षेत्र
छतवा,4,260,आवासिय क्षेत्र
छतवा,4,261,कृषि क्षेत्र
छतवा,4,262,कृषि क्षेत्र
छतवा,4,263,कृषि क्षेत्र
छतवा,4,264,कृषि क्षेत्र
छतवा,4,265,कृषि क्षेत्र
छतवा,4,266,कृषि क्षेत्र
छतवा,4,267,आवासिय क्षेत्र
छतवा,4,268,आवासिय क्षेत्र
छतवा,4,269,आवासिय क्षेत्र
छतवा,4,270,आवासिय क्षेत्र
छतवा,4,272,आवासिय क्षेत्र
छतवा,4,310,कृषि क्षेत्र
छतवा,4,311,आवासिय क्षेत्र
छतवा,4,312,आवासिय क्षेत्र
छतवा,4,313,आवासिय क्षेत्र
छतवा,4,314,आवासिय क्षेत्र
छतवा,4,316,कृषि क्षेत्र
छतवा,4,317,कृषि क्षेत्र
छतवा,4,318,आवासिय क्षेत्र
छतवा,4,319,आवासिय क्षेत्र
छतवा,4,320,आवासिय क्षेत्र
छतवा,4,321,आवासिय क्षेत्र
छतवा,4,333,कृषि क्षेत्र
छतवा,4,336,कृषि क्षेत्र
छतवा,4,337,कृषि क्षेत्र
छतवा,4,343,कृषि क्षेत्र
छतवा,4,344,कृषि क्षेत्र
छतवा,4,345,कृषि क्षेत्र
छतवा,4,346,कृषि क्षेत्र
छतवा,4,346,आवासिय क्षेत्र
छतवा,4,348,कृषि क्षेत्र
छतवा,4,349,आवासिय क्षेत्र
छतवा,4,350,आवासिय क्षेत्र
छतवा,4,351,आवासिय क्षेत्र
छतवा,4,352,आवासिय क्षेत्र
छतवा,4,353,आवासिय क्षेत्र
छतवा,4,354,कृषि क्षेत्र
छतवा,4,355,कृषि क्षेत्र
छतवा,4,356,आवासिय क्षेत्र
छतवा,4,358,आवासिय क्षेत्र
छतवा,4,359,आवासिय क्षेत्र
छतवा,4,360,कृषि क्षेत्र
छतवा,4,361,कृषि क्षेत्र
छतवा,4,366,कृषि क्षेत्र
छतवा,4,367,आवासिय क्षेत्र
छतवा,4,367,आवासिय क्षेत्र
छतवा,4,370,आवासिय क्षेत्र
छतवा,4,371,आवासिय क्षेत्र
छतवा,4,377,कृषि क्षेत्र
छतवा,4,378,कृषि क्षेत्र
छतवा,4,379,कृषि क्षेत्र
छतवा,4,383,आवासिय क्षेत्र
छतवा,4,384,आवासिय क्षेत्र
छतवा,4,385,आवासिय क्षेत्र
छतवा,4,386,आवासिय क्षेत्र
छतवा,4,400,कृषि क्षेत्र
छतवा,4,401,कृषि क्षेत्र
छतवा,4,402,कृषि क्षेत्र
छतवा,4,403,आवासिय क्षेत्र
छतवा,4,404,आवासिय क्षेत्र
छतवा,4,405,आवासिय क्षेत्र
छतवा,4,406,आवासिय क्षेत्र
छतवा,4,407,आवासिय क्षेत्र
छतवा,4,408,आवासिय क्षेत्र
छतवा,4,409,आवासिय क्षेत्र
छतवा,4,410,आवासिय क्षेत्र
छतवा,4,411,कृषि क्षेत्र
छतवा,4,413,कृषि क्षेत्र
छतवा,4,414,कृषि क्षेत्र
छतवा,4,417,कृषि क्षेत्र
छतवा,4,418,कृषि क्षेत्र
छतवा,4,419,कृषि क्षेत्र
छतवा,4,420,आवासिय क्षेत्र
छतवा,4,421,कृषि क्षेत्र
छतवा,4,422,कृषि क्षेत्र
छतवा,4,425,कृषि क्षेत्र
छतवा,4,426,कृषि क्षेत्र
छतवा,4,435,कृषि क्षेत्र
छतवा,4,436,कृषि क्षेत्र
छतवा,4,437,कृषि क्षेत्र
छतवा,4,438,आवासिय क्षेत्र
छतवा,4,439,आवासिय क्षेत्र
छतवा,4,440,आवासिय क्षेत्र
छतवा,4,460,कृषि क्षेत्र
छतवा,4,479,कृषि क्षेत्र
छतवा,4,513,कृषि क्षेत्र
छतवा,4,514,कृषि क्षेत्र
छतवा,4,517,आवासिय क्षेत्र
छतवा,4,517,कृषि क्षेत्र
छतवा,4,521,कृषि क्षेत्र
छतवा,4,524,कृषि क्षेत्र
छतवा,4,526,आवासिय क्षेत्र
छतवा,4,527,आवासिय क्षेत्र
छतवा,4,532,कृषि क्षेत्र
छतवा,4,533,कृषि क्षेत्र
छतवा,4,534,आवासिय क्षेत्र
छतवा,4,535,आवासिय क्षेत्र
छतवा,4,548,आवासिय क्षेत्र
छतवा,4,565,आवासिय क्षेत्र
छतवा,4,566,आवासिय क्षेत्र
छतवा,4,574,आवासिय क्षेत्र
छतवा,4,575,आवासिय क्षेत्र
छतवा,4,585,कृषि क्षेत्र
छतवा,4,586,कृषि क्षेत्र
छतवा,4,589,आवासिय क्षेत्र
छतवा,4,590,आवासिय क्षेत्र
छतवा,4,591,कृषि क्षेत्र
छतवा,4,592,कृषि क्षेत्र
छतवा,4,593,कृषि क्षेत्र
छतवा,4,594,कृषि क्षेत्र
छतवा,4,595,कृषि क्षेत्र
छतवा,4,596,कृषि क्षेत्र
छतवा,4,597,कृषि क्षेत्र
छतवा,4,598,कृषि क्षेत्र
छतवा,4,599,आवासिय क्षेत्र
छतवा,4,600,आवासिय क्षेत्र
छतवा,4,601,आवासिय क्षेत्र
छतवा,4,602,आवासिय क्षेत्र
छतवा,4,609,कृषि क्षेत्र
छतवा,4,610,कृषि क्षेत्र
छतवा,4,617,कृषि क्षेत्र
छतवा,4,618,कृषि क्षेत्र
छतवा,4,621,आवासिय क्षेत्र
छतवा,4,622,कृषि क्षेत्र
छतवा,4,623,आवासिय क्षेत्र
छतवा,4,624,आवासिय क्षेत्र
छतवा,4,625,आवासिय क्षेत्र
छतवा,4,626,आवासिय क्षेत्र
छतवा,4,627,आवासिय क्षेत्र
छतवा,4,628,आवासिय क्षेत्र
छतवा,4,629,आवासिय क्षेत्र
छतवा,4,630,आवासिय क्षेत्र
छतवा,4,631,आवासिय क्षेत्र
छतवा,4,632,आवासिय क्षेत्र
छतवा,4,638,आवासिय क्षेत्र
छतवा,4,639,आवासिय क्षेत्र
छतवा,4,640,आवासिय क्षेत्र
छतवा,4,641,आवासिय क्षेत्र
छतवा,4,642,आवासिय क्षेत्र
छतवा,4,644,आवासिय क्षेत्र
छतवा,4,645,आवासिय क्षेत्र
छतवा,4,646,आवासिय क्षेत्र
छतवा,4,647,आवासिय क्षेत्र
छतवा,4,648,आवासिय क्षेत्र
छतवा,4,649,आवासिय क्षेत्र
छतवा,4 गाउँ,1,आवासिय क्षेत्र
छतवा,4 गाउँ,2,आवासिय क्षेत्र
छतवा,4 गाउँ,3,आवासिय क्षेत्र
छतवा,4 गाउँ,4,आवासिय क्षेत्र
छतवा,4 गाउँ,5,आवासिय क्षेत्र
छतवा,4 गाउँ,6,आवासिय क्षेत्र
छतवा,4 गाउँ,7,आवासिय क्षेत्र
छतवा,4 गाउँ,8,आवासिय क्षेत्र
छतवा,4 गाउँ,9,आवासिय क्षेत्र
छतवा,4 गाउँ,10,आवासिय क्षेत्र
छतवा,4 गाउँ,11,आवासिय क्षेत्र
छतवा,4 गाउँ,12,आवासिय क्षेत्र
छतवा,4 गाउँ,15,आवासिय क्षेत्र
छतवा,4 गाउँ,16,आवासिय क्षेत्र
छतवा,4 गाउँ,17,आवासिय क्षेत्र
छतवा,4 गाउँ,18,आवासिय क्षेत्र
छतवा,4 गाउँ,19,आवासिय क्षेत्र
छतवा,4 गाउँ,20,आवासिय क्षेत्र
छतवा,4 गाउँ,21,आवासिय क्षेत्र
छतवा,4 गाउँ,22,आवासिय क्षेत्र
छतवा,4 गाउँ,23,आवासिय क्षेत्र
छतवा,4 गाउँ,24,आवासिय क्षेत्र
छतवा,4 गाउँ,25,आवासिय क्षेत्र
छतवा,4 गाउँ,26,आवासिय क्षेत्र
छतवा,4 गाउँ,27,आवासिय क्षेत्र
छतवा,4 गाउँ,28,आवासिय क्षेत्र
छतवा,4 गाउँ,29,आवासिय क्षेत्र
छतवा,4 गाउँ,30,आवासिय क्षेत्र
छतवा,4 गाउँ,31,आवासिय क्षेत्र
छतवा,4 गाउँ,32,आवासिय क्षेत्र
छतवा,4 गाउँ,33,आवासिय क्षेत्र
छतवा,4 गाउँ,34,आवासिय क्षेत्र
छतवा,4 गाउँ,35,आवासिय क्षेत्र
छतवा,4 गाउँ,36,आवासिय क्षेत्र
छतवा,4 गाउँ,37,आवासिय क्षेत्र
छतवा,4 गाउँ,38,आवासिय क्षेत्र
छतवा,4 गाउँ,39,आवासिय क्षेत्र
छतवा,4 गाउँ,40,आवासिय क्षेत्र
छतवा,4 गाउँ,41,आवासिय क्षेत्र
छतवा,4 गाउँ,42,आवासिय क्षेत्र
छतवा,4 गाउँ,43,आवासिय क्षेत्र
छतवा,4 गाउँ,44,आवासिय क्षेत्र
छतवा,4 गाउँ,45,आवासिय क्षेत्र
छतवा,4 गाउँ,46,आवासिय क्षेत्र
छतवा,4 गाउँ,47,आवासिय क्षेत्र
छतवा,4 गाउँ,48,आवासिय क्षेत्र
छतवा,4 गाउँ,49,आवासिय क्षेत्र
छतवा,4 गाउँ,50,आवासिय क्षेत्र
छतवा,4 गाउँ,51,आवासिय क्षेत्र
छतवा,4 गाउँ,52,आवासिय क्षेत्र
छतवा,4 गाउँ,53,आवासिय क्षेत्र
छतवा,4 गाउँ,54,आवासिय क्षेत्र
छतवा,4 गाउँ,55,आवासिय क्षेत्र
छतवा,4 गाउँ,56,आवासिय क्षेत्र
छतवा,4 गाउँ,57,आवासिय क्षेत्र
छतवा,4 गाउँ,58,आवासिय क्षेत्र
छतवा,4 गाउँ,59,आवासिय क्षेत्र
छतवा,4 गाउँ,60,आवासिय क्षेत्र
छतवा,4 गाउँ,61,आवासिय क्षेत्र
छतवा,4 गाउँ,62,आवासिय क्षेत्र
छतवा,4 गाउँ,63,आवासिय क्षेत्र
छतवा,4 गाउँ,64,आवासिय क्षेत्र
छतवा,4 गाउँ,65,आवासिय क्षेत्र
छतवा,4 गाउँ,66,आवासिय क्षेत्र
छतवा,4 गाउँ,67,आवासिय क्षेत्र
छतवा,4 गाउँ,68,आवासिय क्षेत्र
छतवा,4 गाउँ,69,आवासिय क्षेत्र
छतवा,4 नहर,51,आवासिय क्षेत्र
छतवा,4 नहर,121,आवासिय क्षेत्र
छतवा,4 नहर,218,सार्वजनिक उपयोग क्षेत्र
छतवा,4 नहर,219,आवासिय क्षेत्र
छतवा,4 नहर,220,आवासिय क्षेत्र
छतवा,4 नहर,222,आवासिय क्षेत्र
छतवा,4 नहर,223,आवासिय क्षेत्र
छतवा,4 नहर,225,आवासिय क्षेत्र
छतवा,4 नहर,226,आवासिय क्षेत्र
छतवा,4 नहर,227,आवासिय क्षेत्र
छतवा,4 नहर,228,आवासिय क्षेत्र
छतवा,4 नहर,229,आवासिय क्षेत्र
छतवा,4 नहर,230,आवासिय क्षेत्र
छतवा,4 नहर,232,आवासिय क्षेत्र
छतवा,4 नहर,233,आवासिय क्षेत्र
छतवा,4 नहर,234,आवासिय क्षेत्र
छतवा,4 नहर,235,आवासिय क्षेत्र
छतवा,4 नहर,236,आवासिय क्षेत्र
छतवा,4 नहर,250,आवासिय क्षेत्र
छतवा,4 नहर,279,आवासिय क्षेत्र
छतवा,4 नहर,280,आवासिय क्षेत्र
छतवा,4 नहर,281,आवासिय क्षेत्र
छतवा,4 नहर,282,आवासिय क्षेत्र
छतवा,4 नहर,283,आवासिय क्षेत्र
छतवा,4 नहर,284,आवासिय क्षेत्र
छतवा,4 नहर,285,आवासिय क्षेत्र
छतवा,4 नहर,289,आवासिय क्षेत्र
छतवा,4 नहर,290,आवासिय क्षेत्र
छतवा,4 नहर,321,आवासिय क्षेत्र
छतवा,4 नहर,322,आवासिय क्षेत्र
छतवा,4 नहर,323,आवासिय क्षेत्र
छतवा,4 नहर,536,आवासिय क्षेत्र
छतवा,4 नहर,554,आवासिय क्षेत्र
छतवा,4 नहर,555,आवासिय क्षेत्र
छतवा,4 नहर,556,आवासिय क्षेत्र
छतवा,4 नहर,576,आवासिय क्षेत्र
छतवा,4 नहर,577,आवासिय क्षेत्र
छतवा,4 नहर,578,आवासिय क्षेत्र
छतवा,5,1,आवासिय क्षेत्र
छतवा,5,3,कृषि क्षेत्र
छतवा,5,4,आवासिय क्षेत्र
छतवा,5,5,कृषि क्षेत्र
छतवा,5,6,आवासिय क्षेत्र
छतवा,5,7,आवासिय क्षेत्र
छतवा,5,8,आवासिय क्षेत्र
छतवा,5,12,आवासिय क्षेत्र
छतवा,5,14,कृषि क्षेत्र
छतवा,5,15,आवासिय क्षेत्र
छतवा,5,17,आवासिय क्षेत्र
छतवा,5,18,आवासिय क्षेत्र
छतवा,5,19,आवासिय क्षेत्र
छतवा,5,20,कृषि क्षेत्र
छतवा,5,22,आवासिय क्षेत्र
छतवा,5,23,आवासिय क्षेत्र
छतवा,5,24,आवासिय क्षेत्र
छतवा,5,25,आवासिय क्षेत्र
छतवा,5,26,आवासिय क्षेत्र
छतवा,5,27,आवासिय क्षेत्र
छतवा,5,28,आवासिय क्षेत्र
छतवा,5,29,कृषि क्षेत्र
छतवा,5,30,आवासिय क्षेत्र
छतवा,5,31,आवासिय क्षेत्र
छतवा,5,32,आवासिय क्षेत्र
छतवा,5,33,आवासिय क्षेत्र
छतवा,5,34,आवासिय क्षेत्र
छतवा,5,35,आवासिय क्षेत्र
छतवा,5,37,आवासिय क्षेत्र
छतवा,5,39,कृषि क्षेत्र
छतवा,5,41,आवासिय क्षेत्र
छतवा,5,42,आवासिय क्षेत्र
छतवा,5,43,आवासिय क्षेत्र
छतवा,5,44,आवासिय क्षेत्र
छतवा,5,45,आवासिय क्षेत्र
छतवा,5,46,आवासिय क्षेत्र
छतवा,5,47,कृषि क्षेत्र
छतवा,5,48,आवासिय क्षेत्र
छतवा,5,49,आवासिय क्षेत्र
छतवा,5,50,आवासिय क्षेत्र
छतवा,5,51,आवासिय क्षेत्र
छतवा,5,52,आवासिय क्षेत्र
छतवा,5,53,आवासिय क्षेत्र
छतवा,5,54,आवासिय क्षेत्र
छतवा,5,55,कृषि क्षेत्र
छतवा,5,57,आवासिय क्षेत्र
छतवा,5,58,आवासिय क्षेत्र
छतवा,5,59,आवासिय क्षेत्र
छतवा,5,61,आवासिय क्षेत्र
छतवा,5,62,आवासिय क्षेत्र
छतवा,5,63,आवासिय क्षेत्र
छतवा,5,64,आवासिय क्षेत्र
छतवा,5,65,आवासिय क्षेत्र
छतवा,5,66,आवासिय क्षेत्र
छतवा,5,68,आवासिय क्षेत्र
छतवा,5,69,आवासिय क्षेत्र
छतवा,5,70,आवासिय क्षेत्र
छतवा,5,71,आवासिय क्षेत्र
छतवा,5,72,आवासिय क्षेत्र
छतवा,5,73,आवासिय क्षेत्र
छतवा,5,74,आवासिय क्षेत्र
छतवा,5,75,आवासिय क्षेत्र
छतवा,5,76,आवासिय क्षेत्र
छतवा,5,78,आवासिय क्षेत्र
छतवा,5,79,आवासिय क्षेत्र
छतवा,5,81,आवासिय क्षेत्र
छतवा,5,82,आवासिय क्षेत्र
छतवा,5,82,आवासिय क्षेत्र
छतवा,5,84,आवासिय क्षेत्र
छतवा,5,85,आवासिय क्षेत्र
छतवा,5,86,आवासिय क्षेत्र
छतवा,5,87,आवासिय क्षेत्र
छतवा,5,88,आवासिय क्षेत्र
छतवा,5,89,आवासिय क्षेत्र
छतवा,5,90,आवासिय क्षेत्र
छतवा,5,91,आवासिय क्षेत्र
छतवा,5,92,आवासिय क्षेत्र
छतवा,5,93,आवासिय क्षेत्र
छतवा,5,94,आवासिय क्षेत्र
छतवा,5,96,आवासिय क्षेत्र
छतवा,5,97,आवासिय क्षेत्र
छतवा,5,98,कृषि क्षेत्र
छतवा,5,99,कृषि क्षेत्र
छतवा,5,100,आवासिय क्षेत्र
छतवा,5,101,आवासिय क्षेत्र
छतवा,5,102,आवासिय क्षेत्र
छतवा,5,104,आवासिय क्षेत्र
छतवा,5,108,आवासिय क्षेत्र
छतवा,5,109,आवासिय क्षेत्र
छतवा,5,110,आवासिय क्षेत्र
छतवा,5,111,आवासिय क्षेत्र
छतवा,5,112,आवासिय क्षेत्र
छतवा,5,113,आवासिय क्षेत्र
छतवा,5,114,आवासिय क्षेत्र
छतवा,5,115,आवासिय क्षेत्र
छतवा,5,117,कृषि क्षेत्र
छतवा,5,118,आवासिय क्षेत्र
छतवा,5,122,आवासिय क्षेत्र
छतवा,5,123,कृषि क्षेत्र
छतवा,5,124,कृषि क्षेत्र
छतवा,5,125,आवासिय क्षेत्र
छतवा,5,126,कृषि क्षेत्र
छतवा,5,127,कृषि क्षेत्र
छतवा,5,128,कृषि क्षेत्र
छतवा,5,129,कृषि क्षेत्र
छतवा,5,130,कृषि क्षेत्र
छतवा,5,131,कृषि क्षेत्र
छतवा,5,132,कृषि क्षेत्र
छतवा,5,133,कृषि क्षेत्र
छतवा,5,134,कृषि क्षेत्र
छतवा,5,135,कृषि क्षेत्र
छतवा,5,136,कृषि क्षेत्र
छतवा,5,137,कृषि क्षेत्र
छतवा,5,138,कृषि क्षेत्र
छतवा,5,139,कृषि क्षेत्र
छतवा,5,140,कृषि क्षेत्र
छतवा,5,141,कृषि क्षेत्र
छतवा,5,141,कृषि क्षेत्र
छतवा,5,141,कृषि क्षेत्र
छतवा,5,144,कृषि क्षेत्र
छतवा,5,145,कृषि क्षेत्र
छतवा,5,146,कृषि क्षेत्र
छतवा,5,147,कृषि क्षेत्र
छतवा,5,148,कृषि क्षेत्र
छतवा,5,149,कृषि क्षेत्र
छतवा,5,152,कृषि क्षेत्र
छतवा,5,153,कृषि क्षेत्र
छतवा,5,154,कृषि क्षेत्र
छतवा,5,155,कृषि क्षेत्र
छतवा,5,156,कृषि क्षेत्र
छतवा,5,157,कृषि क्षेत्र
छतवा,5,158,आवासिय क्षेत्र
छतवा,5,160,कृषि क्षेत्र
छतवा,5,161,कृषि क्षेत्र
छतवा,5,162,आवासिय क्षेत्र
छतवा,5,163,आवासिय क्षेत्र
छतवा,5,164,आवासिय क्षेत्र
छतवा,5,165,आवासिय क्षेत्र
छतवा,5,166,आवासिय क्षेत्र
छतवा,5,167,आवासिय क्षेत्र
छतवा,5,169,कृषि क्षेत्र
छतवा,5,170,कृषि क्षेत्र
छतवा,5,171,कृषि क्षेत्र
छतवा,5,172,कृषि क्षेत्र
छतवा,5,173,कृषि क्षेत्र
छतवा,5,175,आवासिय क्षेत्र
छतवा,5,176,आवासिय क्षेत्र
छतवा,5,177,आवासिय क्षेत्र
छतवा,5,178,आवासिय क्षेत्र
छतवा,5,179,आवासिय क्षेत्र
छतवा,5,180,आवासिय क्षेत्र
छतवा,5,181,आवासिय क्षेत्र
छतवा,5,182,आवासिय क्षेत्र
छतवा,5,183,आवासिय क्षेत्र
छतवा,5,184,आवासिय क्षेत्र
छतवा,5,185,आवासिय क्षेत्र
छतवा,5,186,आवासिय क्षेत्र
छतवा,5,187,आवासिय क्षेत्र
छतवा,5,188,आवासिय क्षेत्र
छतवा,5,189,आवासिय क्षेत्र
छतवा,5,191,आवासिय क्षेत्र
छतवा,5,195,आवासिय क्षेत्र
छतवा,5,196,आवासिय क्षेत्र
छतवा,5,197,आवासिय क्षेत्र
छतवा,5,198,आवासिय क्षेत्र
छतवा,5,199,आवासिय क्षेत्र
छतवा,5,201,आवासिय क्षेत्र
छतवा,5,202,आवासिय क्षेत्र
छतवा,5,204,आवासिय क्षेत्र
छतवा,5,206,कृषि क्षेत्र
छतवा,5,207,कृषि क्षेत्र
छतवा,5,208,आवासिय क्षेत्र
छतवा,5,209,आवासिय क्षेत्र
छतवा,5,210,कृषि क्षेत्र
छतवा,5,214,आवासिय क्षेत्र
छतवा,5,218,कृषि क्षेत्र
छतवा,5,219,कृषि क्षेत्र
छतवा,5,222,कृषि क्षेत्र
छतवा,5,223,कृषि क्षेत्र
छतवा,5,224,कृषि क्षेत्र
छतवा,5,225,कृषि क्षेत्र
छतवा,5,226,कृषि क्षेत्र
छतवा,5,228,कृषि क्षेत्र
छतवा,5,229,कृषि क्षेत्र
छतवा,5,230,कृषि क्षेत्र
छतवा,5,233,आवासिय क्षेत्र
छतवा,5,234,आवासिय क्षेत्र
छतवा,5,238,कृषि क्षेत्र
छतवा,5,239,कृषि क्षेत्र
छतवा,5,240,कृषि क्षेत्र
छतवा,5,241,कृषि क्षेत्र
छतवा,5,244,कृषि क्षेत्र
छतवा,5,247,आवासिय क्षेत्र
छतवा,5,248,आवासिय क्षेत्र
छतवा,5,249,कृषि क्षेत्र
छतवा,5,250,कृषि क्षेत्र
छतवा,5,253,कृषि क्षेत्र
छतवा,5,256,आवासिय क्षेत्र
छतवा,5,257,आवासिय क्षेत्र
छतवा,5,258,कृषि क्षेत्र
छतवा,5,260,आवासिय क्षेत्र
छतवा,5,263,आवासिय क्षेत्र
छतवा,5,264,आवासिय क्षेत्र
छतवा,5,265,आवासिय क्षेत्र
छतवा,5,266,आवासिय क्षेत्र
छतवा,5,267,आवासिय क्षेत्र
छतवा,5,270,आवासिय क्षेत्र
छतवा,5,271,आवासिय क्षेत्र
छतवा,5,274,आवासिय क्षेत्र
छतवा,5,278,आवासिय क्षेत्र
छतवा,5,279,आवासिय क्षेत्र
छतवा,5,281,आवासिय क्षेत्र
छतवा,5,282,आवासिय क्षेत्र
छतवा,5,283,आवासिय क्षेत्र
छतवा,5,284,आवासिय क्षेत्र
छतवा,5,287,कृषि क्षेत्र
छतवा,5,288,कृषि क्षेत्र
छतवा,5,290,कृषि क्षेत्र
छतवा,5,293,कृषि क्षेत्र
छतवा,5,294,कृषि क्षेत्र
छतवा,5,295,कृषि क्षेत्र
छतवा,5,296,कृषि क्षेत्र
छतवा,5,297,कृषि क्षेत्र
छतवा,5,298,आवासिय क्षेत्र
छतवा,5,302,कृषि क्षेत्र
छतवा,5,304,कृषि क्षेत्र
छतवा,5,305,कृषि क्षेत्र
छतवा,5,306,आवासिय क्षेत्र
छतवा,5,307,आवासिय क्षेत्र
छतवा,5,309,कृषि क्षेत्र
छतवा,5,311,कृषि क्षेत्र
छतवा,5,313,आवासिय क्षेत्र
छतवा,5,314,आवासिय क्षेत्र
छतवा,5,315,आवासिय क्षेत्र
छतवा,5,316,आवासिय क्षेत्र
छतवा,5,318,कृषि क्षेत्र
छतवा,5,319,कृषि क्षेत्र
छतवा,5,321,आवासिय क्षेत्र
छतवा,5,328,कृषि क्षेत्र
छतवा,5,329,आवासिय क्षेत्र
छतवा,5,330,कृषि क्षेत्र
छतवा,5,331,कृषि क्षेत्र
छतवा,5,331,आवासिय क्षेत्र
छतवा,5,331,आवासिय क्षेत्र
छतवा,5,331,आवासिय क्षेत्र
छतवा,5,371,कृषि क्षेत्र
छतवा,5,372,कृषि क्षेत्र
छतवा,5,373,कृषि क्षेत्र
छतवा,5,376,आवासिय क्षेत्र
छतवा,5,377,आवासिय क्षेत्र
छतवा,5,378,कृषि क्षेत्र
छतवा,5,379,कृषि क्षेत्र
छतवा,5,383,आवासिय क्षेत्र
छतवा,5,387,आवासिय क्षेत्र
छतवा,5,388,आवासिय क्षेत्र
छतवा,5,390,कृषि क्षेत्र
छतवा,5,391,कृषि क्षेत्र
छतवा,5,392,कृषि क्षेत्र
छतवा,5,393,कृषि क्षेत्र
छतवा,5,394,कृषि क्षेत्र
छतवा,5,395,कृषि क्षेत्र
छतवा,5,396,कृषि क्षेत्र
छतवा,5,397,कृषि क्षेत्र
छतवा,5,398,कृषि क्षेत्र
छतवा,5,399,आवासिय क्षेत्र
छतवा,5,429,कृषि क्षेत्र
छतवा,5,438,आवासिय क्षेत्र
छतवा,5,439,कृषि क्षेत्र
छतवा,5,440,आवासिय क्षेत्र
छतवा,5,441,आवासिय क्षेत्र
छतवा,5,442,आवासिय क्षेत्र
छतवा,5,461,कृषि क्षेत्र
छतवा,5,466,कृषि क्षेत्र
छतवा,5,469,कृषि क्षेत्र
छतवा,5,470,कृषि क्षेत्र
छतवा,5,471,कृषि क्षेत्र
छतवा,5,472,कृषि क्षेत्र
छतवा,5,474,आवासिय क्षेत्र
छतवा,5,476,आवासिय क्षेत्र
छतवा,5,480,आवासिय क्षेत्र
छतवा,5,481,आवासिय क्षेत्र
छतवा,5,482,आवासिय क्षेत्र
छतवा,5,483,आवासिय क्षेत्र
छतवा,5,492,आवासिय क्षेत्र
छतवा,5,493,आवासिय क्षेत्र
छतवा,5,494,आवासिय क्षेत्र
छतवा,5,495,आवासिय क्षेत्र
छतवा,5,496,आवासिय क्षेत्र
छतवा,5,500,आवासिय क्षेत्र
छतवा,5,504,कृषि क्षेत्र
छतवा,5,505,आवासिय क्षेत्र
छतवा,5,510,आवासिय क्षेत्र
छतवा,5,511,आवासिय क्षेत्र
छतवा,5,512,आवासिय क्षेत्र
छतवा,5,513,आवासिय क्षेत्र
छतवा,5,518,आवासिय क्षेत्र
छतवा,5,519,आवासिय क्षेत्र
छतवा,5,520,आवासिय क्षेत्र
छतवा,5,527,आवासिय क्षेत्र
छतवा,5,528,आवासिय क्षेत्र
छतवा,5,530,आवासिय क्षेत्र
छतवा,5,533,आवासिय क्षेत्र
छतवा,5,534,आवासिय क्षेत्र
छतवा,5,535,आवासिय क्षेत्र
छतवा,5,536,कृषि क्षेत्र
छतवा,5,537,कृषि क्षेत्र
छतवा,5,538,आवासिय क्षेत्र
छतवा,5,539,आवासिय क्षेत्र
छतवा,5,540,आवासिय क्षेत्र
छतवा,5,541,आवासिय क्षेत्र
छतवा,5,550,आवासिय क्षेत्र
छतवा,5,551,आवासिय क्षेत्र
छतवा,5,552,कृषि क्षेत्र
छतवा,5,553,कृषि क्षेत्र
छतवा,5,558,आवासिय क्षेत्र
छतवा,5,576,कृषि क्षेत्र
छतवा,5,577,आवासिय क्षेत्र
छतवा,5,578,आवासिय क्षेत्र
छतवा,5,579,आवासिय क्षेत्र
छतवा,5,580,आवासिय क्षेत्र
छतवा,5,581,आवासिय क्षेत्र
छतवा,5,582,आवासिय क्षेत्र
छतवा,5,583,आवासिय क्षेत्र
छतवा,5,597,आवासिय क्षेत्र
छतवा,5,598,आवासिय क्षेत्र
छतवा,5,599,आवासिय क्षेत्र
छतवा,5,604,कृषि क्षेत्र
छतवा,5,605,कृषि क्षेत्र
छतवा,5,606,कृषि क्षेत्र
छतवा,5,613,कृषि क्षेत्र
छतवा,5,614,कृषि क्षेत्र
छतवा,5,650,आवासिय क्षेत्र
छतवा,5,651,आवासिय क्षेत्र
छतवा,5,661,आवासिय क्षेत्र
छतवा,5,662,आवासिय क्षेत्र
छतवा,5,663,कृषि क्षेत्र
छतवा,5,664,आवासिय क्षेत्र
छतवा,5,667,कृषि क्षेत्र
छतवा,5,667,कृषि क्षेत्र
छतवा,5,668,कृषि क्षेत्र
छतवा,5,680,आवासिय क्षेत्र
छतवा,5,681,आवासिय क्षेत्र
छतवा,5,683,कृषि क्षेत्र
छतवा,5,684,कृषि क्षेत्र
छतवा,5,685,कृषि क्षेत्र
छतवा,5,693,आवासिय क्षेत्र
छतवा,5,694,आवासिय क्षेत्र
छतवा,5,695,आवासिय क्षेत्र
छतवा,5,696,आवासिय क्षेत्र
छतवा,5,703,आवासिय क्षेत्र
छतवा,5,704,आवासिय क्षेत्र
छतवा,5,705,कृषि क्षेत्र
छतवा,5,706,कृषि क्षेत्र
छतवा,5,707,आवासिय क्षेत्र
छतवा,5,708,आवासिय क्षेत्र
छतवा,5,771,कृषि क्षेत्र
छतवा,5,772,कृषि क्षेत्र
छतवा,5,776,आवासिय क्षेत्र
छतवा,5,802,आवासिय क्षेत्र
छतवा,5,807,कृषि क्षेत्र
छतवा,5,809,आवासिय क्षेत्र
छतवा,5,810,आवासिय क्षेत्र
छतवा,5,811,आवासिय क्षेत्र
छतवा,5,817,आवासिय क्षेत्र
छतवा,5,825,आवासिय क्षेत्र
छतवा,5,826,आवासिय क्षेत्र
छतवा,5,829,आवासिय क्षेत्र
छतवा,5,830,आवासिय क्षेत्र
छतवा,5,831,कृषि क्षेत्र
छतवा,5,835,कृषि क्षेत्र
छतवा,5,836,कृषि क्षेत्र
छतवा,5,841,कृषि क्षेत्र
छतवा,5,842,कृषि क्षेत्र
छतवा,5,843,आवासिय क्षेत्र
छतवा,5,844,आवासिय क्षेत्र
छतवा,5,845,आवासिय क्षेत्र
छतवा,5,846,आवासिय क्षेत्र
छतवा,5,847,आवासिय क्षेत्र
छतवा,5,855,कृषि क्षेत्र
छतवा,5,856,कृषि क्षेत्र
छतवा,5,857,कृषि क्षेत्र
छतवा,5,858,कृषि क्षेत्र
छतवा,5,859,कृषि क्षेत्र
छतवा,5,860,कृषि क्षेत्र
छतवा,5,861,कृषि क्षेत्र
छतवा,5,868,कृषि क्षेत्र
छतवा,5,869,कृषि क्षेत्र
छतवा,5,874,आवासिय क्षेत्र
छतवा,5,875,आवासिय क्षेत्र
छतवा,5,877,आवासिय क्षेत्र
छतवा,5,878,कृषि क्षेत्र
छतवा,5,879,कृषि क्षेत्र
छतवा,5,880,आवासिय क्षेत्र
छतवा,5,881,आवासिय क्षेत्र
छतवा,5,893,आवासिय क्षेत्र
छतवा,5,894,आवासिय क्षेत्र
छतवा,5,897,कृषि क्षेत्र
छतवा,5,898,कृषि क्षेत्र
छतवा,5,901,आवासिय क्षेत्र
छतवा,5,902,आवासिय क्षेत्र
छतवा,5,909,आवासिय क्षेत्र
छतवा,5,910,आवासिय क्षेत्र
छतवा,5,913,आवासिय क्षेत्र
छतवा,5,914,आवासिय क्षेत्र
छतवा,5,915,आवासिय क्षेत्र
छतवा,5,916,आवासिय क्षेत्र
छतवा,5,917,आवासिय क्षेत्र
छतवा,5,918,आवासिय क्षेत्र
छतवा,5,919,आवासिय क्षेत्र
छतवा,5,920,आवासिय क्षेत्र
छतवा,5,921,आवासिय क्षेत्र
छतवा,5,922,आवासिय क्षेत्र
छतवा,5,923,आवासिय क्षेत्र
छतवा,5,924,आवासिय क्षेत्र
छतवा,5,925,आवासिय क्षेत्र
छतवा,5,926,आवासिय क्षेत्र
छतवा,5,927,आवासिय क्षेत्र
छतवा,5,928,आवासिय क्षेत्र
छतवा,5,929,आवासिय क्षेत्र
छतवा,5,930,आवासिय क्षेत्र
छतवा,5,931,आवासिय क्षेत्र
छतवा,5,932,आवासिय क्षेत्र
छतवा,5,933,आवासिय क्षेत्र
छतवा,5,934,कृषि क्षेत्र
छतवा,5,935,कृषि क्षेत्र
छतवा,5,936,कृषि क्षेत्र
छतवा,5,937,कृषि क्षेत्र
छतवा,5,938,आवासिय क्षेत्र
छतवा,5,939,आवासिय क्षेत्र
छतवा,5,940,आवासिय क्षेत्र
छतवा,5,941,आवासिय क्षेत्र
छतवा,5 गाउँ,1,आवासिय क्षेत्र
छतवा,5 गाउँ,2,आवासिय क्षेत्र
छतवा,5 गाउँ,3,आवासिय क्षेत्र
छतवा,5 गाउँ,4,आवासिय क्षेत्र
छतवा,5 गाउँ,5,आवासिय क्षेत्र
छतवा,5 गाउँ,6,आवासिय क्षेत्र
छतवा,5 गाउँ,7,आवासिय क्षेत्र
छतवा,5 गाउँ,8,आवासिय क्षेत्र
छतवा,5 गाउँ,9,आवासिय क्षेत्र
छतवा,5 गाउँ,10,आवासिय क्षेत्र
छतवा,5 गाउँ,11,आवासिय क्षेत्र
छतवा,5 गाउँ,12,आवासिय क्षेत्र
छतवा,5 गाउँ,13,आवासिय क्षेत्र
छतवा,5 गाउँ,14,आवासिय क्षेत्र
छतवा,5 गाउँ,15,आवासिय क्षेत्र
छतवा,5 गाउँ,16,आवासिय क्षेत्र
छतवा,5 गाउँ,17,आवासिय क्षेत्र
छतवा,5 गाउँ,18,आवासिय क्षेत्र
छतवा,5 गाउँ,19,आवासिय क्षेत्र
छतवा,5 गाउँ,20,आवासिय क्षेत्र
छतवा,5 गाउँ,21,आवासिय क्षेत्र
छतवा,5 गाउँ,22,आवासिय क्षेत्र
छतवा,5 गाउँ,23,आवासिय क्षेत्र
छतवा,5 गाउँ,24,आवासिय क्षेत्र
छतवा,5 गाउँ,25,आवासिय क्षेत्र
छतवा,5 गाउँ,26,आवासिय क्षेत्र
छतवा,5 गाउँ,27,आवासिय क्षेत्र
छतवा,5 गाउँ,28,आवासिय क्षेत्र
छतवा,5 गाउँ,29,आवासिय क्षेत्र
छतवा,5 गाउँ,30,आवासिय क्षेत्र
छतवा,5 गाउँ,31,आवासिय क्षेत्र
छतवा,5 गाउँ,32,आवासिय क्षेत्र
छतवा,5 गाउँ,33,आवासिय क्षेत्र
छतवा,5 गाउँ,34,आवासिय क्षेत्र
छतवा,5 गाउँ,35,आवासिय क्षेत्र
छतवा,5 गाउँ,36,आवासिय क्षेत्र
छतवा,5 गाउँ,37,आवासिय क्षेत्र
छतवा,5 गाउँ,38,आवासिय क्षेत्र
छतवा,5 गाउँ,39,आवासिय क्षेत्र
छतवा,5 गाउँ,40,आवासिय क्षेत्र
छतवा,5 गाउँ,41,आवासिय क्षेत्र
छतवा,5 गाउँ,42,आवासिय क्षेत्र
छतवा,5 गाउँ,43,आवासिय क्षेत्र
छतवा,5 गाउँ,44,आवासिय क्षेत्र
छतवा,5 गाउँ,45,आवासिय क्षेत्र
छतवा,5 गाउँ,46,आवासिय क्षेत्र
छतवा,5 गाउँ,47,आवासिय क्षेत्र
छतवा,5 गाउँ,48,आवासिय क्षेत्र
छतवा,5 गाउँ,49,आवासिय क्षेत्र
छतवा,5 गाउँ,50,आवासिय क्षेत्र
छतवा,5 गाउँ,51,आवासिय क्षेत्र
छतवा,5 गाउँ,52,आवासिय क्षेत्र
छतवा,5 गाउँ,53,आवासिय क्षेत्र
छतवा,5 गाउँ,54,आवासिय क्षेत्र
छतवा,5 गाउँ,55,आवासिय क्षेत्र
छतवा,5 गाउँ,56,आवासिय क्षेत्र
छतवा,5 गाउँ,57,आवासिय क्षेत्र
छतवा,5 गाउँ,58,आवासिय क्षेत्र
छतवा,5 गाउँ,59,आवासिय क्षेत्र
छतवा,5 गाउँ,60,आवासिय क्षेत्र
छतवा,5 गाउँ,61,आवासिय क्षेत्र
छतवा,5 गाउँ,62,आवासिय क्षेत्र
छतवा,5 गाउँ,63,आवासिय क्षेत्र
छतवा,5 गाउँ,64,आवासिय क्षेत्र
छतवा,5 नहर,0,सार्वजनिक उपयोग क्षेत्र
छतवा,5 नहर,0,सार्वजनिक उपयोग क्षेत्र
छतवा,5 नहर,0,आवासिय क्षेत्र
छतवा,5 नहर,0,सार्वजनिक उपयोग क्षेत्र
छतवा,5 नहर,51,आवासिय क्षेत्र
छतवा,5 नहर,135,आवासिय क्षेत्र
छतवा,5 नहर,332,सार्वजनिक उपयोग क्षेत्र
छतवा,5 नहर,332,आवासिय क्षेत्र
छतवा,5 नहर,333,आवासिय क्षेत्र
छतवा,5 नहर,335,आवासिय क्षेत्र
छतवा,5 नहर,341,आवासिय क्षेत्र
छतवा,5 नहर,342,आवासिय क्षेत्र
छतवा,5 नहर,343,आवासिय क्षेत्र
छतवा,5 नहर,344,आवासिय क्षेत्र
छतवा,5 नहर,345,आवासिय क्षेत्र
छतवा,5 नहर,346,आवासिय क्षेत्र
छतवा,5 नहर,347,आवासिय क्षेत्र
छतवा,5 नहर,348,आवासिय क्षेत्र
छतवा,5 नहर,350,आवासिय क्षेत्र
छतवा,5 नहर,351,सार्वजनिक उपयोग क्षेत्र
छतवा,5 नहर,352,आवासिय क्षेत्र
छतवा,5 नहर,353,आवासिय क्षेत्र
छतवा,5 नहर,355,आवासिय क्षेत्र
छतवा,5 नहर,357,आवासिय क्षेत्र
छतवा,5 नहर,358,आवासिय क्षेत्र
छतवा,5 नहर,359,आवासिय क्षेत्र
छतवा,5 नहर,360,आवासिय क्षेत्र
छतवा,5 नहर,361,आवासिय क्षेत्र
छतवा,5 नहर,362,आवासिय क्षेत्र
छतवा,5 नहर,364,आवासिय क्षेत्र
छतवा,5 नहर,365,आवासिय क्षेत्र
छतवा,5 नहर,366,आवासिय क्षेत्र
छतवा,5 नहर,367,आवासिय क्षेत्र
छतवा,5 नहर,369,आवासिय क्षेत्र
छतवा,5 नहर,370,आवासिय क्षेत्र
छतवा,5 नहर,371,आवासिय क्षेत्र
छतवा,5 नहर,380,आवासिय क्षेत्र
छतवा,5 नहर,382,आवासिय क्षेत्र
छतवा,5 नहर,422,आवासिय क्षेत्र
छतवा,5 नहर,423,आवासिय क्षेत्र
छतवा,5 नहर,454,आवासिय क्षेत्र
छतवा,5 नहर,455,आवासिय क्षेत्र
छतवा,5 नहर,456,आवासिय क्षेत्र
छतवा,5 नहर,490,आवासिय क्षेत्र
छतवा,5 नहर,491,आवासिय क्षेत्र
छतवा,5 नहर,514,आवासिय क्षेत्र
छतवा,5 नहर,516,आवासिय क्षेत्र
छतवा,5 नहर,617,आवासिय क्षेत्र
छतवा,5 नहर,618,आवासिय क्षेत्र
छतवा,5 नहर,619,आवासिय क्षेत्र
छतवा,5 नहर,632,आवासिय क्षेत्र
छतवा,5 नहर,633,आवासिय क्षेत्र
छतवा,5 नहर,634,आवासिय क्षेत्र
छतवा,5 नहर,636,आवासिय क्षेत्र
छतवा,5 नहर,637,आवासिय क्षेत्र
छतवा,5 नहर,638,आवासिय क्षेत्र
छतवा,5 नहर,639,आवासिय क्षेत्र
छतवा,5 नहर,640,आवासिय क्षेत्र
छतवा,5 नहर,641,आवासिय क्षेत्र
छतवा,5 नहर,654,आवासिय क्षेत्र
छतवा,5 नहर,655,आवासिय क्षेत्र
छतवा,5 नहर,656,आवासिय क्षेत्र
छतवा,5 नहर,717,आवासिय क्षेत्र
छतवा,5 नहर,718,आवासिय क्षेत्र
छतवा,5 नहर,803,आवासिय क्षेत्र
छतवा,5 नहर,804,आवासिय क्षेत्र
छतवा,5 नहर,827,आवासिय क्षेत्र
छतवा,5 नहर,900,आवासिय क्षेत्र
छतवा,5 नहर,911,आवासिय क्षेत्र
छतवा,5 नहर,912,आवासिय क्षेत्र
छतवा,5 नहर,3691,आवासिय क्षेत्र
छतवा,6,0,आवासिय क्षेत्र
छतवा,6,1,आवासिय क्षेत्र
छतवा,6,2,आवासिय क्षेत्र
छतवा,6,4,आवासिय क्षेत्र
छतवा,6,6,आवासिय क्षेत्र
छतवा,6,7,आवासिय क्षेत्र
छतवा,6,8,आवासिय क्षेत्र
छतवा,6,9,आवासिय क्षेत्र
छतवा,6,10,आवासिय क्षेत्र
छतवा,6,12,आवासिय क्षेत्र
छतवा,6,13,आवासिय क्षेत्र
छतवा,6,14,आवासिय क्षेत्र
छतवा,6,15,आवासिय क्षेत्र
छतवा,6,16,आवासिय क्षेत्र
छतवा,6,17,आवासिय क्षेत्र
छतवा,6,23,आवासिय क्षेत्र
छतवा,6,24,आवासिय क्षेत्र
छतवा,6,25,आवासिय क्षेत्र
छतवा,6,26,आवासिय क्षेत्र
छतवा,6,27,आवासिय क्षेत्र
छतवा,6,29,आवासिय क्षेत्र
छतवा,6,30,आवासिय क्षेत्र
छतवा,6,31,आवासिय क्षेत्र
छतवा,6,33,आवासिय क्षेत्र
छतवा,6,34,आवासिय क्षेत्र
छतवा,6,35,आवासिय क्षेत्र
छतवा,6,36,आवासिय क्षेत्र
छतवा,6,37,आवासिय क्षेत्र
छतवा,6,38,आवासिय क्षेत्र
छतवा,6,39,आवासिय क्षेत्र
छतवा,6,41,आवासिय क्षेत्र
छतवा,6,43,आवासिय क्षेत्र
छतवा,6,44,आवासिय क्षेत्र
छतवा,6,45,आवासिय क्षेत्र
छतवा,6,47,आवासिय क्षेत्र
छतवा,6,48,आवासिय क्षेत्र
छतवा,6,49,आवासिय क्षेत्र
छतवा,6,51,आवासिय क्षेत्र
छतवा,6,54,आवासिय क्षेत्र
छतवा,6,57,कृषि क्षेत्र
छतवा,6,58,आवासिय क्षेत्र
छतवा,6,62,कृषि क्षेत्र
छतवा,6,63,कृषि क्षेत्र
छतवा,6,65,कृषि क्षेत्र
छतवा,6,66,कृषि क्षेत्र
छतवा,6,68,कृषि क्षेत्र
छतवा,6,69,कृषि क्षेत्र
छतवा,6,73,कृषि क्षेत्र
छतवा,6,74,कृषि क्षेत्र
छतवा,6,75,कृषि क्षेत्र
छतवा,6,77,कृषि क्षेत्र
छतवा,6,78,कृषि क्षेत्र
छतवा,6,79,कृषि क्षेत्र
छतवा,6,80,कृषि क्षेत्र
छतवा,6,81,कृषि क्षेत्र
छतवा,6,82,कृषि क्षेत्र
छतवा,6,86,कृषि क्षेत्र
छतवा,6,87,कृषि क्षेत्र
छतवा,6,88,कृषि क्षेत्र
छतवा,6,90,कृषि क्षेत्र
छतवा,6,91,कृषि क्षेत्र
छतवा,6,92,कृषि क्षेत्र
छतवा,6,94,कृषि क्षेत्र
छतवा,6,95,कृषि क्षेत्र
छतवा,6,96,कृषि क्षेत्र
छतवा,6,98,कृषि क्षेत्र
छतवा,6,101,कृषि क्षेत्र
छतवा,6,104,कृषि क्षेत्र
छतवा,6,105,कृषि क्षेत्र
छतवा,6,106,कृषि क्षेत्र
छतवा,6,107,कृषि क्षेत्र
छतवा,6,108,कृषि क्षेत्र
छतवा,6,110,कृषि क्षेत्र
छतवा,6,112,कृषि क्षेत्र
छतवा,6,113,कृषि क्षेत्र
छतवा,6,114,कृषि क्षेत्र
छतवा,6,115,कृषि क्षेत्र
छतवा,6,116,कृषि क्षेत्र
छतवा,6,119,कृषि क्षेत्र
छतवा,6,121,कृषि क्षेत्र
छतवा,6,123,कृषि क्षेत्र
छतवा,6,124,कृषि क्षेत्र
छतवा,6,126,कृषि क्षेत्र
छतवा,6,131,कृषि क्षेत्र
छतवा,6,132,कृषि क्षेत्र
छतवा,6,133,कृषि क्षेत्र
छतवा,6,134,आवासिय क्षेत्र
छतवा,6,135,आवासिय क्षेत्र
छतवा,6,136,कृषि क्षेत्र
छतवा,6,137,कृषि क्षेत्र
छतवा,6,139,कृषि क्षेत्र
छतवा,6,140,कृषि क्षेत्र
छतवा,6,141,कृषि क्षेत्र
छतवा,6,142,कृषि क्षेत्र
छतवा,6,143,कृषि क्षेत्र
छतवा,6,144,कृषि क्षेत्र
छतवा,6,145,कृषि क्षेत्र
छतवा,6,146,कृषि क्षेत्र
छतवा,6,147,कृषि क्षेत्र
छतवा,6,148,कृषि क्षेत्र
छतवा,6,149,कृषि क्षेत्र
छतवा,6,150,कृषि क्षेत्र
छतवा,6,151,कृषि क्षेत्र
छतवा,6,154,आवासिय क्षेत्र
छतवा,6,156,कृषि क्षेत्र
छतवा,6,157,आवासिय क्षेत्र
छतवा,6,158,आवासिय क्षेत्र
छतवा,6,159,आवासिय क्षेत्र
छतवा,6,160,सार्वजनिक उपयोग क्षेत्र
छतवा,6,161,कृषि क्षेत्र
छतवा,6,162,आवासिय क्षेत्र
छतवा,6,164,कृषि क्षेत्र
छतवा,6,165,कृषि क्षेत्र
छतवा,6,167,कृषि क्षेत्र
छतवा,6,168,कृषि क्षेत्र
छतवा,6,169,कृषि क्षेत्र
छतवा,6,170,कृषि क्षेत्र
छतवा,6,174,कृषि क्षेत्र
छतवा,6,176,कृषि क्षेत्र
छतवा,6,179,कृषि क्षेत्र
छतवा,6,180,कृषि क्षेत्र
छतवा,6,183,कृषि क्षेत्र
छतवा,6,186,कृषि क्षेत्र
छतवा,6,187,कृषि क्षेत्र
छतवा,6,191,आवासिय क्षेत्र
छतवा,6,192,कृषि क्षेत्र
छतवा,6,193,कृषि क्षेत्र
छतवा,6,194,कृषि क्षेत्र
छतवा,6,197,कृषि क्षेत्र
छतवा,6,198,कृषि क्षेत्र
छतवा,6,224,कृषि क्षेत्र
छतवा,6,230,कृषि क्षेत्र
छतवा,6,231,कृषि क्षेत्र
छतवा,6,237,कृषि क्षेत्र
छतवा,6,238,कृषि क्षेत्र
छतवा,6,240,आवासिय क्षेत्र
छतवा,6,241,आवासिय क्षेत्र
छतवा,6,242,आवासिय क्षेत्र
छतवा,6,243,आवासिय क्षेत्र
छतवा,6,246,कृषि क्षेत्र
छतवा,6,247,कृषि क्षेत्र
छतवा,6,248,कृषि क्षेत्र
छतवा,6,249,कृषि क्षेत्र
छतवा,6,250,कृषि क्षेत्र
छतवा,6,251,कृषि क्षेत्र
छतवा,6,252,आवासिय क्षेत्र
छतवा,6,253,आवासिय क्षेत्र
छतवा,6,254,आवासिय क्षेत्र
छतवा,6,263,कृषि क्षेत्र
छतवा,6,291,आवासिय क्षेत्र
छतवा,6,295,आवासिय क्षेत्र
छतवा,6,296,आवासिय क्षेत्र
छतवा,6,307,कृषि क्षेत्र
छतवा,6,308,कृषि क्षेत्र
छतवा,6,319,कृषि क्षेत्र
छतवा,6,320,कृषि क्षेत्र
छतवा,6,321,कृषि क्षेत्र
छतवा,6,322,कृषि क्षेत्र
छतवा,6,323,कृषि क्षेत्र
छतवा,6,324,कृषि क्षेत्र
छतवा,6,325,आवासिय क्षेत्र
छतवा,6,330,कृषि क्षेत्र
छतवा,6,331,कृषि क्षेत्र
छतवा,6,332,कृषि क्षेत्र
छतवा,6,333,कृषि क्षेत्र
छतवा,6,334,कृषि क्षेत्र
छतवा,6,335,कृषि क्षेत्र
छतवा,6,336,कृषि क्षेत्र
छतवा,6,337,कृषि क्षेत्र
छतवा,6,338,आवासिय क्षेत्र
छतवा,6,339,आवासिय क्षेत्र
छतवा,6,340,आवासिय क्षेत्र
छतवा,6,341,आवासिय क्षेत्र
छतवा,6,342,आवासिय क्षेत्र
छतवा,6,343,आवासिय क्षेत्र
छतवा,6,344,आवासिय क्षेत्र
छतवा,6,345,आवासिय क्षेत्र
छतवा,6,346,आवासिय क्षेत्र
छतवा,6,347,आवासिय क्षेत्र
छतवा,6,348,कृषि क्षेत्र
छतवा,6,349,कृषि क्षेत्र
छतवा,6,350,कृषि क्षेत्र
छतवा,6,355,कृषि क्षेत्र
छतवा,6,356,कृषि क्षेत्र
छतवा,6,357,कृषि क्षेत्र
छतवा,6,358,कृषि क्षेत्र
छतवा,6,364,कृषि क्षेत्र
छतवा,6,367,कृषि क्षेत्र
छतवा,6,368,कृषि क्षेत्र
छतवा,6,369,कृषि क्षेत्र
छतवा,6,371,आवासिय क्षेत्र
छतवा,6,372,आवासिय क्षेत्र
छतवा,6,373,कृषि क्षेत्र
छतवा,6,376,कृषि क्षेत्र
छतवा,6,378,कृषि क्षेत्र
छतवा,6,383,कृषि क्षेत्र
छतवा,6,384,कृषि क्षेत्र
छतवा,6,418,कृषि क्षेत्र
छतवा,6,419,कृषि क्षेत्र
छतवा,6,432,कृषि क्षेत्र
छतवा,6,433,आवासिय क्षेत्र
छतवा,6,434,कृषि क्षेत्र
छतवा,6,447,आवासिय क्षेत्र
छतवा,6,448,आवासिय क्षेत्र
छतवा,6,451,कृषि क्षेत्र
छतवा,6,452,कृषि क्षेत्र
छतवा,6,470,आवासिय क्षेत्र
छतवा,6,471,आवासिय क्षेत्र
छतवा,6,472,आवासिय क्षेत्र
छतवा,6,473,आवासिय क्षेत्र
छतवा,6,474,कृषि क्षेत्र
छतवा,6,475,कृषि क्षेत्र
छतवा,6,476,कृषि क्षेत्र
छतवा,6,477,कृषि क्षेत्र
छतवा,6,478,कृषि क्षेत्र
छतवा,6,479,कृषि क्षेत्र
छतवा,6,480,कृषि क्षेत्र
छतवा,6,481,कृषि क्षेत्र
छतवा,6,493,कृषि क्षेत्र
छतवा,6,494,कृषि क्षेत्र
छतवा,6,509,आवासिय क्षेत्र
छतवा,6,510,आवासिय क्षेत्र
छतवा,6,511,आवासिय क्षेत्र
छतवा,6,512,आवासिय क्षेत्र
छतवा,6,513,आवासिय क्षेत्र
छतवा,6,514,आवासिय क्षेत्र
छतवा,6,515,आवासिय क्षेत्र
छतवा,6,516,आवासिय क्षेत्र
छतवा,6,517,आवासिय क्षेत्र
छतवा,6,518,कृषि क्षेत्र
छतवा,6,519,कृषि क्षेत्र
छतवा,6,520,कृषि क्षेत्र
छतवा,6,521,कृषि क्षेत्र
छतवा,6,524,कृषि क्षेत्र
छतवा,6,525,कृषि क्षेत्र
छतवा,6,528,कृषि क्षेत्र
छतवा,6,529,कृषि क्षेत्र
छतवा,6,537,कृषि क्षेत्र
छतवा,6,538,कृषि क्षेत्र
छतवा,6,539,कृषि क्षेत्र
छतवा,6,539,कृषि क्षेत्र
छतवा,6,544,आवासिय क्षेत्र
छतवा,6,545,कृषि क्षेत्र
छतवा,6,546,आवासिय क्षेत्र
छतवा,6,547,कृषि क्षेत्र
छतवा,6,548,आवासिय क्षेत्र
छतवा,6,549,कृषि क्षेत्र
छतवा,6,550,आवासिय क्षेत्र
छतवा,6,551,कृषि क्षेत्र
छतवा,6,552,कृषि क्षेत्र
छतवा,6,553,कृषि क्षेत्र
छतवा,6,554,कृषि क्षेत्र
छतवा,6,555,कृषि क्षेत्र
छतवा,6,556,कृषि क्षेत्र
छतवा,6,557,कृषि क्षेत्र
छतवा,6,558,कृषि क्षेत्र
छतवा,6,559,कृषि क्षेत्र
छतवा,6,562,कृषि क्षेत्र
छतवा,6,566,कृषि क्षेत्र
छतवा,6,567,कृषि क्षेत्र
छतवा,6,961,कृषि क्षेत्र
छतवा,6,9999,कृषि क्षेत्र
छतवा,6 गाउँ,1,आवासिय क्षेत्र
छतवा,6 गाउँ,2,आवासिय क्षेत्र
छतवा,6 गाउँ,3,आवासिय क्षेत्र
छतवा,6 गाउँ,4,आवासिय क्षेत्र
छतवा,6 गाउँ,5,आवासिय क्षेत्र
छतवा,6 गाउँ,7,आवासिय क्षेत्र
छतवा,6 गाउँ,8,आवासिय क्षेत्र
छतवा,6 गाउँ,9,आवासिय क्षेत्र
छतवा,6 गाउँ,10,आवासिय क्षेत्र
छतवा,6 गाउँ,11,आवासिय क्षेत्र
छतवा,6 गाउँ,12,आवासिय क्षेत्र
छतवा,6 गाउँ,13,आवासिय क्षेत्र
छतवा,6 गाउँ,14,आवासिय क्षेत्र
छतवा,6 गाउँ,15,आवासिय क्षेत्र
छतवा,6 गाउँ,17,आवासिय क्षेत्र
छतवा,6 गाउँ,19,आवासिय क्षेत्र
छतवा,6 गाउँ,20,आवासिय क्षेत्र
छतवा,6 गाउँ,21,आवासिय क्षेत्र
छतवा,6 गाउँ,22,आवासिय क्षेत्र
छतवा,6 गाउँ,23,आवासिय क्षेत्र
छतवा,6 गाउँ,24,आवासिय क्षेत्र
छतवा,6 गाउँ,25,आवासिय क्षेत्र
छतवा,6 गाउँ,26,आवासिय क्षेत्र
छतवा,6 गाउँ,27,आवासिय क्षेत्र
छतवा,6 गाउँ,28,आवासिय क्षेत्र
छतवा,6 गाउँ,29,आवासिय क्षेत्र
छतवा,6 गाउँ,30,आवासिय क्षेत्र
छतवा,6 गाउँ,31,आवासिय क्षेत्र
छतवा,6 गाउँ,33,आवासिय क्षेत्र
छतवा,6 गाउँ,34,आवासिय क्षेत्र
छतवा,6 गाउँ,35,आवासिय क्षेत्र
छतवा,6 गाउँ,36,आवासिय क्षेत्र
छतवा,6 गाउँ,37,आवासिय क्षेत्र
छतवा,6 गाउँ,38,आवासिय क्षेत्र
छतवा,6 गाउँ,39,आवासिय क्षेत्र
छतवा,6 गाउँ,40,आवासिय क्षेत्र
छतवा,6 गाउँ,41,आवासिय क्षेत्र
छतवा,6 गाउँ,42,आवासिय क्षेत्र
छतवा,6 गाउँ,43,आवासिय क्षेत्र
छतवा,6 गाउँ,44,आवासिय क्षेत्र
छतवा,6 गाउँ,45,आवासिय क्षेत्र
छतवा,6 गाउँ,46,आवासिय क्षेत्र
छतवा,6 गाउँ,47,आवासिय क्षेत्र
छतवा,6 गाउँ,48,आवासिय क्षेत्र
छतवा,6 गाउँ,49,आवासिय क्षेत्र
छतवा,6 गाउँ,50,आवासिय क्षेत्र
छतवा,6 गाउँ,51,आवासिय क्षेत्र
छतवा,6 गाउँ,52,आवासिय क्षेत्र
छतवा,6 गाउँ,53,आवासिय क्षेत्र
छतवा,6 गाउँ,54,आवासिय क्षेत्र
छतवा,6 गाउँ,55,आवासिय क्षेत्र
छतवा,6 गाउँ,56,आवासिय क्षेत्र
छतवा,6 गाउँ,59,आवासिय क्षेत्र
छतवा,6 गाउँ,60,आवासिय क्षेत्र
छतवा,6 गाउँ,61,आवासिय क्षेत्र
छतवा,6 नहर,0,सार्वजनिक उपयोग क्षेत्र
छतवा,6 नहर,0,आवासिय क्षेत्र
छतवा,6 नहर,5,आवासिय क्षेत्र
छतवा,6 नहर,11,आवासिय क्षेत्र
छतवा,6 नहर,12,आवासिय क्षेत्र
छतवा,6 नहर,16,आवासिय क्षेत्र
छतवा,6 नहर,23,आवासिय क्षेत्र
छतवा,6 नहर,200,सार्वजनिक उपयोग क्षेत्र
छतवा,6 नहर,201,आवासिय क्षेत्र
छतवा,6 नहर,202,आवासिय क्षेत्र
छतवा,6 नहर,203,आवासिय क्षेत्र
छतवा,6 नहर,206,आवासिय क्षेत्र
छतवा,6 नहर,207,आवासिय क्षेत्र
छतवा,6 नहर,208,आवासिय क्षेत्र
छतवा,6 नहर,209,आवासिय क्षेत्र
छतवा,6 नहर,210,आवासिय क्षेत्र
छतवा,6 नहर,211,आवासिय क्षेत्र
छतवा,6 नहर,213,आवासिय क्षेत्र
छतवा,6 नहर,214,आवासिय क्षेत्र
छतवा,6 नहर,217,आवासिय क्षेत्र
छतवा,6 नहर,218,आवासिय क्षेत्र
छतवा,6 नहर,219,आवासिय क्षेत्र
छतवा,6 नहर,259,आवासिय क्षेत्र
छतवा,6 नहर,260,आवासिय क्षेत्र
छतवा,6 नहर,262,आवासिय क्षेत्र
छतवा,6 नहर,279,आवासिय क्षेत्र
छतवा,6 नहर,286,आवासिय क्षेत्र
छतवा,6 नहर,293,आवासिय क्षेत्र
छतवा,6 नहर,294,आवासिय क्षेत्र
छतवा,6 नहर,299,आवासिय क्षेत्र
छतवा,6 नहर,300,आवासिय क्षेत्र
छतवा,6 नहर,316,आवासिय क्षेत्र
छतवा,6 नहर,350,आवासिय क्षेत्र
छतवा,6 नहर,351,आवासिय क्षेत्र
छतवा,6 नहर,352,आवासिय क्षेत्र
छतवा,6 नहर,353,आवासिय क्षेत्र
छतवा,6 नहर,379,आवासिय क्षेत्र
छतवा,6 नहर,380,आवासिय क्षेत्र
छतवा,6 नहर,398,आवासिय क्षेत्र
छतवा,6 नहर,495,आवासिय क्षेत्र
छतवा,6 नहर,496,आवासिय क्षेत्र
छतवा,6 नहर,497,आवासिय क्षेत्र
छतवा,6 नहर,498,आवासिय क्षेत्र
छतवा,6 नहर,499,आवासिय क्षेत्र
छतवा,6 नहर,526,आवासिय क्षेत्र
छतवा,6 नहर,527,आवासिय क्षेत्र
छतवा,6 नहर,530,आवासिय क्षेत्र
छतवा,6 नहर,531,आवासिय क्षेत्र
छतवा,7,1,आवासिय क्षेत्र
छतवा,7,2,आवासिय क्षेत्र
छतवा,7,6,आवासिय क्षेत्र
छतवा,7,9,कृषि क्षेत्र
छतवा,7,10,कृषि क्षेत्र
छतवा,7,13,कृषि क्षेत्र
छतवा,7,14,कृषि क्षेत्र
छतवा,7,15,कृषि क्षेत्र
छतवा,7,16,कृषि क्षेत्र
छतवा,7,18,कृषि क्षेत्र
छतवा,7,19,कृषि क्षेत्र
छतवा,7,22,कृषि क्षेत्र
छतवा,7,25,कृषि क्षेत्र
छतवा,7,26,कृषि क्षेत्र
छतवा,7,27,कृषि क्षेत्र
छतवा,7,28,कृषि क्षेत्र
छतवा,7,29,कृषि क्षेत्र
छतवा,7,30,कृषि क्षेत्र
छतवा,7,37,कृषि क्षेत्र
छतवा,7,38,कृषि क्षेत्र
छतवा,7,39,कृषि क्षेत्र
छतवा,7,41,कृषि क्षेत्र
छतवा,7,44,कृषि क्षेत्र
छतवा,7,45,कृषि क्षेत्र
छतवा,7,47,कृषि क्षेत्र
छतवा,7,48,कृषि क्षेत्र
छतवा,7,49,कृषि क्षेत्र
छतवा,7,52,कृषि क्षेत्र
छतवा,7,57,"नदी, खोला, ताल, सिमसार क्षेत्र"
छतवा,7,58,कृषि क्षेत्र
छतवा,7,64,आवासिय क्षेत्र
छतवा,7,65,कृषि क्षेत्र
छतवा,7,66,कृषि क्षेत्र
छतवा,7,67,कृषि क्षेत्र
छतवा,7,68,आवासिय क्षेत्र
छतवा,7,70,आवासिय क्षेत्र
छतवा,7,73,आवासिय क्षेत्र
छतवा,7,74,आवासिय क्षेत्र
छतवा,7,75,आवासिय क्षेत्र
छतवा,7,76,आवासिय क्षेत्र
छतवा,7,80,कृषि क्षेत्र
छतवा,7,82,कृषि क्षेत्र
छतवा,7,84,आवासिय क्षेत्र
छतवा,7,85,आवासिय क्षेत्र
छतवा,7,86,आवासिय क्षेत्र
छतवा,7,87,आवासिय क्षेत्र
छतवा,7,89,आवासिय क्षेत्र
छतवा,7,91,कृषि क्षेत्र
छतवा,7,94,आवासिय क्षेत्र
छतवा,7,96,आवासिय क्षेत्र
छतवा,7,100,कृषि क्षेत्र
छतवा,7,102,कृषि क्षेत्र
छतवा,7,104,कृषि क्षेत्र
छतवा,7,109,आवासिय क्षेत्र
छतवा,7,111,आवासिय क्षेत्र
छतवा,7,112,आवासिय क्षेत्र
छतवा,7,113,कृषि क्षेत्र
छतवा,7,114,कृषि क्षेत्र
छतवा,7,115,कृषि क्षेत्र
छतवा,7,116,कृषि क्षेत्र
छतवा,7,118,कृषि क्षेत्र
छतवा,7,119,कृषि क्षेत्र
छतवा,7,121,कृषि क्षेत्र
छतवा,7,123,आवासिय क्षेत्र
छतवा,7,125,कृषि क्षेत्र
छतवा,7,126,कृषि क्षेत्र
छतवा,7,129,आवासिय क्षेत्र
छतवा,7,132,कृषि क्षेत्र
छतवा,7,133,कृषि क्षेत्र
छतवा,7,136,कृषि क्षेत्र
छतवा,7,137,कृषि क्षेत्र
छतवा,7,138,कृषि क्षेत्र
छतवा,7,139,कृषि क्षेत्र
छतवा,7,142,आवासिय क्षेत्र
छतवा,7,143,आवासिय क्षेत्र
छतवा,7,149,कृषि क्षेत्र
छतवा,7,150,कृषि क्षेत्र
छतवा,7,151,कृषि क्षेत्र
छतवा,7,153,कृषि क्षेत्र
छतवा,7,164,कृषि क्षेत्र
छतवा,7,167,आवासिय क्षेत्र
छतवा,7,169,कृषि क्षेत्र
छतवा,7,170,कृषि क्षेत्र
छतवा,7,172,आवासिय क्षेत्र
छतवा,7,173,कृषि क्षेत्र
छतवा,7,174,कृषि क्षेत्र
छतवा,7,176,कृषि क्षेत्र
छतवा,7,177,कृषि क्षेत्र
छतवा,7,179,कृषि क्षेत्र
छतवा,7,180,कृषि क्षेत्र
छतवा,7,184,आवासिय क्षेत्र
छतवा,7,184,कृषि क्षेत्र
छतवा,7,185,कृषि क्षेत्र
छतवा,7,188,आवासिय क्षेत्र
छतवा,7,193,कृषि क्षेत्र
छतवा,7,194,कृषि क्षेत्र
छतवा,7,197,आवासिय क्षेत्र
छतवा,7,199,आवासिय क्षेत्र
छतवा,7,200,आवासिय क्षेत्र
छतवा,7,201,आवासिय क्षेत्र
छतवा,7,203,कृषि क्षेत्र
छतवा,7,205,कृषि क्षेत्र
छतवा,7,206,कृषि क्षेत्र
छतवा,7,207,कृषि क्षेत्र
छतवा,7,209,कृषि क्षेत्र
छतवा,7,212,कृषि क्षेत्र
छतवा,7,214,आवासिय क्षेत्र
छतवा,7,215,कृषि क्षेत्र
छतवा,7,216,कृषि क्षेत्र
छतवा,7,218,आवासिय क्षेत्र
छतवा,7,223,आवासिय क्षेत्र
छतवा,7,224,आवासिय क्षेत्र
छतवा,7,226,कृषि क्षेत्र
छतवा,7,227,आवासिय क्षेत्र
छतवा,7,236,कृषि क्षेत्र
छतवा,7,237,कृषि क्षेत्र
छतवा,7,238,कृषि क्षेत्र
छतवा,7,239,कृषि क्षेत्र
छतवा,7,241,कृषि क्षेत्र
छतवा,7,247,कृषि क्षेत्र
छतवा,7,248,कृषि क्षेत्र
छतवा,7,252,कृषि क्षेत्र
छतवा,7,253,कृषि क्षेत्र
छतवा,7,257,आवासिय क्षेत्र
छतवा,7,258,आवासिय क्षेत्र
छतवा,7,259,आवासिय क्षेत्र
छतवा,7,260,आवासिय क्षेत्र
छतवा,7,261,कृषि क्षेत्र
छतवा,7,262,कृषि क्षेत्र
छतवा,7,265,आवासिय क्षेत्र
छतवा,7,266,आवासिय क्षेत्र
छतवा,7,267,आवासिय क्षेत्र
छतवा,7,268,आवासिय क्षेत्र
छतवा,7,269,आवासिय क्षेत्र
छतवा,7,272,आवासिय क्षेत्र
छतवा,7,273,आवासिय क्षेत्र
छतवा,7,275,कृषि क्षेत्र
छतवा,7,276,कृषि क्षेत्र
छतवा,7,277,कृषि क्षेत्र
छतवा,7,280,कृषि क्षेत्र
छतवा,7,281,आवासिय क्षेत्र
छतवा,7,284,कृषि क्षेत्र
छतवा,7,285,कृषि क्षेत्र
छतवा,7,286,आवासिय क्षेत्र
छतवा,7,287,आवासिय क्षेत्र
छतवा,7,288,आवासिय क्षेत्र
छतवा,7,293,आवासिय क्षेत्र
छतवा,7,294,आवासिय क्षेत्र
छतवा,7,295,कृषि क्षेत्र
छतवा,7,296,कृषि क्षेत्र
छतवा,7,297,कृषि क्षेत्र
छतवा,7,298,कृषि क्षेत्र
छतवा,7,299,कृषि क्षेत्र
छतवा,7,300,कृषि क्षेत्र
छतवा,7,301,कृषि क्षेत्र
छतवा,7,303,आवासिय क्षेत्र
छतवा,7,304,आवासिय क्षेत्र
छतवा,7,305,आवासिय क्षेत्र
छतवा,7,307,आवासिय क्षेत्र
छतवा,7,308,आवासिय क्षेत्र
छतवा,7,309,कृषि क्षेत्र
छतवा,7,311,कृषि क्षेत्र
छतवा,7,312,कृषि क्षेत्र
छतवा,7,313,कृषि क्षेत्र
छतवा,7,314,कृषि क्षेत्र
छतवा,7,315,आवासिय क्षेत्र
छतवा,7,316,आवासिय क्षेत्र
छतवा,7,317,आवासिय क्षेत्र
छतवा,7,340,कृषि क्षेत्र
छतवा,7,341,कृषि क्षेत्र
छतवा,7,344,कृषि क्षेत्र
छतवा,7,345,कृषि क्षेत्र
छतवा,7,346,कृषि क्षेत्र
छतवा,7,347,कृषि क्षेत्र
छतवा,7,350,कृषि क्षेत्र
छतवा,7,351,कृषि क्षेत्र
छतवा,7,354,आवासिय क्षेत्र
छतवा,7,355,आवासिय क्षेत्र
छतवा,7,356,आवासिय क्षेत्र
छतवा,7,357,आवासिय क्षेत्र
छतवा,7,358,आवासिय क्षेत्र
छतवा,7,361,आवासिय क्षेत्र
छतवा,7,362,आवासिय क्षेत्र
छतवा,7,363,आवासिय क्षेत्र
छतवा,7,364,आवासिय क्षेत्र
छतवा,7,365,आवासिय क्षेत्र
छतवा,7,366,आवासिय क्षेत्र
छतवा,7,367,आवासिय क्षेत्र
छतवा,7,372,आवासिय क्षेत्र
छतवा,7,392,कृषि क्षेत्र
छतवा,7,393,कृषि क्षेत्र
छतवा,7,394,कृषि क्षेत्र
छतवा,7,400,कृषि क्षेत्र
छतवा,7,404,आवासिय क्षेत्र
छतवा,7,405,आवासिय क्षेत्र
छतवा,7,407,आवासिय क्षेत्र
छतवा,7,408,आवासिय क्षेत्र
छतवा,7,409,आवासिय क्षेत्र
छतवा,7,410,कृषि क्षेत्र
छतवा,7,413,आवासिय क्षेत्र
छतवा,7,418,आवासिय क्षेत्र
छतवा,7,419,आवासिय क्षेत्र
छतवा,7,420,कृषि क्षेत्र
छतवा,7,421,कृषि क्षेत्र
छतवा,7,422,आवासिय क्षेत्र
छतवा,7,424,आवासिय क्षेत्र
छतवा,7,426,आवासिय क्षेत्र
छतवा,7,428,आवासिय क्षेत्र
छतवा,7,429,आवासिय क्षेत्र
छतवा,7,430,आवासिय क्षेत्र
छतवा,7,431,आवासिय क्षेत्र
छतवा,7,432,आवासिय क्षेत्र
छतवा,7,433,कृषि क्षेत्र
छतवा,7,434,कृषि क्षेत्र
छतवा,7,435,कृषि क्षेत्र
छतवा,7,436,कृषि क्षेत्र
छतवा,7,437,आवासिय क्षेत्र
छतवा,7,439,आवासिय क्षेत्र
छतवा,7,440,आवासिय क्षेत्र
छतवा,7,441,आवासिय क्षेत्र
छतवा,7,443,आवासिय क्षेत्र
छतवा,7,444,आवासिय क्षेत्र
छतवा,7,445,आवासिय क्षेत्र
छतवा,7,446,आवासिय क्षेत्र
छतवा,7,447,कृषि क्षेत्र
छतवा,7,448,कृषि क्षेत्र
छतवा,7,449,आवासिय क्षेत्र
छतवा,7,450,आवासिय क्षेत्र
छतवा,7,451,आवासिय क्षेत्र
छतवा,7,452,कृषि क्षेत्र
छतवा,7,453,कृषि क्षेत्र
छतवा,7,458,आवासिय क्षेत्र
छतवा,7,459,आवासिय क्षेत्र
छतवा,7,460,आवासिय क्षेत्र
छतवा,7,461,आवासिय क्षेत्र
छतवा,7,462,आवासिय क्षेत्र
छतवा,7,463,आवासिय क्षेत्र
छतवा,7,464,आवासिय क्षेत्र
छतवा,7,465,कृषि क्षेत्र
छतवा,7,466,कृषि क्षेत्र
छतवा,7,467,कृषि क्षेत्र
छतवा,7,468,कृषि क्षेत्र
छतवा,7,469,कृषि क्षेत्र
छतवा,7,470,कृषि क्षेत्र
छतवा,7,471,कृषि क्षेत्र
छतवा,7,472,कृषि क्षेत्र
छतवा,7,473,कृषि क्षेत्र
छतवा,7,474,आवासिय क्षेत्र
छतवा,7,475,आवासिय क्षेत्र
छतवा,7,476,आवासिय क्षेत्र
छतवा,7,477,आवासिय क्षेत्र
छतवा,7,478,आवासिय क्षेत्र
छतवा,7,479,आवासिय क्षेत्र
छतवा,7,480,आवासिय क्षेत्र
छतवा,7,481,आवासिय क्षेत्र
छतवा,7,482,आवासिय क्षेत्र
छतवा,7,483,आवासिय क्षेत्र
छतवा,7,484,आवासिय क्षेत्र
छतवा,7,485,आवासिय क्षेत्र
छतवा,7,486,आवासिय क्षेत्र
छतवा,7,487,आवासिय क्षेत्र
छतवा,7,488,आवासिय क्षेत्र
छतवा,7,489,आवासिय क्षेत्र
छतवा,7,490,आवासिय क्षेत्र
छतवा,7,491,आवासिय क्षेत्र
छतवा,7,492,आवासिय क्षेत्र
छतवा,7,493,आवासिय क्षेत्र
छतवा,7,494,आवासिय क्षेत्र
छतवा,7,495,आवासिय क्षेत्र
छतवा,7,497,कृषि क्षेत्र
छतवा,7,498,कृषि क्षेत्र
छतवा,7,499,कृषि क्षेत्र
छतवा,7,500,कृषि क्षेत्र
छतवा,7,501,कृषि क्षेत्र
छतवा,7,502,कृषि क्षेत्र
छतवा,7,503,कृषि क्षेत्र
छतवा,7,504,कृषि क्षेत्र
छतवा,7,505,कृषि क्षेत्र
छतवा,7,506,कृषि क्षेत्र
छतवा,7,510,आवासिय क्षेत्र
छतवा,7,511,आवासिय क्षेत्र
छतवा,7,512,आवासिय क्षेत्र
छतवा,7,513,आवासिय क्षेत्र
छतवा,7,514,आवासिय क्षेत्र
छतवा,7,515,आवासिय क्षेत्र
छतवा,7,516,आवासिय क्षेत्र
छतवा,7,517,आवासिय क्षेत्र
छतवा,7,518,कृषि क्षेत्र
छतवा,7,519,कृषि क्षेत्र
छतवा,7,99999,सार्वजनिक उपयोग क्षेत्र
छतवा,7,999998,"नदी, खोला, ताल, सिमसार क्षेत्र"
छतवा,7 गाउँ,1,आवासिय क्षेत्र
छतवा,7 गाउँ,2,आवासिय क्षेत्र
छतवा,7 गाउँ,3,आवासिय क्षेत्र
छतवा,7 गाउँ,4,आवासिय क्षेत्र
छतवा,7 गाउँ,5,आवासिय क्षेत्र
छतवा,7 गाउँ,7,आवासिय क्षेत्र
छतवा,7 गाउँ,8,आवासिय क्षेत्र
छतवा,7 गाउँ,9,आवासिय क्षेत्र
छतवा,7 गाउँ,10,आवासिय क्षेत्र
छतवा,7 गाउँ,14,आवासिय क्षेत्र
छतवा,7 गाउँ,15,आवासिय क्षेत्र
छतवा,7 गाउँ,16,आवासिय क्षेत्र
छतवा,7 गाउँ,17,आवासिय क्षेत्र
छतवा,7 गाउँ,18,आवासिय क्षेत्र
छतवा,7 गाउँ,19,आवासिय क्षेत्र
छतवा,7 गाउँ,20,आवासिय क्षेत्र
छतवा,7 गाउँ,21,आवासिय क्षेत्र
छतवा,7 गाउँ,22,आवासिय क्षेत्र
छतवा,7 गाउँ,23,आवासिय क्षेत्र
छतवा,7 गाउँ,24,आवासिय क्षेत्र
छतवा,7 गाउँ,26,आवासिय क्षेत्र
छतवा,7 गाउँ,27,आवासिय क्षेत्र
छतवा,7 गाउँ,28,आवासिय क्षेत्र
छतवा,7 गाउँ,29,आवासिय क्षेत्र
छतवा,7 गाउँ,30,आवासिय क्षेत्र
छतवा,7 गाउँ,31,आवासिय क्षेत्र
छतवा,7 गाउँ,32,आवासिय क्षेत्र
छतवा,7 गाउँ,33,आवासिय क्षेत्र
छतवा,7 गाउँ,35,आवासिय क्षेत्र
छतवा,7 गाउँ,37,आवासिय क्षेत्र
छतवा,7 गाउँ,41,आवासिय क्षेत्र
छतवा,7 गाउँ,42,आवासिय क्षेत्र
छतवा,7 गाउँ,43,आवासिय क्षेत्र
छतवा,7 गाउँ,44,आवासिय क्षेत्र
छतवा,7 गाउँ,46,आवासिय क्षेत्र
छतवा,7 गाउँ,48,आवासिय क्षेत्र
छतवा,7 गाउँ,50,आवासिय क्षेत्र
छतवा,7 गाउँ,52,आवासिय क्षेत्र
छतवा,7 गाउँ,53,आवासिय क्षेत्र
छतवा,7 गाउँ,54,आवासिय क्षेत्र
छतवा,7 गाउँ,55,आवासिय क्षेत्र
छतवा,7 गाउँ,56,आवासिय क्षेत्र
छतवा,7 गाउँ,57,आवासिय क्षेत्र
छतवा,7 गाउँ,58,आवासिय क्षेत्र
छतवा,7 गाउँ,59,आवासिय क्षेत्र
छतवा,7 गाउँ,60,आवासिय क्षेत्र
छतवा,7 गाउँ,61,आवासिय क्षेत्र
छतवा,7 गाउँ,999997,सार्वजनिक उपयोग क्षेत्र
छतवा,8,1,आवासिय क्षेत्र
छतवा,8,2,"नदी, खोला, ताल, सिमसार क्षेत्र"
छतवा,8,3,कृषि क्षेत्र
छतवा,8,4,कृषि क्षेत्र
छतवा,8,5,कृषि क्षेत्र
छतवा,8,11,कृषि क्षेत्र
छतवा,8,12,कृषि क्षेत्र
छतवा,8,13,कृषि क्षेत्र
छतवा,8,14,कृषि क्षेत्र
छतवा,8,17,आवासिय क्षेत्र
छतवा,8,18,आवासिय क्षेत्र
छतवा,8,21,आवासिय क्षेत्र
छतवा,8,23,कृषि क्षेत्र
छतवा,8,25,आवासिय क्षेत्र
छतवा,8,26,कृषि क्षेत्र
छतवा,8,27,कृषि क्षेत्र
छतवा,8,28,कृषि क्षेत्र
छतवा,8,29,कृषि क्षेत्र
छतवा,8,30,कृषि क्षेत्र
छतवा,8,31,कृषि क्षेत्र
छतवा,8,33,कृषि क्षेत्र
छतवा,8,34,आवासिय क्षेत्र
छतवा,8,38,कृषि क्षेत्र
छतवा,8,39,आवासिय क्षेत्र
छतवा,8,40,आवासिय क्षेत्र
छतवा,8,43,आवासिय क्षेत्र
छतवा,8,44,आवासिय क्षेत्र
छतवा,8,45,कृषि क्षेत्र
छतवा,8,50,कृषि क्षेत्र
छतवा,8,51,आवासिय क्षेत्र
छतवा,8,54,आवासिय क्षेत्र
छतवा,8,55,आवासिय क्षेत्र
छतवा,8,56,कृषि क्षेत्र
छतवा,8,57,कृषि क्षेत्र
छतवा,8,58,आवासिय क्षेत्र
छतवा,8,59,आवासिय क्षेत्र
छतवा,8,60,आवासिय क्षेत्र
छतवा,8,61,आवासिय क्षेत्र
छतवा,8,63,आवासिय क्षेत्र
छतवा,8,64,कृषि क्षेत्र
छतवा,8,65,कृषि क्षेत्र
छतवा,8,66,कृषि क्षेत्र
छतवा,8,70,कृषि क्षेत्र
छतवा,8,71,कृषि क्षेत्र
छतवा,8,72,कृषि क्षेत्र
छतवा,8,73,कृषि क्षेत्र
छतवा,8,74,कृषि क्षेत्र
छतवा,8,75,कृषि क्षेत्र
छतवा,8,76,कृषि क्षेत्र
छतवा,8,77,कृषि क्षेत्र
छतवा,8,81,आवासिय क्षेत्र
छतवा,8,82,आवासिय क्षेत्र
छतवा,8,83,आवासिय क्षेत्र
छतवा,8,84,कृषि क्षेत्र
छतवा,8,85,कृषि क्षेत्र
छतवा,8,87,कृषि क्षेत्र
छतवा,8,89,आवासिय क्षेत्र
छतवा,8,90,आवासिय क्षेत्र
छतवा,8,91,आवासिय क्षेत्र
छतवा,8,92,कृषि क्षेत्र
छतवा,8,93,आवासिय क्षेत्र
छतवा,8,95,कृषि क्षेत्र
छतवा,8,99,आवासिय क्षेत्र
छतवा,8,101,आवासिय क्षेत्र
छतवा,8,103,आवासिय क्षेत्र
छतवा,8,104,आवासिय क्षेत्र
छतवा,8,110,आवासिय क्षेत्र
छतवा,8,113,कृषि क्षेत्र
छतवा,8,114,कृषि क्षेत्र
छतवा,8,116,आवासिय क्षेत्र
छतवा,8,117,आवासिय क्षेत्र
छतवा,8,118,आवासिय क्षेत्र
छतवा,8,121,आवासिय क्षेत्र
छतवा,8,127,कृषि क्षेत्र
छतवा,8,128,कृषि क्षेत्र
छतवा,8,129,कृषि क्षेत्र
छतवा,8,130,कृषि क्षेत्र
छतवा,8,131,"नदी, खोला, ताल, सिमसार क्षेत्र"
छतवा,8,132,आवासिय क्षेत्र
छतवा,8,133,सार्वजनिक उपयोग क्षेत्र
छतवा,8,136,कृषि क्षेत्र
छतवा,8,137,कृषि क्षेत्र
छतवा,8,140,कृषि क्षेत्र
छतवा,8,143,आवासिय क्षेत्र
छतवा,8,143,कृषि क्षेत्र
छतवा,8,145,आवासिय क्षेत्र
छतवा,8,146,कृषि क्षेत्र
छतवा,8,148,कृषि क्षेत्र
छतवा,8,149,कृषि क्षेत्र
छतवा,8,151,कृषि क्षेत्र
छतवा,8,152,कृषि क्षेत्र
छतवा,8,153,कृषि क्षेत्र
छतवा,8,154,आवासिय क्षेत्र
छतवा,8,155,आवासिय क्षेत्र
छतवा,8,159,कृषि क्षेत्र
छतवा,8,161,कृषि क्षेत्र
छतवा,8,165,कृषि क्षेत्र
छतवा,8,167,कृषि क्षेत्र
छतवा,8,170,आवासिय क्षेत्र
छतवा,8,171,आवासिय क्षेत्र
छतवा,8,200,आवासिय क्षेत्र
छतवा,8,201,कृषि क्षेत्र
छतवा,8,202,आवासिय क्षेत्र
छतवा,8,203,आवासिय क्षेत्र
छतवा,8,222,कृषि क्षेत्र
छतवा,8,223,कृषि क्षेत्र
छतवा,8,228,आवासिय क्षेत्र
छतवा,8,229,आवासिय क्षेत्र
छतवा,8,241,कृषि क्षेत्र
छतवा,8,242,कृषि क्षेत्र
छतवा,8,243,कृषि क्षेत्र
छतवा,8,246,आवासिय क्षेत्र
छतवा,8,248,कृषि क्षेत्र
छतवा,8,249,कृषि क्षेत्र
छतवा,8,256,आवासिय क्षेत्र
छतवा,8,258,कृषि क्षेत्र
छतवा,8,259,कृषि क्षेत्र
छतवा,8,261,कृषि क्षेत्र
छतवा,8,266,कृषि क्षेत्र
छतवा,8,267,कृषि क्षेत्र
छतवा,8,267,कृषि क्षेत्र
छतवा,8,267,कृषि क्षेत्र
छतवा,8,268,कृषि क्षेत्र
छतवा,8,269,आवासिय क्षेत्र
छतवा,8,273,आवासिय क्षेत्र
छतवा,8,274,आवासिय क्षेत्र
छतवा,8,275,आवासिय क्षेत्र
छतवा,8,280,आवासिय क्षेत्र
छतवा,8,285,कृषि क्षेत्र
छतवा,8,286,कृषि क्षेत्र
छतवा,8,291,कृषि क्षेत्र
छतवा,8,292,कृषि क्षेत्र
छतवा,8,293,कृषि क्षेत्र
छतवा,8,294,कृषि क्षेत्र
छतवा,8,295,आवासिय क्षेत्र
छतवा,8,296,आवासिय क्षेत्र
छतवा,8,299,कृषि क्षेत्र
छतवा,8,301,आवासिय क्षेत्र
छतवा,8,303,आवासिय क्षेत्र
छतवा,8,305,कृषि क्षेत्र
छतवा,8,306,कृषि क्षेत्र
छतवा,8,307,आवासिय क्षेत्र
छतवा,8,308,"नदी, खोला, ताल, सिमसार क्षेत्र"
छतवा,8,309,आवासिय क्षेत्र
छतवा,8,310,आवासिय क्षेत्र
छतवा,8,311,कृषि क्षेत्र
छतवा,8,312,कृषि क्षेत्र
छतवा,8,313,कृषि क्षेत्र
छतवा,8,314,कृषि क्षेत्र
छतवा,8,318,आवासिय क्षेत्र
छतवा,8,325,आवासिय क्षेत्र
छतवा,8,332,आवासिय क्षेत्र
छतवा,8,333,आवासिय क्षेत्र
छतवा,8,334,आवासिय क्षेत्र
छतवा,8,335,आवासिय क्षेत्र
छतवा,8,336,आवासिय क्षेत्र
छतवा,8,341,आवासिय क्षेत्र
छतवा,8,343,आवासिय क्षेत्र
छतवा,8,344,आवासिय क्षेत्र
छतवा,8,345,आवासिय क्षेत्र
छतवा,8,346,आवासिय क्षेत्र
छतवा,8,347,आवासिय क्षेत्र
छतवा,8,349,आवासिय क्षेत्र
छतवा,8,352,आवासिय क्षेत्र
छतवा,8,357,कृषि क्षेत्र
छतवा,8,358,कृषि क्षेत्र
छतवा,8,359,कृषि क्षेत्र
छतवा,8,360,कृषि क्षेत्र
छतवा,8,361,आवासिय क्षेत्र
छतवा,8,371,आवासिय क्षेत्र
छतवा,8,372,आवासिय क्षेत्र
छतवा,8,373,कृषि क्षेत्र
छतवा,8,374,कृषि क्षेत्र
छतवा,8,375,कृषि क्षेत्र
छतवा,8,378,आवासिय क्षेत्र
छतवा,8,378,कृषि क्षेत्र
छतवा,8,399,कृषि क्षेत्र
छतवा,8,400,कृषि क्षेत्र
छतवा,8,401,कृषि क्षेत्र
छतवा,8,402,कृषि क्षेत्र
छतवा,8,403,आवासिय क्षेत्र
छतवा,8,403,आवासिय क्षेत्र
छतवा,8,405,आवासिय क्षेत्र
छतवा,8,406,आवासिय क्षेत्र
छतवा,8,409,आवासिय क्षेत्र
छतवा,8,414,कृषि क्षेत्र
छतवा,8,415,कृषि क्षेत्र
छतवा,8,420,आवासिय क्षेत्र
छतवा,8,421,आवासिय क्षेत्र
छतवा,8,422,आवासिय क्षेत्र
छतवा,8,423,आवासिय क्षेत्र
छतवा,8,424,आवासिय क्षेत्र
छतवा,8,425,आवासिय क्षेत्र
छतवा,8,426,आवासिय क्षेत्र
छतवा,8,427,आवासिय क्षेत्र
छतवा,8,428,आवासिय क्षेत्र
छतवा,8,429,आवासिय क्षेत्र
छतवा,8,434,आवासिय क्षेत्र
छतवा,8,435,आवासिय क्षेत्र
छतवा,8,440,आवासिय क्षेत्र
छतवा,8,454,आवासिय क्षेत्र
छतवा,8,455,आवासिय क्षेत्र
छतवा,8,456,आवासिय क्षेत्र
छतवा,8,457,कृषि क्षेत्र
छतवा,8,458,कृषि क्षेत्र
छतवा,8,459,कृषि क्षेत्र
छतवा,8,466,कृषि क्षेत्र
छतवा,8,467,कृषि क्षेत्र
छतवा,8,468,कृषि क्षेत्र
छतवा,8,469,कृषि क्षेत्र
छतवा,8,470,कृषि क्षेत्र
छतवा,8,474,आवासिय क्षेत्र
छतवा,8,475,आवासिय क्षेत्र
छतवा,8,476,आवासिय क्षेत्र
छतवा,8,477,आवासिय क्षेत्र
छतवा,8,478,आवासिय क्षेत्र
छतवा,8,479,आवासिय क्षेत्र
छतवा,8,490,आवासिय क्षेत्र
छतवा,8,491,आवासिय क्षेत्र
छतवा,8,492,आवासिय क्षेत्र
छतवा,8,493,आवासिय क्षेत्र
छतवा,8,496,आवासिय क्षेत्र
छतवा,8,498,कृषि क्षेत्र
छतवा,8,499,कृषि क्षेत्र
छतवा,8,500,कृषि क्षेत्र
छतवा,8,501,कृषि क्षेत्र
छतवा,8,502,आवासिय क्षेत्र
छतवा,8,503,आवासिय क्षेत्र
छतवा,8,504,आवासिय क्षेत्र
छतवा,8,505,आवासिय क्षेत्र
छतवा,8,506,आवासिय क्षेत्र
छतवा,8,507,कृषि क्षेत्र
छतवा,8,508,कृषि क्षेत्र
छतवा,8,509,आवासिय क्षेत्र
छतवा,8,510,आवासिय क्षेत्र
छतवा,8,511,आवासिय क्षेत्र
छतवा,8,513,कृषि क्षेत्र
छतवा,8,514,कृषि क्षेत्र
छतवा,8,515,कृषि क्षेत्र
छतवा,8,516,कृषि क्षेत्र
छतवा,8,517,कृषि क्षेत्र
छतवा,8,518,कृषि क्षेत्र
छतवा,8,519,कृषि क्षेत्र
छतवा,8,520,कृषि क्षेत्र
छतवा,8,521,कृषि क्षेत्र
छतवा,8,522,आवासिय क्षेत्र
छतवा,8,523,आवासिय क्षेत्र
छतवा,8 गाउँ,1,आवासिय क्षेत्र
छतवा,8 गाउँ,2,आवासिय क्षेत्र
छतवा,8 गाउँ,3,आवासिय क्षेत्र
छतवा,8 गाउँ,4,आवासिय क्षेत्र
छतवा,8 गाउँ,9,आवासिय क्षेत्र
छतवा,8 गाउँ,10,आवासिय क्षेत्र
छतवा,8 गाउँ,12,आवासिय क्षेत्र
छतवा,8 गाउँ,13,आवासिय क्षेत्र
छतवा,8 गाउँ,14,आवासिय क्षेत्र
छतवा,8 गाउँ,17,आवासिय क्षेत्र
छतवा,8 गाउँ,19,आवासिय क्षेत्र
छतवा,8 गाउँ,20,आवासिय क्षेत्र
छतवा,8 गाउँ,21,आवासिय क्षेत्र
छतवा,8 गाउँ,22,आवासिय क्षेत्र
छतवा,8 गाउँ,23,आवासिय क्षेत्र
छतवा,8 गाउँ,25,आवासिय क्षेत्र
छतवा,8 गाउँ,26,आवासिय क्षेत्र
छतवा,8 गाउँ,27,आवासिय क्षेत्र
छतवा,8 गाउँ,28,आवासिय क्षेत्र
छतवा,8 गाउँ,30,आवासिय क्षेत्र
छतवा,8 गाउँ,31,आवासिय क्षेत्र
छतवा,8 गाउँ,32,आवासिय क्षेत्र
छतवा,8 गाउँ,33,आवासिय क्षेत्र
छतवा,8 गाउँ,34,आवासिय क्षेत्र
छतवा,8 गाउँ,35,आवासिय क्षेत्र
छतवा,8 गाउँ,36,आवासिय क्षेत्र
छतवा,8 गाउँ,37,आवासिय क्षेत्र
छतवा,8 गाउँ,38,आवासिय क्षेत्र
छतवा,8 गाउँ,39,आवासिय क्षेत्र
छतवा,8 गाउँ,40,आवासिय क्षेत्र
छतवा,8 गाउँ,41,आवासिय क्षेत्र
छतवा,8 गाउँ,42,आवासिय क्षेत्र
छतवा,8 गाउँ,43,आवासिय क्षेत्र
छतवा,8 गाउँ,47,आवासिय क्षेत्र
छतवा,8 गाउँ,49,आवासिय क्षेत्र
छतवा,8 गाउँ,50,आवासिय क्षेत्र
छतवा,8 गाउँ,51,आवासिय क्षेत्र
छतवा,8 गाउँ,52,आवासिय क्षेत्र
छतवा,8 गाउँ,52,आवासिय क्षेत्र
छतवा,8 गाउँ,53,आवासिय क्षेत्र
छतवा,8 गाउँ,59,आवासिय क्षेत्र
छतवा,8 गाउँ,60,आवासिय क्षेत्र
छतवा,8 गाउँ,61,आवासिय क्षेत्र
छतवा,8 गाउँ,62,आवासिय क्षेत्र
छतवा,8 गाउँ,63,आवासिय क्षेत्र
छतवा,8 गाउँ,64,आवासिय क्षेत्र
छतवा,8 गाउँ,65,आवासिय क्षेत्र
छतवा,8 गाउँ,66,आवासिय क्षेत्र
छतवा,8 गाउँ,68,आवासिय क्षेत्र
छतवा,8 गाउँ,69,आवासिय क्षेत्र
छतवा,8 गाउँ,70,आवासिय क्षेत्र
छतवा,8 गाउँ,77,आवासिय क्षेत्र
छतवा,8 गाउँ,78,आवासिय क्षेत्र
छतवा,8 नहर,0,आवासिय क्षेत्र
छतवा,8 नहर,90,आवासिय क्षेत्र
छतवा,8 नहर,195,आवासिय क्षेत्र
छतवा,8 नहर,205,आवासिय क्षेत्र
छतवा,8 नहर,217,आवासिय क्षेत्र
छतवा,8 नहर,235,आवासिय क्षेत्र
छतवा,8 नहर,264,आवासिय क्षेत्र
छतवा,8 नहर,270,आवासिय क्षेत्र
छतवा,8 नहर,271,आवासिय क्षेत्र
छतवा,8 नहर,272,आवासिय क्षेत्र
छतवा,8 नहर,340,आवासिय क्षेत्र
छतवा,8 नहर,341,आवासिय क्षेत्र
छतवा,8 नहर,364,आवासिय क्षेत्र
छतवा,8 नहर,365,आवासिय क्षेत्र
छतवा,8 नहर,366,आवासिय क्षेत्र
छतवा,8 नहर,367,आवासिय क्षेत्र
छतवा,8 नहर,369,आवासिय क्षेत्र
छतवा,8 नहर,370,आवासिय क्षेत्र
छतवा,8 नहर,480,आवासिय क्षेत्र
छतवा,8 नहर,481,आवासिय क्षेत्र
छतवा,8 नहर,482,आवासिय क्षेत्र
छतवा,8 नहर,483,आवासिय क्षेत्र
छतवा,8 नहर,484,आवासिय क्षेत्र
छतवा,8 नहर,485,आवासिय क्षेत्र
छतवा,9,1,आवासिय क्षेत्र
छतवा,9,3,आवासिय क्षेत्र
छतवा,9,4,आवासिय क्षेत्र
छतवा,9,5,आवासिय क्षेत्र
छतवा,9,6,आवासिय क्षेत्र
छतवा,9,7,आवासिय क्षेत्र
छतवा,9,8,आवासिय क्षेत्र
छतवा,9,11,आवासिय क्षेत्र
छतवा,9,12,आवासिय क्षेत्र
छतवा,9,13,आवासिय क्षेत्र
छतवा,9,14,आवासिय क्षेत्र
छतवा,9,15,आवासिय क्षेत्र
छतवा,9,16,आवासिय क्षेत्र
छतवा,9,19,आवासिय क्षेत्र
छतवा,9,20,आवासिय क्षेत्र
छतवा,9,21,आवासिय क्षेत्र
छतवा,9,22,आवासिय क्षेत्र
छतवा,9,24,सार्वजनिक उपयोग क्षेत्र
छतवा,9,25,आवासिय क्षेत्र
छतवा,9,27,आवासिय क्षेत्र
छतवा,9,28,आवासिय क्षेत्र
छतवा,9,29,आवासिय क्षेत्र
छतवा,9,30,आवासिय क्षेत्र
छतवा,9,31,आवासिय क्षेत्र
छतवा,9,33,आवासिय क्षेत्र
छतवा,9,34,आवासिय क्षेत्र
छतवा,9,35,आवासिय क्षेत्र
छतवा,9,39,आवासिय क्षेत्र
छतवा,9,40,आवासिय क्षेत्र
छतवा,9,41,कृषि क्षेत्र
छतवा,9,44,आवासिय क्षेत्र
छतवा,9,47,कृषि क्षेत्र
छतवा,9,51,आवासिय क्षेत्र
छतवा,9,53,आवासिय क्षेत्र
छतवा,9,54,कृषि क्षेत्र
छतवा,9,56,कृषि क्षेत्र
छतवा,9,57,आवासिय क्षेत्र
छतवा,9,58,आवासिय क्षेत्र
छतवा,9,59,आवासिय क्षेत्र
छतवा,9,60,आवासिय क्षेत्र
छतवा,9,62,आवासिय क्षेत्र
छतवा,9,63,कृषि क्षेत्र
छतवा,9,64,आवासिय क्षेत्र
छतवा,9,65,आवासिय क्षेत्र
छतवा,9,66,आवासिय क्षेत्र
छतवा,9,67,आवासिय क्षेत्र
छतवा,9,68,आवासिय क्षेत्र
छतवा,9,69,कृषि क्षेत्र
छतवा,9,70,कृषि क्षेत्र
छतवा,9,71,आवासिय क्षेत्र
छतवा,9,72,आवासिय क्षेत्र
छतवा,9,73,कृषि क्षेत्र
छतवा,9,74,कृषि क्षेत्र
छतवा,9,75,आवासिय क्षेत्र
छतवा,9,77,कृषि क्षेत्र
छतवा,9,78,कृषि क्षेत्र
छतवा,9,80,कृषि क्षेत्र
छतवा,9,81,कृषि क्षेत्र
छतवा,9,82,आवासिय क्षेत्र
छतवा,9,83,आवासिय क्षेत्र
छतवा,9,84,आवासिय क्षेत्र
छतवा,9,86,आवासिय क्षेत्र
छतवा,9,87,आवासिय क्षेत्र
छतवा,9,88,आवासिय क्षेत्र
छतवा,9,89,आवासिय क्षेत्र
छतवा,9,90,आवासिय क्षेत्र
छतवा,9,92,आवासिय क्षेत्र
छतवा,9,93,आवासिय क्षेत्र
छतवा,9,94,आवासिय क्षेत्र
छतवा,9,95,आवासिय क्षेत्र
छतवा,9,96,आवासिय क्षेत्र
छतवा,9,97,आवासिय क्षेत्र
छतवा,9,98,आवासिय क्षेत्र
छतवा,9,100,आवासिय क्षेत्र
छतवा,9,101,आवासिय क्षेत्र
छतवा,9,102,आवासिय क्षेत्र
छतवा,9,107,आवासिय क्षेत्र
छतवा,9,109,आवासिय क्षेत्र
छतवा,9,110,आवासिय क्षेत्र
छतवा,9,111,आवासिय क्षेत्र
छतवा,9,112,आवासिय क्षेत्र
छतवा,9,114,आवासिय क्षेत्र
छतवा,9,115,आवासिय क्षेत्र
छतवा,9,116,कृषि क्षेत्र
छतवा,9,117,आवासिय क्षेत्र
छतवा,9,119,आवासिय क्षेत्र
छतवा,9,120,आवासिय क्षेत्र
छतवा,9,121,आवासिय क्षेत्र
छतवा,9,122,आवासिय क्षेत्र
छतवा,9,124,आवासिय क्षेत्र
छतवा,9,125,आवासिय क्षेत्र
छतवा,9,127,आवासिय क्षेत्र
छतवा,9,128,आवासिय क्षेत्र
छतवा,9,130,कृषि क्षेत्र
छतवा,9,132,कृषि क्षेत्र
छतवा,9,133,आवासिय क्षेत्र
छतवा,9,134,कृषि क्षेत्र
छतवा,9,135,कृषि क्षेत्र
छतवा,9,136,कृषि क्षेत्र
छतवा,9,137,कृषि क्षेत्र
छतवा,9,138,कृषि क्षेत्र
छतवा,9,139,कृषि क्षेत्र
छतवा,9,140,कृषि क्षेत्र
छतवा,9,141,कृषि क्षेत्र
छतवा,9,143,आवासिय क्षेत्र
छतवा,9,144,आवासिय क्षेत्र
छतवा,9,148,कृषि क्षेत्र
छतवा,9,152,आवासिय क्षेत्र
छतवा,9,153,आवासिय क्षेत्र
छतवा,9,154,आवासिय क्षेत्र
छतवा,9,157,कृषि क्षेत्र
छतवा,9,158,कृषि क्षेत्र
छतवा,9,159,कृषि क्षेत्र
छतवा,9,161,कृषि क्षेत्र
छतवा,9,165,कृषि क्षेत्र
छतवा,9,166,कृषि क्षेत्र
छतवा,9,167,आवासिय क्षेत्र
छतवा,9,170,कृषि क्षेत्र
छतवा,9,171,आवासिय क्षेत्र
छतवा,9,173,आवासिय क्षेत्र
छतवा,9,174,आवासिय क्षेत्र
छतवा,9,175,आवासिय क्षेत्र
छतवा,9,177,आवासिय क्षेत्र
छतवा,9,177,सार्वजनिक उपयोग क्षेत्र
छतवा,9,178,"नदी, खोला, ताल, सिमसार क्षेत्र"
छतवा,9,180,कृषि क्षेत्र
छतवा,9,182,कृषि क्षेत्र
छतवा,9,183,कृषि क्षेत्र
छतवा,9,184,कृषि क्षेत्र
छतवा,9,185,कृषि क्षेत्र
छतवा,9,187,कृषि क्षेत्र
छतवा,9,188,कृषि क्षेत्र
छतवा,9,189,कृषि क्षेत्र
छतवा,9,190,कृषि क्षेत्र
छतवा,9,191,कृषि क्षेत्र
छतवा,9,192,कृषि क्षेत्र
छतवा,9,194,कृषि क्षेत्र
छतवा,9,196,कृषि क्षेत्र
छतवा,9,201,कृषि क्षेत्र
छतवा,9,202,कृषि क्षेत्र
छतवा,9,203,कृषि क्षेत्र
छतवा,9,205,कृषि क्षेत्र
छतवा,9,207,कृषि क्षेत्र
छतवा,9,209,कृषि क्षेत्र
छतवा,9,211,कृषि क्षेत्र
छतवा,9,215,कृषि क्षेत्र
छतवा,9,216,कृषि क्षेत्र
छतवा,9,217,कृषि क्षेत्र
छतवा,9,218,कृषि क्षेत्र
छतवा,9,221,आवासिय क्षेत्र
छतवा,9,222,आवासिय क्षेत्र
छतवा,9,224,कृषि क्षेत्र
छतवा,9,226,कृषि क्षेत्र
छतवा,9,227,कृषि क्षेत्र
छतवा,9,228,कृषि क्षेत्र
छतवा,9,229,कृषि क्षेत्र
छतवा,9,237,कृषि क्षेत्र
छतवा,9,239,कृषि क्षेत्र
छतवा,9,240,कृषि क्षेत्र
छतवा,9,241,कृषि क्षेत्र
छतवा,9,242,कृषि क्षेत्र
छतवा,9,246,आवासिय क्षेत्र
छतवा,9,247,आवासिय क्षेत्र
छतवा,9,249,आवासिय क्षेत्र
छतवा,9,250,आवासिय क्षेत्र
छतवा,9,292,कृषि क्षेत्र
छतवा,9,293,कृषि क्षेत्र
छतवा,9,303,कृषि क्षेत्र
छतवा,9,311,कृषि क्षेत्र
छतवा,9,313,कृषि क्षेत्र
छतवा,9,314,कृषि क्षेत्र
छतवा,9,317,आवासिय क्षेत्र
छतवा,9,318,आवासिय क्षेत्र
छतवा,9,319,आवासिय क्षेत्र
छतवा,9,320,आवासिय क्षेत्र
छतवा,9,323,आवासिय क्षेत्र
छतवा,9,324,आवासिय क्षेत्र
छतवा,9,327,आवासिय क्षेत्र
छतवा,9,328,आवासिय क्षेत्र
छतवा,9,329,आवासिय क्षेत्र
छतवा,9,330,आवासिय क्षेत्र
छतवा,9,335,आवासिय क्षेत्र
छतवा,9,336,आवासिय क्षेत्र
छतवा,9,339,कृषि क्षेत्र
छतवा,9,340,कृषि क्षेत्र
छतवा,9,341,आवासिय क्षेत्र
छतवा,9,343,कृषि क्षेत्र
छतवा,9,344,कृषि क्षेत्र
छतवा,9,345,कृषि क्षेत्र
छतवा,9,346,कृषि क्षेत्र
छतवा,9,347,कृषि क्षेत्र
छतवा,9,348,कृषि क्षेत्र
छतवा,9,351,कृषि क्षेत्र
छतवा,9,352,कृषि क्षेत्र
छतवा,9,353,कृषि क्षेत्र
छतवा,9,354,कृषि क्षेत्र
छतवा,9,371,आवासिय क्षेत्र
छतवा,9,373,आवासिय क्षेत्र
छतवा,9,374,आवासिय क्षेत्र
छतवा,9,375,आवासिय क्षेत्र
छतवा,9,376,आवासिय क्षेत्र
छतवा,9,377,आवासिय क्षेत्र
छतवा,9,378,कृषि क्षेत्र
छतवा,9,379,कृषि क्षेत्र
छतवा,9,383,आवासिय क्षेत्र
छतवा,9,385,कृषि क्षेत्र
छतवा,9,387,आवासिय क्षेत्र
छतवा,9,388,आवासिय क्षेत्र
छतवा,9,389,आवासिय क्षेत्र
छतवा,9,391,कृषि क्षेत्र
छतवा,9,394,कृषि क्षेत्र
छतवा,9,395,कृषि क्षेत्र
छतवा,9,396,कृषि क्षेत्र
छतवा,9,397,कृषि क्षेत्र
छतवा,9,400,कृषि क्षेत्र
छतवा,9,401,कृषि क्षेत्र
छतवा,9,411,आवासिय क्षेत्र
छतवा,9,417,कृषि क्षेत्र
छतवा,9,418,कृषि क्षेत्र
छतवा,9,421,कृषि क्षेत्र
छतवा,9,423,आवासिय क्षेत्र
छतवा,9,424,आवासिय क्षेत्र
छतवा,9,425,आवासिय क्षेत्र
छतवा,9,426,कृषि क्षेत्र
छतवा,9,427,कृषि क्षेत्र
छतवा,9,428,कृषि क्षेत्र
छतवा,9,429,कृषि क्षेत्र
छतवा,9,430,कृषि क्षेत्र
छतवा,9,436,आवासिय क्षेत्र
छतवा,9,438,आवासिय क्षेत्र
छतवा,9,447,आवासिय क्षेत्र
छतवा,9,448,आवासिय क्षेत्र
छतवा,9,449,आवासिय क्षेत्र
छतवा,9,457,आवासिय क्षेत्र
छतवा,9,458,आवासिय क्षेत्र
छतवा,9,458,कृषि क्षेत्र
छतवा,9,465,कृषि क्षेत्र
छतवा,9,466,कृषि क्षेत्र
छतवा,9,467,कृषि क्षेत्र
छतवा,9,478,कृषि क्षेत्र
छतवा,9,480,कृषि क्षेत्र
छतवा,9,483,कृषि क्षेत्र
छतवा,9,484,कृषि क्षेत्र
छतवा,9,488,कृषि क्षेत्र
छतवा,9,494,कृषि क्षेत्र
छतवा,9,496,आवासिय क्षेत्र
छतवा,9,497,कृषि क्षेत्र
छतवा,9,502,कृषि क्षेत्र
छतवा,9,503,कृषि क्षेत्र
छतवा,9,504,कृषि क्षेत्र
छतवा,9,507,कृषि क्षेत्र
छतवा,9,508,आवासिय क्षेत्र
छतवा,9,516,आवासिय क्षेत्र
छतवा,9,517,आवासिय क्षेत्र
छतवा,9,518,आवासिय क्षेत्र
छतवा,9,529,कृषि क्षेत्र
छतवा,9,530,कृषि क्षेत्र
छतवा,9,531,कृषि क्षेत्र
छतवा,9,532,कृषि क्षेत्र
छतवा,9,533,कृषि क्षेत्र
छतवा,9,534,कृषि क्षेत्र
छतवा,9,535,कृषि क्षेत्र
छतवा,9,542,कृषि क्षेत्र
छतवा,9,543,कृषि क्षेत्र
छतवा,9,544,कृषि क्षेत्र
छतवा,9,545,कृषि क्षेत्र
छतवा,9,546,आवासिय क्षेत्र
छतवा,9,546,कृषि क्षेत्र
छतवा,9,547,कृषि क्षेत्र
छतवा,9,566,आवासिय क्षेत्र
छतवा,9,567,आवासिय क्षेत्र
छतवा,9,597,कृषि क्षेत्र
छतवा,9,598,कृषि क्षेत्र
छतवा,9,599,कृषि क्षेत्र
छतवा,9,600,आवासिय क्षेत्र
छतवा,9,601,आवासिय क्षेत्र
छतवा,9,602,आवासिय क्षेत्र
छतवा,9,603,आवासिय क्षेत्र
छतवा,9,604,आवासिय क्षेत्र
छतवा,9,605,आवासिय क्षेत्र
छतवा,9,606,आवासिय क्षेत्र
छतवा,9,607,आवासिय क्षेत्र
छतवा,9,608,आवासिय क्षेत्र
छतवा,9,611,आवासिय क्षेत्र
छतवा,9,612,आवासिय क्षेत्र
छतवा,9,613,आवासिय क्षेत्र
छतवा,9,614,आवासिय क्षेत्र
छतवा,9,633,कृषि क्षेत्र
छतवा,9,634,कृषि क्षेत्र
छतवा,9,635,कृषि क्षेत्र
छतवा,9,636,आवासिय क्षेत्र
छतवा,9,637,आवासिय क्षेत्र
छतवा,9,640,कृषि क्षेत्र
छतवा,9,641,कृषि क्षेत्र
छतवा,9,644,आवासिय क्षेत्र
छतवा,9,650,आवासिय क्षेत्र
छतवा,9,651,आवासिय क्षेत्र
छतवा,9,652,कृषि क्षेत्र
छतवा,9,653,कृषि क्षेत्र
छतवा,9,658,आवासिय क्षेत्र
छतवा,9,659,आवासिय क्षेत्र
छतवा,9,660,आवासिय क्षेत्र
छतवा,9,661,आवासिय क्षेत्र
छतवा,9,662,आवासिय क्षेत्र
छतवा,9,667,कृषि क्षेत्र
छतवा,9,668,कृषि क्षेत्र
छतवा,9,669,कृषि क्षेत्र
छतवा,9,670,कृषि क्षेत्र
छतवा,9,671,कृषि क्षेत्र
छतवा,9,672,कृषि क्षेत्र
छतवा,9,673,कृषि क्षेत्र
छतवा,9,678,आवासिय क्षेत्र
छतवा,9,679,आवासिय क्षेत्र
छतवा,9,680,आवासिय क्षेत्र
छतवा,9,681,आवासिय क्षेत्र
छतवा,9,685,कृषि क्षेत्र
छतवा,9,686,कृषि क्षेत्र
छतवा,9,687,आवासिय क्षेत्र
छतवा,9,688,आवासिय क्षेत्र
छतवा,9,689,कृषि क्षेत्र
छतवा,9,690,कृषि क्षेत्र
छतवा,9,691,कृषि क्षेत्र
छतवा,9,692,आवासिय क्षेत्र
छतवा,9,693,आवासिय क्षेत्र
छतवा,9,694,कृषि क्षेत्र
छतवा,9,695,कृषि क्षेत्र
छतवा,9,696,आवासिय क्षेत्र
छतवा,9,697,आवासिय क्षेत्र
छतवा,9,698,आवासिय क्षेत्र
छतवा,9,699,आवासिय क्षेत्र
छतवा,9,700,आवासिय क्षेत्र
छतवा,9,701,आवासिय क्षेत्र
छतवा,9,702,आवासिय क्षेत्र
छतवा,9,714,कृषि क्षेत्र
छतवा,9,715,कृषि क्षेत्र
छतवा,9,716,आवासिय क्षेत्र
छतवा,9,717,आवासिय क्षेत्र
छतवा,9,718,कृषि क्षेत्र
छतवा,9,719,कृषि क्षेत्र
छतवा,9,720,कृषि क्षेत्र
छतवा,9,721,कृषि क्षेत्र
छतवा,9,722,कृषि क्षेत्र
छतवा,9,723,आवासिय क्षेत्र
छतवा,9,724,आवासिय क्षेत्र
छतवा,9,999997,कृषि क्षेत्र
छतवा,9,999998,आवासिय क्षेत्र
छतवा,9 गाउँ,1,आवासिय क्षेत्र
छतवा,9 गाउँ,2,आवासिय क्षेत्र
छतवा,9 गाउँ,3,आवासिय क्षेत्र
छतवा,9 गाउँ,4,आवासिय क्षेत्र
छतवा,9 गाउँ,5,आवासिय क्षेत्र
छतवा,9 गाउँ,6,आवासिय क्षेत्र
छतवा,9 गाउँ,7,आवासिय क्षेत्र
छतवा,9 गाउँ,9,आवासिय क्षेत्र
छतवा,9 गाउँ,10,आवासिय क्षेत्र
छतवा,9 गाउँ,11,आवासिय क्षेत्र
छतवा,9 गाउँ,12,आवासिय क्षेत्र
छतवा,9 गाउँ,13,आवासिय क्षेत्र
छतवा,9 गाउँ,14,आवासिय क्षेत्र
छतवा,9 गाउँ,15,आवासिय क्षेत्र
छतवा,9 गाउँ,16,आवासिय क्षेत्र
छतवा,9 गाउँ,17,आवासिय क्षेत्र
छतवा,9 गाउँ,18,आवासिय क्षेत्र
छतवा,9 गाउँ,19,आवासिय क्षेत्र
छतवा,9 गाउँ,20,आवासिय क्षेत्र
छतवा,9 गाउँ,21,आवासिय क्षेत्र
छतवा,9 गाउँ,22,आवासिय क्षेत्र
छतवा,9 गाउँ,23,आवासिय क्षेत्र
छतवा,9 गाउँ,24,आवासिय क्षेत्र
छतवा,9 गाउँ,25,आवासिय क्षेत्र
छतवा,9 गाउँ,26,आवासिय क्षेत्र
छतवा,9 गाउँ,28,आवासिय क्षेत्र
छतवा,9 गाउँ,29,आवासिय क्षेत्र
छतवा,9 गाउँ,30,आवासिय क्षेत्र
छतवा,9 गाउँ,31,आवासिय क्षेत्र
छतवा,9 गाउँ,32,आवासिय क्षेत्र
छतवा,9 गाउँ,33,आवासिय क्षेत्र
छतवा,9 गाउँ,34,आवासिय क्षेत्र
छतवा,9 गाउँ,35,आवासिय क्षेत्र
छतवा,9 गाउँ,36,आवासिय क्षेत्र
छतवा,9 गाउँ,37,आवासिय क्षेत्र
छतवा,9 गाउँ,38,आवासिय क्षेत्र
छतवा,9 गाउँ,39,आवासिय क्षेत्र
छतवा,9 गाउँ,40,आवासिय क्षेत्र
छतवा,9 गाउँ,41,आवासिय क्षेत्र
छतवा,9 गाउँ,42,आवासिय क्षेत्र
छतवा,9 गाउँ,43,आवासिय क्षेत्र
छतवा,9 गाउँ,44,आवासिय क्षेत्र
छतवा,9 गाउँ,45,आवासिय क्षेत्र
छतवा,9 गाउँ,46,आवासिय क्षेत्र
छतवा,9 गाउँ,47,आवासिय क्षेत्र
छतवा,9 गाउँ,48,आवासिय क्षेत्र
छतवा,9 गाउँ,49,आवासिय क्षेत्र
छतवा,9 गाउँ,50,आवासिय क्षेत्र
छतवा,9 गाउँ,51,आवासिय क्षेत्र
छतवा,9 नहर,0,आवासिय क्षेत्र
छतवा,9 नहर,0,आवासिय क्षेत्र
छतवा,9 नहर,2,आवासिय क्षेत्र
छतवा,9 नहर,177,सार्वजनिक उपयोग क्षेत्र
छतवा,9 नहर,249,आवासिय क्षेत्र
छतवा,9 नहर,253,सार्वजनिक उपयोग क्षेत्र
छतवा,9 नहर,264,आवासिय क्षेत्र
छतवा,9 नहर,265,आवासिय क्षेत्र
छतवा,9 नहर,266,आवासिय क्षेत्र
छतवा,9 नहर,267,आवासिय क्षेत्र
छतवा,9 नहर,268,आवासिय क्षेत्र
छतवा,9 नहर,269,आवासिय क्षेत्र
छतवा,9 नहर,270,आवासिय क्षेत्र
छतवा,9 नहर,271,आवासिय क्षेत्र
छतवा,9 नहर,272,आवासिय क्षेत्र
छतवा,9 नहर,273,आवासिय क्षेत्र
छतवा,9 नहर,274,आवासिय क्षेत्र
छतवा,9 नहर,275,आवासिय क्षेत्र
छतवा,9 नहर,277,आवासिय क्षेत्र
छतवा,9 नहर,280,आवासिय क्षेत्र
छतवा,9 नहर,281,आवासिय क्षेत्र
छतवा,9 नहर,282,आवासिय क्षेत्र
छतवा,9 नहर,283,सार्वजनिक उपयोग क्षेत्र
छतवा,9 नहर,286,आवासिय क्षेत्र
छतवा,9 नहर,287,आवासिय क्षेत्र
छतवा,9 नहर,290,आवासिय क्षेत्र
छतवा,9 नहर,294,आवासिय क्षेत्र
छतवा,9 नहर,295,आवासिय क्षेत्र
छतवा,9 नहर,296,आवासिय क्षेत्र
छतवा,9 नहर,299,आवासिय क्षेत्र
छतवा,9 नहर,300,आवासिय क्षेत्र
छतवा,9 नहर,301,आवासिय क्षेत्र
छतवा,9 नहर,333,आवासिय क्षेत्र
छतवा,9 नहर,337,आवासिय क्षेत्र
छतवा,9 नहर,338,आवासिय क्षेत्र
छतवा,9 नहर,350,आवासिय क्षेत्र
छतवा,9 नहर,356,आवासिय क्षेत्र
छतवा,9 नहर,358,आवासिय क्षेत्र
छतवा,9 नहर,359,आवासिय क्षेत्र
छतवा,9 नहर,360,आवासिय क्षेत्र
छतवा,9 नहर,361,आवासिय क्षेत्र
छतवा,9 नहर,362,आवासिय क्षेत्र
छतवा,9 नहर,363,आवासिय क्षेत्र
छतवा,9 नहर,364,आवासिय क्षेत्र
छतवा,9 नहर,368,आवासिय क्षेत्र
छतवा,9 नहर,369,आवासिय क्षेत्र
छतवा,9 नहर,385,आवासिय क्षेत्र
छतवा,9 नहर,413,आवासिय क्षेत्र
छतवा,9 नहर,414,आवासिय क्षेत्र
छतवा,9 नहर,415,आवासिय क्षेत्र
छतवा,9 नहर,416,आवासिय क्षेत्र
छतवा,9 नहर,433,आवासिय क्षेत्र
छतवा,9 नहर,434,आवासिय क्षेत्र
छतवा,9 नहर,455,आवासिय क्षेत्र
छतवा,9 नहर,456,आवासिय क्षेत्र
छतवा,9 नहर,463,आवासिय क्षेत्र
छतवा,9 नहर,464,आवासिय क्षेत्र
छतवा,9 नहर,470,आवासिय क्षेत्र
छतवा,9 नहर,471,आवासिय क्षेत्र
छतवा,9 नहर,498,आवासिय क्षेत्र
छतवा,9 नहर,500,आवासिय क्षेत्र
छतवा,9 नहर,501,आवासिय क्षेत्र
छतवा,9 नहर,525,आवासिय क्षेत्र
छतवा,9 नहर,527,आवासिय क्षेत्र
छतवा,9 नहर,528,आवासिय क्षेत्र
छतवा,9 नहर,536,आवासिय क्षेत्र
छतवा,9 नहर,537,आवासिय क्षेत्र
छतवा,9 नहर,557,आवासिय क्षेत्र
छतवा,9 नहर,558,आवासिय क्षेत्र
छतवा,9 नहर,559,आवासिय क्षेत्र
छतवा,9 नहर,579,आवासिय क्षेत्र
छतवा,9 नहर,580,आवासिय क्षेत्र
छतवा,9 नहर,609,आवासिय क्षेत्र
छतवा,9 नहर,615,आवासिय क्षेत्र
छतवा,9 नहर,617,आवासिय क्षेत्र
छतवा,9 नहर,618,आवासिय क्षेत्र
छतवा,9 नहर,619,आवासिय क्षेत्र
छतवा,9 नहर,620,आवासिय क्षेत्र
छतवा,9 नहर,621,आवासिय क्षेत्र
छतवा,9 नहर,622,आवासिय क्षेत्र
छतवा,9 नहर,627,आवासिय क्षेत्र
छतवा,9 नहर,628,आवासिय क्षेत्र
छतवा,9 नहर,638,आवासिय क्षेत्र
छतवा,9 नहर,639,आवासिय क्षेत्र
छतवा,9 नहर,642,आवासिय क्षेत्र
छतवा,9 नहर,643,आवासिय क्षेत्र
छतवा,9 नहर,646,आवासिय क्षेत्र
छतवा,9 नहर,647,आवासिय क्षेत्र
छतवा,9 नहर,654,आवासिय क्षेत्र
छतवा,9 नहर,656,आवासिय क्षेत्र
छतवा,9 नहर,657,आवासिय क्षेत्र
छतवा,9 नहर,674,आवासिय क्षेत्र
छतवा,9 नहर,675,आवासिय क्षेत्र
छतवा,9 नहर,676,आवासिय क्षेत्र
छतवा,9 नहर,677,आवासिय क्षेत्र
छतवा,9 नहर,703,आवासिय क्षेत्र
छतवा,9 नहर,704,आवासिय क्षेत्र
छतवा,9 नहर,705,आवासिय क्षेत्र
छतवा,9 नहर,706,आवासिय क्षेत्र
छतवा,9 नहर,707,आवासिय क्षेत्र
छतवा,9 नहर,708,आवासिय क्षेत्र
छतवा,9 नहर,709,आवासिय क्षेत्र
छतवा,9 नहर,710,आवासिय क्षेत्र
छतवा,9 नहर,711,आवासिय क्षेत्र
छतवा,9 नहर,712,आवासिय क्षेत्र
छतवा,9 नहर,713,आवासिय क्षेत्र
नकटुवा,4,4,कृषि क्षेत्र
नकटुवा,4,5,कृषि क्षेत्र
नकटुवा,4,6,कृषि क्षेत्र
नकटुवा,4,7,कृषि क्षेत्र
नकटुवा,4,8,कृषि क्षेत्र
नकटुवा,4,10,आवासिय क्षेत्र
नकटुवा,4,10,कृषि क्षेत्र
नकटुवा,4,11,कृषि क्षेत्र
नकटुवा,4,14,कृषि क्षेत्र
नकटुवा,4,15,कृषि क्षेत्र
नकटुवा,4,16,कृषि क्षेत्र
नकटुवा,4,18,कृषि क्षेत्र
नकटुवा,4,19,कृषि क्षेत्र
नकटुवा,4,20,आवासिय क्षेत्र
नकटुवा,4,21,आवासिय क्षेत्र
नकटुवा,4,24,आवासिय क्षेत्र
नकटुवा,4,25,आवासिय क्षेत्र
नकटुवा,4,26,आवासिय क्षेत्र
नकटुवा,4,29,कृषि क्षेत्र
नकटुवा,4,30,कृषि क्षेत्र
नकटुवा,4,34,कृषि क्षेत्र
नकटुवा,4,35,कृषि क्षेत्र
नकटुवा,4,39,आवासिय क्षेत्र
नकटुवा,4,43,आवासिय क्षेत्र
नकटुवा,4,45,आवासिय क्षेत्र
नकटुवा,4,48,कृषि क्षेत्र
नकटुवा,4,49,कृषि क्षेत्र
नकटुवा,4,58,आवासिय क्षेत्र
नकटुवा,4,61,आवासिय क्षेत्र
नकटुवा,4,63,आवासिय क्षेत्र
नकटुवा,4,64,आवासिय क्षेत्र
नकटुवा,4,65,आवासिय क्षेत्र
नकटुवा,4,69,आवासिय क्षेत्र
नकटुवा,4,70,आवासिय क्षेत्र
नकटुवा,4,73,आवासिय क्षेत्र
नकटुवा,4,74,आवासिय क्षेत्र
नकटुवा,4,76,आवासिय क्षेत्र
नकटुवा,4,77,आवासिय क्षेत्र
नकटुवा,4,78,आवासिय क्षेत्र
नकटुवा,4,79,आवासिय क्षेत्र
नकटुवा,4,80,कृषि क्षेत्र
नकटुवा,4,81,आवासिय क्षेत्र
नकटुवा,4,82,कृषि क्षेत्र
नकटुवा,4,83,कृषि क्षेत्र
नकटुवा,4,84,कृषि क्षेत्र
नकटुवा,4,85,कृषि क्षेत्र
नकटुवा,4,88,आवासिय क्षेत्र
नकटुवा,4,89,आवासिय क्षेत्र
नकटुवा,4,90,आवासिय क्षेत्र
नकटुवा,4,94,आवासिय क्षेत्र
नकटुवा,4,95,आवासिय क्षेत्र
नकटुवा,4,97,आवासिय क्षेत्र
नकटुवा,4,98,आवासिय क्षेत्र
नकटुवा,4,99,आवासिय क्षेत्र
नकटुवा,4,99,आवासिय क्षेत्र
नकटुवा,4,100,आवासिय क्षेत्र
नकटुवा,4,101,आवासिय क्षेत्र
नकटुवा,4,102,आवासिय क्षेत्र
नकटुवा,4,103,आवासिय क्षेत्र
नकटुवा,4,104,आवासिय क्षेत्र
नकटुवा,4,105,आवासिय क्षेत्र
नकटुवा,4,106,आवासिय क्षेत्र
नकटुवा,4,107,आवासिय क्षेत्र
नकटुवा,4,109,आवासिय क्षेत्र
नकटुवा,4,110,आवासिय क्षेत्र
नकटुवा,4,111,कृषि क्षेत्र
नकटुवा,4,112,आवासिय क्षेत्र
नकटुवा,4,113,आवासिय क्षेत्र
नकटुवा,4,114,आवासिय क्षेत्र
नकटुवा,4,115,आवासिय क्षेत्र
नकटुवा,4,116,कृषि क्षेत्र
नकटुवा,4,119,आवासिय क्षेत्र
नकटुवा,4,121,आवासिय क्षेत्र
नकटुवा,4,122,आवासिय क्षेत्र
नकटुवा,4,123,कृषि क्षेत्र
नकटुवा,4,126,आवासिय क्षेत्र
नकटुवा,4,127,आवासिय क्षेत्र
नकटुवा,4,128,आवासिय क्षेत्र
नकटुवा,4,129,आवासिय क्षेत्र
नकटुवा,4,130,आवासिय क्षेत्र
नकटुवा,4,134,कृषि क्षेत्र
नकटुवा,4,135,कृषि क्षेत्र
नकटुवा,4,136,कृषि क्षेत्र
नकटुवा,4,138,आवासिय क्षेत्र
नकटुवा,4,141,आवासिय क्षेत्र
नकटुवा,4,142,आवासिय क्षेत्र
नकटुवा,4,143,आवासिय क्षेत्र
नकटुवा,4,145,कृषि क्षेत्र
नकटुवा,4,146,कृषि क्षेत्र
नकटुवा,4,147,कृषि क्षेत्र
नकटुवा,4,149,आवासिय क्षेत्र
नकटुवा,4,152,आवासिय क्षेत्र
नकटुवा,4,154,आवासिय क्षेत्र
नकटुवा,4,155,आवासिय क्षेत्र
नकटुवा,4,157,आवासिय क्षेत्र
नकटुवा,4,159,आवासिय क्षेत्र
नकटुवा,4,161,आवासिय क्षेत्र
नकटुवा,4,162,आवासिय क्षेत्र
नकटुवा,4,164,कृषि क्षेत्र
नकटुवा,4,165,कृषि क्षेत्र
नकटुवा,4,167,आवासिय क्षेत्र
नकटुवा,4,168,कृषि क्षेत्र
नकटुवा,4,169,आवासिय क्षेत्र
नकटुवा,4,176,आवासिय क्षेत्र
नकटुवा,4,179,आवासिय क्षेत्र
नकटुवा,4,180,आवासिय क्षेत्र
नकटुवा,4,182,आवासिय क्षेत्र
नकटुवा,4,183,आवासिय क्षेत्र
नकटुवा,4,183,आवासिय क्षेत्र
नकटुवा,4,185,आवासिय क्षेत्र
नकटुवा,4,185,आवासिय क्षेत्र
नकटुवा,4,186,आवासिय क्षेत्र
नकटुवा,4,187,आवासिय क्षेत्र
नकटुवा,4,188,आवासिय क्षेत्र
नकटुवा,4,190,आवासिय क्षेत्र
नकटुवा,4,192,आवासिय क्षेत्र
नकटुवा,4,193,आवासिय क्षेत्र
नकटुवा,4,194,आवासिय क्षेत्र
नकटुवा,4,197,आवासिय क्षेत्र
नकटुवा,4,199,आवासिय क्षेत्र
नकटुवा,4,201,आवासिय क्षेत्र
नकटुवा,4,203,कृषि क्षेत्र
नकटुवा,4,204,कृषि क्षेत्र
नकटुवा,4,205,कृषि क्षेत्र
नकटुवा,4,206,कृषि क्षेत्र
नकटुवा,4,209,कृषि क्षेत्र
नकटुवा,4,210,कृषि क्षेत्र
नकटुवा,4,212,आवासिय क्षेत्र
नकटुवा,4,213,आवासिय क्षेत्र
नकटुवा,4,217,आवासिय क्षेत्र
नकटुवा,4,218,आवासिय क्षेत्र
नकटुवा,4,220,कृषि क्षेत्र
नकटुवा,4,221,कृषि क्षेत्र
नकटुवा,4,222,कृषि क्षेत्र
नकटुवा,4,223,कृषि क्षेत्र
नकटुवा,4,227,कृषि क्षेत्र
नकटुवा,4,229,कृषि क्षेत्र
नकटुवा,4,230,कृषि क्षेत्र
नकटुवा,4,231,कृषि क्षेत्र
नकटुवा,4,232,कृषि क्षेत्र
नकटुवा,4,233,कृषि क्षेत्र
नकटुवा,4,234,आवासिय क्षेत्र
नकटुवा,4,235,कृषि क्षेत्र
नकटुवा,4,236,कृषि क्षेत्र
नकटुवा,4,238,आवासिय क्षेत्र
नकटुवा,4,240,कृषि क्षेत्र
नकटुवा,4,241,आवासिय क्षेत्र
नकटुवा,4,242,कृषि क्षेत्र
नकटुवा,4,254,आवासिय क्षेत्र
नकटुवा,4,255,आवासिय क्षेत्र
नकटुवा,4,256,आवासिय क्षेत्र
नकटुवा,4,257,आवासिय क्षेत्र
नकटुवा,4,258,कृषि क्षेत्र
नकटुवा,4,262,आवासिय क्षेत्र
नकटुवा,4,270,आवासिय क्षेत्र
नकटुवा,4,271,आवासिय क्षेत्र
नकटुवा,4,272,आवासिय क्षेत्र
नकटुवा,4,273,आवासिय क्षेत्र
नकटुवा,4,274,आवासिय क्षेत्र
नकटुवा,4,275,आवासिय क्षेत्र
नकटुवा,4,277,आवासिय क्षेत्र
नकटुवा,4,279,कृषि क्षेत्र
नकटुवा,4,282,कृषि क्षेत्र
नकटुवा,4,283,कृषि क्षेत्र
नकटुवा,4,289,कृषि क्षेत्र
नकटुवा,4,289,कृषि क्षेत्र
नकटुवा,4,289,कृषि क्षेत्र
नकटुवा,4,289,कृषि क्षेत्र
नकटुवा,4,293,कृषि क्षेत्र
नकटुवा,4,302,आवासिय क्षेत्र
नकटुवा,4,303,आवासिय क्षेत्र
नकटुवा,4,305,आवासिय क्षेत्र
नकटुवा,4,306,आवासिय क्षेत्र
नकटुवा,4,312,आवासिय क्षेत्र
नकटुवा,4,313,कृषि क्षेत्र
नकटुवा,4,317,आवासिय क्षेत्र
नकटुवा,4,318,आवासिय क्षेत्र
नकटुवा,4,319,आवासिय क्षेत्र
नकटुवा,4,320,आवासिय क्षेत्र
नकटुवा,4,321,आवासिय क्षेत्र
नकटुवा,4,322,आवासिय क्षेत्र
नकटुवा,4,324,आवासिय क्षेत्र
नकटुवा,4,327,आवासिय क्षेत्र
नकटुवा,4,333,आवासिय क्षेत्र
नकटुवा,4,334,आवासिय क्षेत्र
नकटुवा,4,341,कृषि क्षेत्र
नकटुवा,4,342,कृषि क्षेत्र
नकटुवा,4,344,कृषि क्षेत्र
नकटुवा,4,347,आवासिय क्षेत्र
नकटुवा,4,351,आवासिय क्षेत्र
नकटुवा,4,354,आवासिय क्षेत्र
नकटुवा,4,355,आवासिय क्षेत्र
नकटुवा,4,356,आवासिय क्षेत्र
नकटुवा,4,357,आवासिय क्षेत्र
नकटुवा,4,358,आवासिय क्षेत्र
नकटुवा,4,359,आवासिय क्षेत्र
नकटुवा,4,361,आवासिय क्षेत्र
नकटुवा,4,362,आवासिय क्षेत्र
नकटुवा,4,363,आवासिय क्षेत्र
नकटुवा,4,364,आवासिय क्षेत्र
नकटुवा,4,365,आवासिय क्षेत्र
नकटुवा,4,366,आवासिय क्षेत्र
नकटुवा,4,368,आवासिय क्षेत्र
नकटुवा,4,369,आवासिय क्षेत्र
नकटुवा,4,370,आवासिय क्षेत्र
नकटुवा,4,371,आवासिय क्षेत्र
नकटुवा,4,372,आवासिय क्षेत्र
नकटुवा,4,376,कृषि क्षेत्र
नकटुवा,4,377,कृषि क्षेत्र
नकटुवा,4,377,कृषि क्षेत्र
नकटुवा,4,377,कृषि क्षेत्र
नकटुवा,4,378,आवासिय क्षेत्र
नकटुवा,4,379,आवासिय क्षेत्र
नकटुवा,4,380,आवासिय क्षेत्र
नकटुवा,4,381,आवासिय क्षेत्र
नकटुवा,4,382,कृषि क्षेत्र
नकटुवा,4,384,कृषि क्षेत्र
नकटुवा,4,386,आवासिय क्षेत्र
नकटुवा,4,391,आवासिय क्षेत्र
नकटुवा,4,403,कृषि क्षेत्र
नकटुवा,4,406,कृषि क्षेत्र
नकटुवा,4,409,कृषि क्षेत्र
नकटुवा,4,411,कृषि क्षेत्र
नकटुवा,4,412,कृषि क्षेत्र
नकटुवा,4,412,कृषि क्षेत्र
नकटुवा,4,415,आवासिय क्षेत्र
नकटुवा,4,419,कृषि क्षेत्र
नकटुवा,4,420,कृषि क्षेत्र
नकटुवा,4,421,आवासिय क्षेत्र
नकटुवा,4,438,आवासिय क्षेत्र
नकटुवा,4,443,कृषि क्षेत्र
नकटुवा,4,444,कृषि क्षेत्र
नकटुवा,4,446,कृषि क्षेत्र
नकटुवा,4,449,आवासिय क्षेत्र
नकटुवा,4,451,कृषि क्षेत्र
नकटुवा,4,452,कृषि क्षेत्र
नकटुवा,4,453,कृषि क्षेत्र
नकटुवा,4,454,कृषि क्षेत्र
नकटुवा,4,457,कृषि क्षेत्र
नकटुवा,4,458,कृषि क्षेत्र
नकटुवा,4,467,कृषि क्षेत्र
नकटुवा,4,468,आवासिय क्षेत्र
नकटुवा,4,469,आवासिय क्षेत्र
नकटुवा,4,469,आवासिय क्षेत्र
नकटुवा,4,471,आवासिय क्षेत्र
नकटुवा,4,471,आवासिय क्षेत्र
नकटुवा,4,472,आवासिय क्षेत्र
नकटुवा,4,473,आवासिय क्षेत्र
नकटुवा,4,475,कृषि क्षेत्र
नकटुवा,4,476,कृषि क्षेत्र
नकटुवा,4,477,कृषि क्षेत्र
नकटुवा,4,478,कृषि क्षेत्र
नकटुवा,4,479,कृषि क्षेत्र
नकटुवा,4,480,कृषि क्षेत्र
नकटुवा,4,481,कृषि क्षेत्र
नकटुवा,4,482,कृषि क्षेत्र
नकटुवा,4,483,कृषि क्षेत्र
नकटुवा,4,484,कृषि क्षेत्र
नकटुवा,4,487,कृषि क्षेत्र
नकटुवा,4,488,कृषि क्षेत्र
नकटुवा,4,489,कृषि क्षेत्र
नकटुवा,4,491,कृषि क्षेत्र
नकटुवा,4,492,कृषि क्षेत्र
नकटुवा,4,495,कृषि क्षेत्र
नकटुवा,4,496,कृषि क्षेत्र
नकटुवा,4,497,आवासिय क्षेत्र
नकटुवा,4,498,आवासिय क्षेत्र
नकटुवा,4,502,कृषि क्षेत्र
नकटुवा,4,503,कृषि क्षेत्र
नकटुवा,4,504,कृषि क्षेत्र
नकटुवा,4,505,आवासिय क्षेत्र
नकटुवा,4,506,आवासिय क्षेत्र
नकटुवा,4,507,आवासिय क्षेत्र
नकटुवा,4,538,आवासिय क्षेत्र
नकटुवा,4,539,आवासिय क्षेत्र
नकटुवा,4,541,आवासिय क्षेत्र
नकटुवा,4,542,आवासिय क्षेत्र
नकटुवा,4,543,आवासिय क्षेत्र
नकटुवा,4,545,आवासिय क्षेत्र
नकटुवा,4,547,आवासिय क्षेत्र
नकटुवा,4,567,आवासिय क्षेत्र
नकटुवा,4,568,आवासिय क्षेत्र
नकटुवा,4,569,आवासिय क्षेत्र
नकटुवा,4,570,आवासिय क्षेत्र
नकटुवा,4,582,कृषि क्षेत्र
नकटुवा,4,583,कृषि क्षेत्र
नकटुवा,4,584,कृषि क्षेत्र
नकटुवा,4,585,कृषि क्षेत्र
नकटुवा,4,586,आवासिय क्षेत्र
नकटुवा,4,587,आवासिय क्षेत्र
नकटुवा,4,588,आवासिय क्षेत्र
नकटुवा,4,589,आवासिय क्षेत्र
नकटुवा,4,590,आवासिय क्षेत्र
नकटुवा,4,596,आवासिय क्षेत्र
नकटुवा,4,597,आवासिय क्षेत्र
नकटुवा,4,598,आवासिय क्षेत्र
नकटुवा,4,605,आवासिय क्षेत्र
नकटुवा,4,606,आवासिय क्षेत्र
नकटुवा,4,616,आवासिय क्षेत्र
नकटुवा,4,617,आवासिय क्षेत्र
नकटुवा,4,618,आवासिय क्षेत्र
नकटुवा,4,629,आवासिय क्षेत्र
नकटुवा,4,654,आवासिय क्षेत्र
नकटुवा,4,655,आवासिय क्षेत्र
नकटुवा,4,656,आवासिय क्षेत्र
नकटुवा,4,660,आवासिय क्षेत्र
नकटुवा,4,661,आवासिय क्षेत्र
नकटुवा,4,662,आवासिय क्षेत्र
नकटुवा,4,665,कृषि क्षेत्र
नकटुवा,4,666,कृषि क्षेत्र
नकटुवा,4,667,आवासिय क्षेत्र
नकटुवा,4,668,आवासिय क्षेत्र
नकटुवा,4,701,कृषि क्षेत्र
नकटुवा,4,702,कृषि क्षेत्र
नकटुवा,4,764,आवासिय क्षेत्र
नकटुवा,4,765,आवासिय क्षेत्र
नकटुवा,4,766,आवासिय क्षेत्र
नकटुवा,4,773,आवासिय क्षेत्र
नकटुवा,4,774,आवासिय क्षेत्र
नकटुवा,4,781,कृषि क्षेत्र
नकटुवा,4,782,कृषि क्षेत्र
नकटुवा,4,791,कृषि क्षेत्र
नकटुवा,4,792,आवासिय क्षेत्र
नकटुवा,4,794,आवासिय क्षेत्र
नकटुवा,4,795,आवासिय क्षेत्र
नकटुवा,4,796,कृषि क्षेत्र
नकटुवा,4,797,कृषि क्षेत्र
नकटुवा,4,798,आवासिय क्षेत्र
नकटुवा,4,799,आवासिय क्षेत्र
नकटुवा,4,805,आवासिय क्षेत्र
नकटुवा,4,806,आवासिय क्षेत्र
नकटुवा,4,807,आवासिय क्षेत्र
नकटुवा,4,808,आवासिय क्षेत्र
नकटुवा,4,813,आवासिय क्षेत्र
नकटुवा,4,814,आवासिय क्षेत्र
नकटुवा,4,815,आवासिय क्षेत्र
नकटुवा,4,816,आवासिय क्षेत्र
नकटुवा,4,817,आवासिय क्षेत्र
नकटुवा,4,818,आवासिय क्षेत्र
नकटुवा,4,819,आवासिय क्षेत्र
नकटुवा,4,820,आवासिय क्षेत्र
नकटुवा,4,821,कृषि क्षेत्र
नकटुवा,4,822,कृषि क्षेत्र
नकटुवा,4,823,आवासिय क्षेत्र
नकटुवा,4,824,आवासिय क्षेत्र
नकटुवा,4,826,आवासिय क्षेत्र
नकटुवा,4,827,आवासिय क्षेत्र
नकटुवा,4,827,आवासिय क्षेत्र
नकटुवा,4,828,आवासिय क्षेत्र
नकटुवा,4,830,कृषि क्षेत्र
नकटुवा,4,831,कृषि क्षेत्र
नकटुवा,4,832,आवासिय क्षेत्र
नकटुवा,4,833,आवासिय क्षेत्र
नकटुवा,4,842,आवासिय क्षेत्र
नकटुवा,4,843,आवासिय क्षेत्र
नकटुवा,4,844,आवासिय क्षेत्र
नकटुवा,4,845,आवासिय क्षेत्र
नकटुवा,4,846,आवासिय क्षेत्र
नकटुवा,4,847,आवासिय क्षेत्र
नकटुवा,4,848,आवासिय क्षेत्र
नकटुवा,4,849,आवासिय क्षेत्र
नकटुवा,4,850,आवासिय क्षेत्र
नकटुवा,4,851,आवासिय क्षेत्र
नकटुवा,4,852,आवासिय क्षेत्र
नकटुवा,4,853,आवासिय क्षेत्र
नकटुवा,4,854,आवासिय क्षेत्र
नकटुवा,4,855,आवासिय क्षेत्र
नकटुवा,4,856,आवासिय क्षेत्र
नकटुवा,4,857,आवासिय क्षेत्र
नकटुवा,4,858,आवासिय क्षेत्र
नकटुवा,4,859,आवासिय क्षेत्र
नकटुवा,4,860,आवासिय क्षेत्र
नकटुवा,4,861,आवासिय क्षेत्र
नकटुवा,4,862,आवासिय क्षेत्र
नकटुवा,4,863,आवासिय क्षेत्र
नकटुवा,4,864,आवासिय क्षेत्र
नकटुवा,4,865,आवासिय क्षेत्र
नकटुवा,4,866,आवासिय क्षेत्र
नकटुवा,4,867,आवासिय क्षेत्र
नकटुवा,4,868,आवासिय क्षेत्र
नकटुवा,4,869,आवासिय क्षेत्र
नकटुवा,4,870,आवासिय क्षेत्र
नकटुवा,4,871,आवासिय क्षेत्र
नकटुवा,4,872,आवासिय क्षेत्र
नकटुवा,4,873,कृषि क्षेत्र
नकटुवा,4,874,कृषि क्षेत्र
नकटुवा,4,875,आवासिय क्षेत्र
नकटुवा,4,876,आवासिय क्षेत्र
नकटुवा,4,878,आवासिय क्षेत्र
नकटुवा,4,880,कृषि क्षेत्र
नकटुवा,4,881,कृषि क्षेत्र
नकटुवा,4,882,कृषि क्षेत्र
नकटुवा,4,883,आवासिय क्षेत्र
नकटुवा,4,884,आवासिय क्षेत्र
नकटुवा,4,885,आवासिय क्षेत्र
नकटुवा,4,886,आवासिय क्षेत्र
नकटुवा,4,887,आवासिय क्षेत्र
नकटुवा,4,888,आवासिय क्षेत्र
नकटुवा,4,891,आवासिय क्षेत्र
नकटुवा,4,892,आवासिय क्षेत्र
नकटुवा,4,893,आवासिय क्षेत्र
नकटुवा,4,894,आवासिय क्षेत्र
नकटुवा,4,895,आवासिय क्षेत्र
नकटुवा,4,896,आवासिय क्षेत्र
नकटुवा,4,897,आवासिय क्षेत्र
नकटुवा,4,899,आवासिय क्षेत्र
नकटुवा,4,900,आवासिय क्षेत्र
नकटुवा,4,901,आवासिय क्षेत्र
नकटुवा,4,902,आवासिय क्षेत्र
नकटुवा,4,903,आवासिय क्षेत्र
नकटुवा,4,904,आवासिय क्षेत्र
नकटुवा,4,905,आवासिय क्षेत्र
नकटुवा,4,906,आवासिय क्षेत्र
नकटुवा,4,907,कृषि क्षेत्र
नकटुवा,4,908,कृषि क्षेत्र
नकटुवा,4,909,आवासिय क्षेत्र
नकटुवा,4,910,आवासिय क्षेत्र
नकटुवा,4,911,कृषि क्षेत्र
नकटुवा,4,912,कृषि क्षेत्र
नकटुवा,4,913,कृषि क्षेत्र
नकटुवा,4,914,कृषि क्षेत्र
नकटुवा,4,915,कृषि क्षेत्र
नकटुवा,4,916,कृषि क्षेत्र
नकटुवा,4,917,कृषि क्षेत्र
नकटुवा,4,918,कृषि क्षेत्र
नकटुवा,4,919,आवासिय क्षेत्र
नकटुवा,4,920,कृषि क्षेत्र
नकटुवा,4,921,आवासिय क्षेत्र
नकटुवा,4,922,आवासिय क्षेत्र
नकटुवा,4,923,आवासिय क्षेत्र
नकटुवा,4,924,आवासिय क्षेत्र
नकटुवा,4,925,आवासिय क्षेत्र
नकटुवा,4,926,आवासिय क्षेत्र
नकटुवा,4,927,कृषि क्षेत्र
नकटुवा,4,928,कृषि क्षेत्र
नकटुवा,4,929,आवासिय क्षेत्र
नकटुवा,4,930,आवासिय क्षेत्र
नकटुवा,4,932,आवासिय क्षेत्र
नकटुवा,4,934,आवासिय क्षेत्र
नकटुवा,4,935,आवासिय क्षेत्र
नकटुवा,4,937,कृषि क्षेत्र
नकटुवा,4,938,कृषि क्षेत्र
नकटुवा,4,939,कृषि क्षेत्र
नकटुवा,4,940,कृषि क्षेत्र
नकटुवा,4,941,कृषि क्षेत्र
नकटुवा,4,942,कृषि क्षेत्र
नकटुवा,4,943,कृषि क्षेत्र
नकटुवा,4,944,कृषि क्षेत्र
नकटुवा,4,945,कृषि क्षेत्र
नकटुवा,4,946,कृषि क्षेत्र
नकटुवा,4,947,आवासिय क्षेत्र
नकटुवा,4,948,आवासिय क्षेत्र
नकटुवा,4,949,आवासिय क्षेत्र
नकटुवा,4,950,आवासिय क्षेत्र
नकटुवा,4,951,आवासिय क्षेत्र
नकटुवा,4,952,आवासिय क्षेत्र
नकटुवा,4,953,आवासिय क्षेत्र
नकटुवा,4,954,आवासिय क्षेत्र
नकटुवा,4,955,आवासिय क्षेत्र
नकटुवा,4,9960,कृषि क्षेत्र
नकटुवा,4,9961,आवासिय क्षेत्र
नकटुवा,4,9963,आवासिय क्षेत्र
नकटुवा,4,9965,आवासिय क्षेत्र
नकटुवा,4,9974,आवासिय क्षेत्र
नकटुवा,4,9975,आवासिय क्षेत्र
नकटुवा,4,9978,आवासिय क्षेत्र
नकटुवा,4,9980,कृषि क्षेत्र
नकटुवा,4,9981,कृषि क्षेत्र
नकटुवा,4,9981,कृषि क्षेत्र
नकटुवा,4,9995,कृषि क्षेत्र
नकटुवा,4,9999,आवासिय क्षेत्र
नकटुवा,4,99458,आवासिय क्षेत्र
नकटुवा,4,99999,"नदी, खोला, ताल, सिमसार क्षेत्र"
नकटुवा,4,437829,आवासिय क्षेत्र
नकटुवा,4 गाउँ,1,आवासिय क्षेत्र
नकटुवा,4 गाउँ,2,आवासिय क्षेत्र
नकटुवा,4 गाउँ,3,आवासिय क्षेत्र
नकटुवा,4 गाउँ,5,आवासिय क्षेत्र
नकटुवा,4 गाउँ,12,आवासिय क्षेत्र
नकटुवा,4 गाउँ,15,आवासिय क्षेत्र
नकटुवा,4 गाउँ,18,आवासिय क्षेत्र
नकटुवा,4 गाउँ,19,आवासिय क्षेत्र
नकटुवा,4 गाउँ,20,आवासिय क्षेत्र
नकटुवा,4 गाउँ,23,आवासिय क्षेत्र
नकटुवा,4 गाउँ,24,आवासिय क्षेत्र
नकटुवा,4 गाउँ,25,आवासिय क्षेत्र
नकटुवा,4 गाउँ,28,आवासिय क्षेत्र
नकटुवा,4 गाउँ,30,आवासिय क्षेत्र
नकटुवा,4 गाउँ,31,आवासिय क्षेत्र
नकटुवा,4 गाउँ,33,आवासिय क्षेत्र
नकटुवा,4 गाउँ,33,आवासिय क्षेत्र
नकटुवा,4 गाउँ,35,आवासिय क्षेत्र
नकटुवा,4 गाउँ,36,आवासिय क्षेत्र
नकटुवा,4 गाउँ,37,आवासिय क्षेत्र
नकटुवा,4 गाउँ,38,आवासिय क्षेत्र
नकटुवा,4 गाउँ,40,आवासिय क्षेत्र
नकटुवा,4 गाउँ,41,आवासिय क्षेत्र
नकटुवा,4 गाउँ,42,आवासिय क्षेत्र
नकटुवा,4 गाउँ,43,आवासिय क्षेत्र
नकटुवा,4 गाउँ,45,आवासिय क्षेत्र
नकटुवा,4 गाउँ,46,आवासिय क्षेत्र
नकटुवा,4 गाउँ,47,आवासिय क्षेत्र
नकटुवा,4 गाउँ,48,आवासिय क्षेत्र
नकटुवा,4 गाउँ,49,आवासिय क्षेत्र
नकटुवा,4 गाउँ,51,आवासिय क्षेत्र
नकटुवा,4 गाउँ,51,आवासिय क्षेत्र
नकटुवा,4 गाउँ,54,आवासिय क्षेत्र
नकटुवा,4 गाउँ,57,आवासिय क्षेत्र
नकटुवा,4 गाउँ,58,आवासिय क्षेत्र
नकटुवा,4 गाउँ,59,आवासिय क्षेत्र
नकटुवा,4 गाउँ,60,आवासिय क्षेत्र
नकटुवा,4 गाउँ,61,आवासिय क्षेत्र
नकटुवा,4 गाउँ,65,आवासिय क्षेत्र
नकटुवा,4 गाउँ,66,आवासिय क्षेत्र
नकटुवा,4 गाउँ,67,आवासिय क्षेत्र
नकटुवा,4 गाउँ,70,आवासिय क्षेत्र
नकटुवा,4 गाउँ,71,आवासिय क्षेत्र
नकटुवा,4 गाउँ,72,आवासिय क्षेत्र
नकटुवा,4 गाउँ,73,आवासिय क्षेत्र
नकटुवा,4 गाउँ,74,आवासिय क्षेत्र
नकटुवा,4 गाउँ,75,आवासिय क्षेत्र
नकटुवा,4 गाउँ,76,आवासिय क्षेत्र
नकटुवा,4 गाउँ,77,आवासिय क्षेत्र
नकटुवा,4 गाउँ,78,आवासिय क्षेत्र
नकटुवा,4 गाउँ,79,आवासिय क्षेत्र
नकटुवा,4 गाउँ,9986,आवासिय क्षेत्र
नकटुवा,4 गाउँ,9988,आवासिय क्षेत्र
नकटुवा,4 गाउँ,9989,आवासिय क्षेत्र
नकटुवा,4 गाउँ,9990,आवासिय क्षेत्र
नकटुवा,4 गाउँ,9992,आवासिय क्षेत्र
नकटुवा,4 गाउँ,9995,आवासिय क्षेत्र
नकटुवा,4 गाउँ,9997,आवासिय क्षेत्र
नकटुवा,5,3,आवासिय क्षेत्र
नकटुवा,5,5,आवासिय क्षेत्र
नकटुवा,5,6,आवासिय क्षेत्र
नकटुवा,5,7,आवासिय क्षेत्र
नकटुवा,5,8,आवासिय क्षेत्र
नकटुवा,5,10,कृषि क्षेत्र
नकटुवा,5,11,कृषि क्षेत्र
नकटुवा,5,12,कृषि क्षेत्र
नकटुवा,5,13,कृषि क्षेत्र
नकटुवा,5,14,कृषि क्षेत्र
नकटुवा,5,15,कृषि क्षेत्र
नकटुवा,5,16,कृषि क्षेत्र
नकटुवा,5,17,कृषि क्षेत्र
नकटुवा,5,18,कृषि क्षेत्र
नकटुवा,5,20,कृषि क्षेत्र
नकटुवा,5,21,कृषि क्षेत्र
नकटुवा,5,24,कृषि क्षेत्र
नकटुवा,5,25,कृषि क्षेत्र
नकटुवा,5,26,कृषि क्षेत्र
नकटुवा,5,28,कृषि क्षेत्र
नकटुवा,5,29,आवासिय क्षेत्र
नकटुवा,5,31,कृषि क्षेत्र
नकटुवा,5,32,कृषि क्षेत्र
नकटुवा,5,33,कृषि क्षेत्र
नकटुवा,5,36,कृषि क्षेत्र
नकटुवा,5,38,आवासिय क्षेत्र
नकटुवा,5,40,आवासिय क्षेत्र
नकटुवा,5,41,आवासिय क्षेत्र
नकटुवा,5,42,आवासिय क्षेत्र
नकटुवा,5,43,आवासिय क्षेत्र
नकटुवा,5,44,आवासिय क्षेत्र
नकटुवा,5,45,आवासिय क्षेत्र
नकटुवा,5,46,आवासिय क्षेत्र
नकटुवा,5,48,आवासिय क्षेत्र
नकटुवा,5,50,आवासिय क्षेत्र
नकटुवा,5,53,आवासिय क्षेत्र
नकटुवा,5,56,आवासिय क्षेत्र
नकटुवा,5,61,आवासिय क्षेत्र
नकटुवा,5,68,कृषि क्षेत्र
नकटुवा,5,71,आवासिय क्षेत्र
नकटुवा,5,72,आवासिय क्षेत्र
नकटुवा,5,73,कृषि क्षेत्र
नकटुवा,5,74,कृषि क्षेत्र
नकटुवा,5,76,कृषि क्षेत्र
नकटुवा,5,77,कृषि क्षेत्र
नकटुवा,5,78,कृषि क्षेत्र
नकटुवा,5,79,कृषि क्षेत्र
नकटुवा,5,81,कृषि क्षेत्र
नकटुवा,5,82,कृषि क्षेत्र
नकटुवा,5,87,कृषि क्षेत्र
नकटुवा,5,93,कृषि क्षेत्र
नकटुवा,5,106,कृषि क्षेत्र
नकटुवा,5,107,कृषि क्षेत्र
नकटुवा,5,111,कृषि क्षेत्र
नकटुवा,5,112,कृषि क्षेत्र
नकटुवा,5,114,कृषि क्षेत्र
नकटुवा,5,115,कृषि क्षेत्र
नकटुवा,5,116,कृषि क्षेत्र
नकटुवा,5,117,कृषि क्षेत्र
नकटुवा,5,118,कृषि क्षेत्र
नकटुवा,5,123,कृषि क्षेत्र
नकटुवा,5,128,आवासिय क्षेत्र
नकटुवा,5,130,आवासिय क्षेत्र
नकटुवा,5,133,आवासिय क्षेत्र
नकटुवा,5,135,आवासिय क्षेत्र
नकटुवा,5,136,आवासिय क्षेत्र
नकटुवा,5,137,आवासिय क्षेत्र
नकटुवा,5,138,आवासिय क्षेत्र
नकटुवा,5,139,कृषि क्षेत्र
नकटुवा,5,140,कृषि क्षेत्र
नकटुवा,5,141,आवासिय क्षेत्र
नकटुवा,5,149,कृषि क्षेत्र
नकटुवा,5,151,आवासिय क्षेत्र
नकटुवा,5,153,आवासिय क्षेत्र
नकटुवा,5,155,कृषि क्षेत्र
नकटुवा,5,157,आवासिय क्षेत्र
नकटुवा,5,161,आवासिय क्षेत्र
नकटुवा,5,162,आवासिय क्षेत्र
नकटुवा,5,164,आवासिय क्षेत्र
नकटुवा,5,167,आवासिय क्षेत्र
नकटुवा,5,180,आवासिय क्षेत्र
नकटुवा,5,182,आवासिय क्षेत्र
नकटुवा,5,183,आवासिय क्षेत्र
नकटुवा,5,188,आवासिय क्षेत्र
नकटुवा,5,192,आवासिय क्षेत्र
नकटुवा,5,193,कृषि क्षेत्र
नकटुवा,5,196,कृषि क्षेत्र
नकटुवा,5,198,आवासिय क्षेत्र
नकटुवा,5,200,आवासिय क्षेत्र
नकटुवा,5,201,कृषि क्षेत्र
नकटुवा,5,203,कृषि क्षेत्र
नकटुवा,5,206,आवासिय क्षेत्र
नकटुवा,5,207,आवासिय क्षेत्र
नकटुवा,5,217,कृषि क्षेत्र
नकटुवा,5,218,कृषि क्षेत्र
नकटुवा,5,219,आवासिय क्षेत्र
नकटुवा,5,220,आवासिय क्षेत्र
नकटुवा,5,224,कृषि क्षेत्र
नकटुवा,5,225,कृषि क्षेत्र
नकटुवा,5,228,आवासिय क्षेत्र
नकटुवा,5,229,आवासिय क्षेत्र
नकटुवा,5,231,आवासिय क्षेत्र
नकटुवा,5,232,आवासिय क्षेत्र
नकटुवा,5,234,कृषि क्षेत्र
नकटुवा,5,236,कृषि क्षेत्र
नकटुवा,5,237,कृषि क्षेत्र
नकटुवा,5,238,कृषि क्षेत्र
नकटुवा,5,240,कृषि क्षेत्र
नकटुवा,5,241,कृषि क्षेत्र
नकटुवा,5,246,आवासिय क्षेत्र
नकटुवा,5,247,आवासिय क्षेत्र
नकटुवा,5,250,कृषि क्षेत्र
नकटुवा,5,251,कृषि क्षेत्र
नकटुवा,5,252,आवासिय क्षेत्र
नकटुवा,5,253,आवासिय क्षेत्र
नकटुवा,5,280,आवासिय क्षेत्र
नकटुवा,5,281,आवासिय क्षेत्र
नकटुवा,5,282,आवासिय क्षेत्र
नकटुवा,5,283,आवासिय क्षेत्र
नकटुवा,5,286,आवासिय क्षेत्र
नकटुवा,5,287,आवासिय क्षेत्र
नकटुवा,5,287,आवासिय क्षेत्र
नकटुवा,5,289,आवासिय क्षेत्र
नकटुवा,5,289,आवासिय क्षेत्र
नकटुवा,5,290,कृषि क्षेत्र
नकटुवा,5,292,कृषि क्षेत्र
नकटुवा,5,296,कृषि क्षेत्र
नकटुवा,5,297,कृषि क्षेत्र
नकटुवा,5,311,आवासिय क्षेत्र
नकटुवा,5,312,आवासिय क्षेत्र
नकटुवा,5,315,आवासिय क्षेत्र
नकटुवा,5,319,आवासिय क्षेत्र
नकटुवा,5,320,आवासिय क्षेत्र
नकटुवा,5,327,आवासिय क्षेत्र
नकटुवा,5,327,आवासिय क्षेत्र
नकटुवा,5,329,आवासिय क्षेत्र
नकटुवा,5,333,कृषि क्षेत्र
नकटुवा,5,337,कृषि क्षेत्र
नकटुवा,5,338,कृषि क्षेत्र
नकटुवा,5,351,आवासिय क्षेत्र
नकटुवा,5,353,आवासिय क्षेत्र
नकटुवा,5,354,आवासिय क्षेत्र
नकटुवा,5,355,आवासिय क्षेत्र
नकटुवा,5,356,आवासिय क्षेत्र
नकटुवा,5,358,आवासिय क्षेत्र
नकटुवा,5,360,कृषि क्षेत्र
नकटुवा,5,362,आवासिय क्षेत्र
नकटुवा,5,363,आवासिय क्षेत्र
नकटुवा,5,365,कृषि क्षेत्र
नकटुवा,5,368,कृषि क्षेत्र
नकटुवा,5,369,कृषि क्षेत्र
नकटुवा,5,370,कृषि क्षेत्र
नकटुवा,5,371,कृषि क्षेत्र
नकटुवा,5,376,कृषि क्षेत्र
नकटुवा,5,377,कृषि क्षेत्र
नकटुवा,5,379,कृषि क्षेत्र
नकटुवा,5,380,कृषि क्षेत्र
नकटुवा,5,382,कृषि क्षेत्र
नकटुवा,5,383,कृषि क्षेत्र
नकटुवा,5,384,कृषि क्षेत्र
नकटुवा,5,388,कृषि क्षेत्र
नकटुवा,5,389,कृषि क्षेत्र
नकटुवा,5,394,कृषि क्षेत्र
नकटुवा,5,395,कृषि क्षेत्र
नकटुवा,5,402,कृषि क्षेत्र
नकटुवा,5,403,कृषि क्षेत्र
नकटुवा,5,411,कृषि क्षेत्र
नकटुवा,5,416,आवासिय क्षेत्र
नकटुवा,5,417,आवासिय क्षेत्र
नकटुवा,5,422,कृषि क्षेत्र
नकटुवा,5,423,कृषि क्षेत्र
नकटुवा,5,428,कृषि क्षेत्र
नकटुवा,5,429,कृषि क्षेत्र
नकटुवा,5,435,आवासिय क्षेत्र
नकटुवा,5,436,आवासिय क्षेत्र
नकटुवा,5,443,आवासिय क्षेत्र
नकटुवा,5,444,आवासिय क्षेत्र
नकटुवा,5,445,आवासिय क्षेत्र
नकटुवा,5,449,कृषि क्षेत्र
नकटुवा,5,455,कृषि क्षेत्र
नकटुवा,5,456,कृषि क्षेत्र
नकटुवा,5,457,कृषि क्षेत्र
नकटुवा,5,459,कृषि क्षेत्र
नकटुवा,5,460,कृषि क्षेत्र
नकटुवा,5,467,आवासिय क्षेत्र
नकटुवा,5,467,आवासिय क्षेत्र
नकटुवा,5,470,आवासिय क्षेत्र
नकटुवा,5,471,कृषि क्षेत्र
नकटुवा,5,472,कृषि क्षेत्र
नकटुवा,5,475,कृषि क्षेत्र
नकटुवा,5,476,कृषि क्षेत्र
नकटुवा,5,477,कृषि क्षेत्र
नकटुवा,5,478,कृषि क्षेत्र
नकटुवा,5,479,कृषि क्षेत्र
नकटुवा,5,480,आवासिय क्षेत्र
नकटुवा,5,485,आवासिय क्षेत्र
नकटुवा,5,487,आवासिय क्षेत्र
नकटुवा,5,488,आवासिय क्षेत्र
नकटुवा,5,488,आवासिय क्षेत्र
नकटुवा,5,489,आवासिय क्षेत्र
नकटुवा,5,490,कृषि क्षेत्र
नकटुवा,5,492,कृषि क्षेत्र
नकटुवा,5,494,कृषि क्षेत्र
नकटुवा,5,495,कृषि क्षेत्र
नकटुवा,5,496,आवासिय क्षेत्र
नकटुवा,5,499,आवासिय क्षेत्र
नकटुवा,5,500,कृषि क्षेत्र
नकटुवा,5,501,कृषि क्षेत्र
नकटुवा,5,502,आवासिय क्षेत्र
नकटुवा,5,503,आवासिय क्षेत्र
नकटुवा,5,506,आवासिय क्षेत्र
नकटुवा,5,507,कृषि क्षेत्र
नकटुवा,5,509,आवासिय क्षेत्र
नकटुवा,5,513,आवासिय क्षेत्र
नकटुवा,5,514,आवासिय क्षेत्र
नकटुवा,5,515,आवासिय क्षेत्र
नकटुवा,5,517,कृषि क्षेत्र
नकटुवा,5,521,कृषि क्षेत्र
नकटुवा,5,522,कृषि क्षेत्र
नकटुवा,5,527,आवासिय क्षेत्र
नकटुवा,5,530,आवासिय क्षेत्र
नकटुवा,5,531,आवासिय क्षेत्र
नकटुवा,5,532,आवासिय क्षेत्र
नकटुवा,5,539,आवासिय क्षेत्र
नकटुवा,5,540,आवासिय क्षेत्र
नकटुवा,5,541,आवासिय क्षेत्र
नकटुवा,5,552,कृषि क्षेत्र
नकटुवा,5,556,कृषि क्षेत्र
नकटुवा,5,557,कृषि क्षेत्र
नकटुवा,5,558,कृषि क्षेत्र
नकटुवा,5,559,कृषि क्षेत्र
नकटुवा,5,563,कृषि क्षेत्र
नकटुवा,5,565,कृषि क्षेत्र
नकटुवा,5,566,कृषि क्षेत्र
नकटुवा,5,567,कृषि क्षेत्र
नकटुवा,5,568,आवासिय क्षेत्र
नकटुवा,5,569,आवासिय क्षेत्र
नकटुवा,5,570,आवासिय क्षेत्र
नकटुवा,5,577,कृषि क्षेत्र
नकटुवा,5,578,कृषि क्षेत्र
नकटुवा,5,579,कृषि क्षेत्र
नकटुवा,5,586,आवासिय क्षेत्र
नकटुवा,5,587,आवासिय क्षेत्र
नकटुवा,5,588,आवासिय क्षेत्र
नकटुवा,5,589,आवासिय क्षेत्र
नकटुवा,5,596,आवासिय क्षेत्र
नकटुवा,5,597,आवासिय क्षेत्र
नकटुवा,5,598,आवासिय क्षेत्र
नकटुवा,5,599,आवासिय क्षेत्र
नकटुवा,5,600,आवासिय क्षेत्र
नकटुवा,5,601,आवासिय क्षेत्र
नकटुवा,5,607,कृषि क्षेत्र
नकटुवा,5,608,कृषि क्षेत्र
नकटुवा,5,609,आवासिय क्षेत्र
नकटुवा,5,610,आवासिय क्षेत्र
नकटुवा,5,611,कृषि क्षेत्र
नकटुवा,5,612,कृषि क्षेत्र
नकटुवा,5,613,कृषि क्षेत्र
नकटुवा,5,614,आवासिय क्षेत्र
नकटुवा,5,615,आवासिय क्षेत्र
नकटुवा,5,616,आवासिय क्षेत्र
नकटुवा,5,617,आवासिय क्षेत्र
नकटुवा,5,618,आवासिय क्षेत्र
नकटुवा,5,625,आवासिय क्षेत्र
नकटुवा,5,629,कृषि क्षेत्र
नकटुवा,5,630,कृषि क्षेत्र
नकटुवा,5,639,कृषि क्षेत्र
नकटुवा,5,640,कृषि क्षेत्र
नकटुवा,5,642,आवासिय क्षेत्र
नकटुवा,5,643,आवासिय क्षेत्र
नकटुवा,5,647,आवासिय क्षेत्र
नकटुवा,5,648,आवासिय क्षेत्र
नकटुवा,5,649,आवासिय क्षेत्र
नकटुवा,5,650,आवासिय क्षेत्र
नकटुवा,5,651,आवासिय क्षेत्र
नकटुवा,5,661,आवासिय क्षेत्र
नकटुवा,5,662,आवासिय क्षेत्र
नकटुवा,5,663,आवासिय क्षेत्र
नकटुवा,5,664,कृषि क्षेत्र
नकटुवा,5,665,कृषि क्षेत्र
नकटुवा,5,666,आवासिय क्षेत्र
नकटुवा,5,670,कृषि क्षेत्र
नकटुवा,5,671,कृषि क्षेत्र
नकटुवा,5,680,आवासिय क्षेत्र
नकटुवा,5,681,आवासिय क्षेत्र
नकटुवा,5,684,कृषि क्षेत्र
नकटुवा,5,688,कृषि क्षेत्र
नकटुवा,5,689,कृषि क्षेत्र
नकटुवा,5,690,आवासिय क्षेत्र
नकटुवा,5,691,आवासिय क्षेत्र
नकटुवा,5,692,आवासिय क्षेत्र
नकटुवा,5,693,आवासिय क्षेत्र
नकटुवा,5,694,आवासिय क्षेत्र
नकटुवा,5,695,आवासिय क्षेत्र
नकटुवा,5,696,आवासिय क्षेत्र
नकटुवा,5,697,कृषि क्षेत्र
नकटुवा,5,703,कृषि क्षेत्र
नकटुवा,5,704,कृषि क्षेत्र
नकटुवा,5,707,आवासिय क्षेत्र
नकटुवा,5,708,आवासिय क्षेत्र
नकटुवा,5,711,आवासिय क्षेत्र
नकटुवा,5,712,आवासिय क्षेत्र
नकटुवा,5,713,आवासिय क्षेत्र
नकटुवा,5,714,आवासिय क्षेत्र
नकटुवा,5,715,आवासिय क्षेत्र
नकटुवा,5,716,आवासिय क्षेत्र
नकटुवा,5,717,आवासिय क्षेत्र
नकटुवा,5,718,आवासिय क्षेत्र
नकटुवा,5,719,कृषि क्षेत्र
नकटुवा,5,720,कृषि क्षेत्र
नकटुवा,5,721,कृषि क्षेत्र
नकटुवा,5,722,कृषि क्षेत्र
नकटुवा,5,723,कृषि क्षेत्र
नकटुवा,5,724,कृषि क्षेत्र
नकटुवा,5,727,आवासिय क्षेत्र
नकटुवा,5,728,आवासिय क्षेत्र
नकटुवा,5,729,आवासिय क्षेत्र
नकटुवा,5,730,आवासिय क्षेत्र
नकटुवा,5,731,आवासिय क्षेत्र
नकटुवा,5,732,कृषि क्षेत्र
नकटुवा,5,734,कृषि क्षेत्र
नकटुवा,5,735,कृषि क्षेत्र
नकटुवा,5,736,कृषि क्षेत्र
नकटुवा,5,737,कृषि क्षेत्र
नकटुवा,5,740,कृषि क्षेत्र
नकटुवा,5,741,कृषि क्षेत्र
नकटुवा,5,742,कृषि क्षेत्र
नकटुवा,5,743,कृषि क्षेत्र
नकटुवा,5,744,आवासिय क्षेत्र
नकटुवा,5,746,आवासिय क्षेत्र
नकटुवा,5,747,आवासिय क्षेत्र
नकटुवा,5,749,आवासिय क्षेत्र
नकटुवा,5,751,आवासिय क्षेत्र
नकटुवा,5,753,आवासिय क्षेत्र
नकटुवा,5,754,आवासिय क्षेत्र
नकटुवा,5,755,आवासिय क्षेत्र
नकटुवा,5,756,आवासिय क्षेत्र
नकटुवा,5,757,आवासिय क्षेत्र
नकटुवा,5,758,आवासिय क्षेत्र
नकटुवा,5,759,आवासिय क्षेत्र
नकटुवा,5,760,आवासिय क्षेत्र
नकटुवा,5,761,आवासिय क्षेत्र
नकटुवा,5,762,आवासिय क्षेत्र
नकटुवा,5,763,आवासिय क्षेत्र
नकटुवा,5,764,आवासिय क्षेत्र
नकटुवा,5,766,कृषि क्षेत्र
नकटुवा,5,767,कृषि क्षेत्र
नकटुवा,5,768,कृषि क्षेत्र
नकटुवा,5,771,कृषि क्षेत्र
नकटुवा,5,772,कृषि क्षेत्र
नकटुवा,5,773,कृषि क्षेत्र
नकटुवा,5,774,आवासिय क्षेत्र
नकटुवा,5,775,आवासिय क्षेत्र
नकटुवा,5,776,आवासिय क्षेत्र
नकटुवा,5,777,कृषि क्षेत्र
नकटुवा,5,778,कृषि क्षेत्र
नकटुवा,5,779,कृषि क्षेत्र
नकटुवा,5,780,कृषि क्षेत्र
नकटुवा,5,781,कृषि क्षेत्र
नकटुवा,5,782,कृषि क्षेत्र
नकटुवा,5,783,कृषि क्षेत्र
नकटुवा,5,784,कृषि क्षेत्र
नकटुवा,5,785,कृषि क्षेत्र
नकटुवा,5,786,कृषि क्षेत्र
नकटुवा,5,787,कृषि क्षेत्र
नकटुवा,5,788,कृषि क्षेत्र
नकटुवा,5,790,आवासिय क्षेत्र
नकटुवा,5,791,आवासिय क्षेत्र
नकटुवा,5,792,आवासिय क्षेत्र
नकटुवा,5,793,आवासिय क्षेत्र
नकटुवा,5,794,आवासिय क्षेत्र
नकटुवा,5,795,आवासिय क्षेत्र
नकटुवा,5,796,कृषि क्षेत्र
नकटुवा,5,797,कृषि क्षेत्र
नकटुवा,5,798,कृषि क्षेत्र
नकटुवा,5,799,कृषि क्षेत्र
नकटुवा,5,800,कृषि क्षेत्र
नकटुवा,5,801,कृषि क्षेत्र
नकटुवा,5,802,कृषि क्षेत्र
नकटुवा,5,803,कृषि क्षेत्र
नकटुवा,5,804,आवासिय क्षेत्र
नकटुवा,5,805,आवासिय क्षेत्र
नकटुवा,5,806,आवासिय क्षेत्र
नकटुवा,5,807,आवासिय क्षेत्र
नकटुवा,5,808,कृषि क्षेत्र
नकटुवा,5,809,कृषि क्षेत्र
नकटुवा,5,812,आवासिय क्षेत्र
नकटुवा,5,813,आवासिय क्षेत्र
नकटुवा,5,814,कृषि क्षेत्र
नकटुवा,5,815,आवासिय क्षेत्र
नकटुवा,5,816,कृषि क्षेत्र
नकटुवा,5,817,कृषि क्षेत्र
नकटुवा,5,818,कृषि क्षेत्र
नकटुवा,5,819,कृषि क्षेत्र
नकटुवा,5,820,कृषि क्षेत्र
नकटुवा,5,821,कृषि क्षेत्र
नकटुवा,5,822,कृषि क्षेत्र
नकटुवा,5,823,आवासिय क्षेत्र
नकटुवा,5,824,आवासिय क्षेत्र
नकटुवा,5,999,आवासिय क्षेत्र
नकटुवा,5,9891,सार्वजनिक उपयोग क्षेत्र
नकटुवा,5,9894,कृषि क्षेत्र
नकटुवा,5,9898,कृषि क्षेत्र
नकटुवा,5,9900,कृषि क्षेत्र
नकटुवा,5,9902,कृषि क्षेत्र
नकटुवा,5,9903,कृषि क्षेत्र
नकटुवा,5,9905,कृषि क्षेत्र
नकटुवा,5,9907,सार्वजनिक उपयोग क्षेत्र
नकटुवा,5,9912,आवासिय क्षेत्र
नकटुवा,5,9919,आवासिय क्षेत्र
नकटुवा,5,9922,कृषि क्षेत्र
नकटुवा,5,9923,कृषि क्षेत्र
नकटुवा,5,9924,आवासिय क्षेत्र
नकटुवा,5,9933,आवासिय क्षेत्र
नकटुवा,5,9935,आवासिय क्षेत्र
नकटुवा,5,9940,आवासिय क्षेत्र
नकटुवा,5,9943,आवासिय क्षेत्र
नकटुवा,5,9944,कृषि क्षेत्र
नकटुवा,5,9945,कृषि क्षेत्र
नकटुवा,5,9946,कृषि क्षेत्र
नकटुवा,5,9947,कृषि क्षेत्र
नकटुवा,5,9948,कृषि क्षेत्र
नकटुवा,5,9959,"नदी, खोला, ताल, सिमसार क्षेत्र"
नकटुवा,5,9962,आवासिय क्षेत्र
नकटुवा,5,9965,कृषि क्षेत्र
नकटुवा,5,9967,कृषि क्षेत्र
नकटुवा,5,9968,आवासिय क्षेत्र
नकटुवा,5,9969,कृषि क्षेत्र
नकटुवा,5,9974,कृषि क्षेत्र
नकटुवा,5,9975,कृषि क्षेत्र
नकटुवा,5,9976,कृषि क्षेत्र
नकटुवा,5,9984,कृषि क्षेत्र
नकटुवा,5,9985,कृषि क्षेत्र
नकटुवा,5,9990,कृषि क्षेत्र
नकटुवा,5,9992,कृषि क्षेत्र
नकटुवा,5,9993,आवासिय क्षेत्र
नकटुवा,5,9994,कृषि क्षेत्र
नकटुवा,5,9995,कृषि क्षेत्र
नकटुवा,5,9996,कृषि क्षेत्र
नकटुवा,5,9997,कृषि क्षेत्र
नकटुवा,5,9998,कृषि क्षेत्र
नकटुवा,5,9999,कृषि क्षेत्र
नकटुवा,5 गाउँ,3,आवासिय क्षेत्र
नकटुवा,5 गाउँ,4,आवासिय क्षेत्र
नकटुवा,5 गाउँ,10,आवासिय क्षेत्र
नकटुवा,5 गाउँ,19,आवासिय क्षेत्र
नकटुवा,5 गाउँ,20,आवासिय क्षेत्र
नकटुवा,5 गाउँ,21,आवासिय क्षेत्र
नकटुवा,5 गाउँ,23,आवासिय क्षेत्र
नकटुवा,5 गाउँ,26,आवासिय क्षेत्र
नकटुवा,5 गाउँ,27,आवासिय क्षेत्र
नकटुवा,5 गाउँ,29,आवासिय क्षेत्र
नकटुवा,5 गाउँ,30,आवासिय क्षेत्र
नकटुवा,5 गाउँ,31,आवासिय क्षेत्र
नकटुवा,5 गाउँ,32,आवासिय क्षेत्र
नकटुवा,5 गाउँ,33,आवासिय क्षेत्र
नकटुवा,5 गाउँ,34,आवासिय क्षेत्र
नकटुवा,5 गाउँ,35,आवासिय क्षेत्र
नकटुवा,5 गाउँ,36,आवासिय क्षेत्र
नकटुवा,5 गाउँ,38,आवासिय क्षेत्र
नकटुवा,5 गाउँ,39,आवासिय क्षेत्र
नकटुवा,5 गाउँ,41,आवासिय क्षेत्र
नकटुवा,5 गाउँ,43,आवासिय क्षेत्र
नकटुवा,5 गाउँ,44,आवासिय क्षेत्र
नकटुवा,5 गाउँ,45,आवासिय क्षेत्र
नकटुवा,5 गाउँ,47,आवासिय क्षेत्र
नकटुवा,5 गाउँ,48,आवासिय क्षेत्र
नकटुवा,5 गाउँ,49,आवासिय क्षेत्र
नकटुवा,5 गाउँ,50,आवासिय क्षेत्र
नकटुवा,5 गाउँ,55,आवासिय क्षेत्र
नकटुवा,5 गाउँ,56,आवासिय क्षेत्र
नकटुवा,5 गाउँ,58,आवासिय क्षेत्र
नकटुवा,5 गाउँ,59,आवासिय क्षेत्र
नकटुवा,5 गाउँ,60,आवासिय क्षेत्र
नकटुवा,5 गाउँ,61,आवासिय क्षेत्र
नकटुवा,5 गाउँ,62,आवासिय क्षेत्र
नकटुवा,5 गाउँ,63,आवासिय क्षेत्र
नकटुवा,5 गाउँ,65,आवासिय क्षेत्र
नकटुवा,5 गाउँ,67,आवासिय क्षेत्र
नकटुवा,5 गाउँ,68,आवासिय क्षेत्र
नकटुवा,5 गाउँ,69,आवासिय क्षेत्र
नकटुवा,5 गाउँ,70,आवासिय क्षेत्र
नकटुवा,5 गाउँ,71,आवासिय क्षेत्र
नकटुवा,5 गाउँ,73,आवासिय क्षेत्र
नकटुवा,5 गाउँ,75,आवासिय क्षेत्र
नकटुवा,5 गाउँ,76,आवासिय क्षेत्र
नकटुवा,5 गाउँ,78,आवासिय क्षेत्र
नकटुवा,5 गाउँ,79,आवासिय क्षेत्र
नकटुवा,5 गाउँ,81,आवासिय क्षेत्र
नकटुवा,5 गाउँ,82,आवासिय क्षेत्र
नकटुवा,5 गाउँ,83,आवासिय क्षेत्र
नकटुवा,5 गाउँ,84,आवासिय क्षेत्र
नकटुवा,5 गाउँ,85,आवासिय क्षेत्र
नकटुवा,5 गाउँ,86,आवासिय क्षेत्र
नकटुवा,5 गाउँ,90,आवासिय क्षेत्र
नकटुवा,5 गाउँ,91,आवासिय क्षेत्र
नकटुवा,5 गाउँ,92,आवासिय क्षेत्र
नकटुवा,5 गाउँ,93,आवासिय क्षेत्र
नकटुवा,5 गाउँ,94,आवासिय क्षेत्र
नकटुवा,5 गाउँ,95,आवासिय क्षेत्र
नकटुवा,5 गाउँ,96,आवासिय क्षेत्र
नकटुवा,5 गाउँ,97,आवासिय क्षेत्र
नकटुवा,5 गाउँ,98,आवासिय क्षेत्र
नकटुवा,5 गाउँ,99,आवासिय क्षेत्र
नकटुवा,5 गाउँ,102,आवासिय क्षेत्र
नकटुवा,5 गाउँ,104,आवासिय क्षेत्र
नकटुवा,5 गाउँ,105,आवासिय क्षेत्र
नकटुवा,5 गाउँ,106,आवासिय क्षेत्र
नकटुवा,5 गाउँ,109,आवासिय क्षेत्र
नकटुवा,5 गाउँ,114,आवासिय क्षेत्र
नकटुवा,5 गाउँ,115,आवासिय क्षेत्र
नकटुवा,5 गाउँ,116,आवासिय क्षेत्र
नकटुवा,5 गाउँ,117,आवासिय क्षेत्र
नकटुवा,5 गाउँ,118,आवासिय क्षेत्र
नकटुवा,5 गाउँ,119,आवासिय क्षेत्र
नकटुवा,5 गाउँ,122,आवासिय क्षेत्र
नकटुवा,5 गाउँ,123,आवासिय क्षेत्र
नकटुवा,5 गाउँ,124,आवासिय क्षेत्र
नकटुवा,5 गाउँ,125,आवासिय क्षेत्र
नकटुवा,5 गाउँ,126,आवासिय क्षेत्र
नकटुवा,5 गाउँ,127,आवासिय क्षेत्र
नकटुवा,5 गाउँ,128,आवासिय क्षेत्र
नकटुवा,5 गाउँ,129,आवासिय क्षेत्र
नकटुवा,5 गाउँ,130,आवासिय क्षेत्र
नकटुवा,5 गाउँ,131,आवासिय क्षेत्र
नकटुवा,5 गाउँ,132,आवासिय क्षेत्र
नकटुवा,5 गाउँ,133,आवासिय क्षेत्र
नकटुवा,5 गाउँ,134,आवासिय क्षेत्र
नकटुवा,5 गाउँ,135,आवासिय क्षेत्र
नकटुवा,5 गाउँ,9970,"नदी, खोला, ताल, सिमसार क्षेत्र"
नकटुवा,5 गाउँ,9973,आवासिय क्षेत्र
नकटुवा,5 गाउँ,9978,आवासिय क्षेत्र
नकटुवा,5 गाउँ,9979,आवासिय क्षेत्र
नकटुवा,5 गाउँ,9980,आवासिय क्षेत्र
नकटुवा,5 गाउँ,9981,आवासिय क्षेत्र
नकटुवा,5 गाउँ,9982,आवासिय क्षेत्र
नकटुवा,5 गाउँ,9985,आवासिय क्षेत्र
नकटुवा,5 गाउँ,9986,आवासिय क्षेत्र
नकटुवा,5 गाउँ,9987,आवासिय क्षेत्र
नकटुवा,5 गाउँ,9988,आवासिय क्षेत्र
नकटुवा,5 गाउँ,9990,आवासिय क्षेत्र
नकटुवा,5 गाउँ,9991,आवासिय क्षेत्र
नकटुवा,5 गाउँ,9992,आवासिय क्षेत्र
नकटुवा,5 गाउँ,9994,आवासिय क्षेत्र
नकटुवा,5 गाउँ,9995,आवासिय क्षेत्र
नकटुवा,5 गाउँ,9996,आवासिय क्षेत्र
नकटुवा,5 गाउँ,9997,आवासिय क्षेत्र
नकटुवा,5 गाउँ,9998,आवासिय क्षेत्र
नकटुवा,5 गाउँ,9999,आवासिय क्षेत्र
नकटुवा,5 नहर,272,सार्वजनिक उपयोग क्षेत्र
नकटुवा,5 नहर,275,आवासिय क्षेत्र
नकटुवा,5 नहर,310,आवासिय क्षेत्र
नकटुवा,5 नहर,418,आवासिय क्षेत्र
नकटुवा,5 नहर,419,आवासिय क्षेत्र
नकटुवा,5 नहर,560,आवासिय क्षेत्र
नकटुवा,5 नहर,561,आवासिय क्षेत्र
नकटुवा,5 नहर,575,आवासिय क्षेत्र
नकटुवा,5 नहर,576,आवासिय क्षेत्र
नकटुवा,5 नहर,582,आवासिय क्षेत्र
नकटुवा,5 नहर,672,आवासिय क्षेत्र
नकटुवा,5 नहर,673,आवासिय क्षेत्र
नकटुवा,5 नहर,674,आवासिय क्षेत्र
नकटुवा,5 नहर,675,आवासिय क्षेत्र
नकटुवा,5 नहर,676,आवासिय क्षेत्र
नकटुवा,5 नहर,677,आवासिय क्षेत्र
नकटुवा,5 नहर,678,आवासिय क्षेत्र
नकटुवा,5 नहर,679,आवासिय क्षेत्र
नकटुवा,5 नहर,699,आवासिय क्षेत्र
नकटुवा,5 नहर,709,आवासिय क्षेत्र
नकटुवा,5 नहर,710,आवासिय क्षेत्र
नकटुवा,5 नहर,999983,सार्वजनिक उपयोग क्षेत्र
नकटुवा,5 नहर,999984,सार्वजनिक उपयोग क्षेत्र
नकटुवा,5 नहर,999988,आवासिय क्षेत्र
नकटुवा,5 नहर,999989,आवासिय क्षेत्र
नकटुवा,5 नहर,999990,सार्वजनिक उपयोग क्षेत्र
नकटुवा,5 नहर,999991,सार्वजनिक उपयोग क्षेत्र
नकटुवा,5 नहर,999992,आवासिय क्षेत्र
नकटुवा,5 नहर,999993,आवासिय क्षेत्र
नकटुवा,5 नहर,999999,सार्वजनिक उपयोग क्षेत्र
नकटुवा,6,3,आवासिय क्षेत्र
नकटुवा,6,5,आवासिय क्षेत्र
नकटुवा,6,6,आवासिय क्षेत्र
नकटुवा,6,7,आवासिय क्षेत्र
नकटुवा,6,8,आवासिय क्षेत्र
नकटुवा,6,9,आवासिय क्षेत्र
नकटुवा,6,10,आवासिय क्षेत्र
नकटुवा,6,11,आवासिय क्षेत्र
नकटुवा,6,12,आवासिय क्षेत्र
नकटुवा,6,16,आवासिय क्षेत्र
नकटुवा,6,17,आवासिय क्षेत्र
नकटुवा,6,18,आवासिय क्षेत्र
नकटुवा,6,19,आवासिय क्षेत्र
नकटुवा,6,20,आवासिय क्षेत्र
नकटुवा,6,21,आवासिय क्षेत्र
नकटुवा,6,22,आवासिय क्षेत्र
नकटुवा,6,23,आवासिय क्षेत्र
नकटुवा,6,24,आवासिय क्षेत्र
नकटुवा,6,27,आवासिय क्षेत्र
नकटुवा,6,28,आवासिय क्षेत्र
नकटुवा,6,29,आवासिय क्षेत्र
नकटुवा,6,30,आवासिय क्षेत्र
नकटुवा,6,31,आवासिय क्षेत्र
नकटुवा,6,32,आवासिय क्षेत्र
नकटुवा,6,33,आवासिय क्षेत्र
नकटुवा,6,35,आवासिय क्षेत्र
नकटुवा,6,37,आवासिय क्षेत्र
नकटुवा,6,39,आवासिय क्षेत्र
नकटुवा,6,40,आवासिय क्षेत्र
नकटुवा,6,41,आवासिय क्षेत्र
नकटुवा,6,44,आवासिय क्षेत्र
नकटुवा,6,45,आवासिय क्षेत्र
नकटुवा,6,46,आवासिय क्षेत्र
नकटुवा,6,47,आवासिय क्षेत्र
नकटुवा,6,48,आवासिय क्षेत्र
नकटुवा,6,49,आवासिय क्षेत्र
नकटुवा,6,50,आवासिय क्षेत्र
नकटुवा,6,51,आवासिय क्षेत्र
नकटुवा,6,52,आवासिय क्षेत्र
नकटुवा,6,53,आवासिय क्षेत्र
नकटुवा,6,54,आवासिय क्षेत्र
नकटुवा,6,55,आवासिय क्षेत्र
नकटुवा,6,56,आवासिय क्षेत्र
नकटुवा,6,57,आवासिय क्षेत्र
नकटुवा,6,58,आवासिय क्षेत्र
नकटुवा,6,59,कृषि क्षेत्र
नकटुवा,6,63,आवासिय क्षेत्र
नकटुवा,6,66,आवासिय क्षेत्र
नकटुवा,6,67,आवासिय क्षेत्र
नकटुवा,6,68,आवासिय क्षेत्र
नकटुवा,6,69,आवासिय क्षेत्र
नकटुवा,6,70,आवासिय क्षेत्र
नकटुवा,6,71,आवासिय क्षेत्र
नकटुवा,6,72,आवासिय क्षेत्र
नकटुवा,6,73,आवासिय क्षेत्र
नकटुवा,6,75,आवासिय क्षेत्र
नकटुवा,6,77,आवासिय क्षेत्र
नकटुवा,6,78,आवासिय क्षेत्र
नकटुवा,6,81,आवासिय क्षेत्र
नकटुवा,6,82,आवासिय क्षेत्र
नकटुवा,6,83,आवासिय क्षेत्र
नकटुवा,6,84,आवासिय क्षेत्र
नकटुवा,6,85,आवासिय क्षेत्र
नकटुवा,6,86,आवासिय क्षेत्र
नकटुवा,6,87,आवासिय क्षेत्र
नकटुवा,6,88,आवासिय क्षेत्र
नकटुवा,6,90,आवासिय क्षेत्र
नकटुवा,6,91,आवासिय क्षेत्र
नकटुवा,6,92,आवासिय क्षेत्र
नकटुवा,6,93,आवासिय क्षेत्र
नकटुवा,6,94,आवासिय क्षेत्र
नकटुवा,6,96,आवासिय क्षेत्र
नकटुवा,6,97,कृषि क्षेत्र
नकटुवा,6,98,कृषि क्षेत्र
नकटुवा,6,100,आवासिय क्षेत्र
नकटुवा,6,101,आवासिय क्षेत्र
नकटुवा,6,102,आवासिय क्षेत्र
नकटुवा,6,103,आवासिय क्षेत्र
नकटुवा,6,104,आवासिय क्षेत्र
नकटुवा,6,105,कृषि क्षेत्र
नकटुवा,6,106,आवासिय क्षेत्र
नकटुवा,6,107,आवासिय क्षेत्र
नकटुवा,6,108,कृषि क्षेत्र
नकटुवा,6,109,कृषि क्षेत्र
नकटुवा,6,110,कृषि क्षेत्र
नकटुवा,6,111,आवासिय क्षेत्र
नकटुवा,6,112,कृषि क्षेत्र
नकटुवा,6,113,कृषि क्षेत्र
नकटुवा,6,114,आवासिय क्षेत्र
नकटुवा,6,116,आवासिय क्षेत्र
नकटुवा,6,118,कृषि क्षेत्र
नकटुवा,6,119,कृषि क्षेत्र
नकटुवा,6,121,कृषि क्षेत्र
नकटुवा,6,125,कृषि क्षेत्र
नकटुवा,6,127,कृषि क्षेत्र
नकटुवा,6,129,आवासिय क्षेत्र
नकटुवा,6,130,कृषि क्षेत्र
नकटुवा,6,133,आवासिय क्षेत्र
नकटुवा,6,135,आवासिय क्षेत्र
नकटुवा,6,141,आवासिय क्षेत्र
नकटुवा,6,142,आवासिय क्षेत्र
नकटुवा,6,144,आवासिय क्षेत्र
नकटुवा,6,145,कृषि क्षेत्र
नकटुवा,6,146,कृषि क्षेत्र
नकटुवा,6,147,कृषि क्षेत्र
नकटुवा,6,148,कृषि क्षेत्र
नकटुवा,6,150,कृषि क्षेत्र
नकटुवा,6,151,कृषि क्षेत्र
नकटुवा,6,152,कृषि क्षेत्र
नकटुवा,6,154,कृषि क्षेत्र
नकटुवा,6,155,कृषि क्षेत्र
नकटुवा,6,156,कृषि क्षेत्र
नकटुवा,6,156,आवासिय क्षेत्र
नकटुवा,6,157,कृषि क्षेत्र
नकटुवा,6,158,कृषि क्षेत्र
नकटुवा,6,161,कृषि क्षेत्र
नकटुवा,6,163,कृषि क्षेत्र
नकटुवा,6,164,कृषि क्षेत्र
नकटुवा,6,165,कृषि क्षेत्र
नकटुवा,6,166,कृषि क्षेत्र
नकटुवा,6,167,कृषि क्षेत्र
नकटुवा,6,168,कृषि क्षेत्र
नकटुवा,6,170,कृषि क्षेत्र
नकटुवा,6,171,कृषि क्षेत्र
नकटुवा,6,172,कृषि क्षेत्र
नकटुवा,6,178,आवासिय क्षेत्र
नकटुवा,6,179,आवासिय क्षेत्र
नकटुवा,6,182,कृषि क्षेत्र
नकटुवा,6,183,कृषि क्षेत्र
नकटुवा,6,184,आवासिय क्षेत्र
नकटुवा,6,185,आवासिय क्षेत्र
नकटुवा,6,206,आवासिय क्षेत्र
नकटुवा,6,207,आवासिय क्षेत्र
नकटुवा,6,214,आवासिय क्षेत्र
नकटुवा,6,217,आवासिय क्षेत्र
नकटुवा,6,218,आवासिय क्षेत्र
नकटुवा,6,219,आवासिय क्षेत्र
नकटुवा,6,221,कृषि क्षेत्र
नकटुवा,6,222,आवासिय क्षेत्र
नकटुवा,6,223,आवासिय क्षेत्र
नकटुवा,6,224,कृषि क्षेत्र
नकटुवा,6,225,आवासिय क्षेत्र
नकटुवा,6,226,कृषि क्षेत्र
नकटुवा,6,227,आवासिय क्षेत्र
नकटुवा,6,230,आवासिय क्षेत्र
नकटुवा,6,231,आवासिय क्षेत्र
नकटुवा,6,231,आवासिय क्षेत्र
नकटुवा,6,232,आवासिय क्षेत्र
नकटुवा,6,233,आवासिय क्षेत्र
नकटुवा,6,237,आवासिय क्षेत्र
नकटुवा,6,238,कृषि क्षेत्र
नकटुवा,6,239,कृषि क्षेत्र
नकटुवा,6,240,कृषि क्षेत्र
नकटुवा,6,241,कृषि क्षेत्र
नकटुवा,6,243,आवासिय क्षेत्र
नकटुवा,6,244,आवासिय क्षेत्र
नकटुवा,6,305,आवासिय क्षेत्र
नकटुवा,6,306,आवासिय क्षेत्र
नकटुवा,6,307,आवासिय क्षेत्र
नकटुवा,6,308,आवासिय क्षेत्र
नकटुवा,6,309,आवासिय क्षेत्र
नकटुवा,6,310,आवासिय क्षेत्र
नकटुवा,6,311,आवासिय क्षेत्र
नकटुवा,6,312,आवासिय क्षेत्र
नकटुवा,6,313,आवासिय क्षेत्र
नकटुवा,6,314,आवासिय क्षेत्र
नकटुवा,6,328,आवासिय क्षेत्र
नकटुवा,6,329,आवासिय क्षेत्र
नकटुवा,6,335,आवासिय क्षेत्र
नकटुवा,6,338,आवासिय क्षेत्र
नकटुवा,6,339,आवासिय क्षेत्र
नकटुवा,6,340,आवासिय क्षेत्र
नकटुवा,6,344,आवासिय क्षेत्र
नकटुवा,6,345,आवासिय क्षेत्र
नकटुवा,6,346,आवासिय क्षेत्र
नकटुवा,6,347,आवासिय क्षेत्र
नकटुवा,6,348,आवासिय क्षेत्र
नकटुवा,6,373,आवासिय क्षेत्र
नकटुवा,6,375,कृषि क्षेत्र
नकटुवा,6,379,आवासिय क्षेत्र
नकटुवा,6,380,आवासिय क्षेत्र
नकटुवा,6,381,आवासिय क्षेत्र
नकटुवा,6,384,आवासिय क्षेत्र
नकटुवा,6,385,कृषि क्षेत्र
नकटुवा,6,386,आवासिय क्षेत्र
नकटुवा,6,387,कृषि क्षेत्र
नकटुवा,6,390,कृषि क्षेत्र
नकटुवा,6,391,कृषि क्षेत्र
नकटुवा,6,396,आवासिय क्षेत्र
नकटुवा,6,427,आवासिय क्षेत्र
नकटुवा,6,428,आवासिय क्षेत्र
नकटुवा,6,429,आवासिय क्षेत्र
नकटुवा,6,430,आवासिय क्षेत्र
नकटुवा,6,431,कृषि क्षेत्र
नकटुवा,6,434,आवासिय क्षेत्र
नकटुवा,6,435,आवासिय क्षेत्र
नकटुवा,6,436,आवासिय क्षेत्र
नकटुवा,6,437,आवासिय क्षेत्र
नकटुवा,6,438,आवासिय क्षेत्र
नकटुवा,6,439,आवासिय क्षेत्र
नकटुवा,6,440,कृषि क्षेत्र
नकटुवा,6,441,कृषि क्षेत्र
नकटुवा,6,442,कृषि क्षेत्र
नकटुवा,6,458,आवासिय क्षेत्र
नकटुवा,6,459,आवासिय क्षेत्र
नकटुवा,6,460,आवासिय क्षेत्र
नकटुवा,6,461,कृषि क्षेत्र
नकटुवा,6,462,कृषि क्षेत्र
नकटुवा,6,463,कृषि क्षेत्र
नकटुवा,6,468,कृषि क्षेत्र
नकटुवा,6,469,आवासिय क्षेत्र
नकटुवा,6,470,कृषि क्षेत्र
नकटुवा,6,471,कृषि क्षेत्र
नकटुवा,6,511,आवासिय क्षेत्र
नकटुवा,6,512,आवासिय क्षेत्र
नकटुवा,6,530,आवासिय क्षेत्र
नकटुवा,6,532,आवासिय क्षेत्र
नकटुवा,6,533,आवासिय क्षेत्र
नकटुवा,6,534,आवासिय क्षेत्र
नकटुवा,6,535,आवासिय क्षेत्र
नकटुवा,6,574,आवासिय क्षेत्र
नकटुवा,6,575,आवासिय क्षेत्र
नकटुवा,6,575,आवासिय क्षेत्र
नकटुवा,6,576,आवासिय क्षेत्र
नकटुवा,6,579,आवासिय क्षेत्र
नकटुवा,6,580,आवासिय क्षेत्र
नकटुवा,6,585,कृषि क्षेत्र
नकटुवा,6,593,आवासिय क्षेत्र
नकटुवा,6,594,आवासिय क्षेत्र
नकटुवा,6,595,कृषि क्षेत्र
नकटुवा,6,596,कृषि क्षेत्र
नकटुवा,6,597,आवासिय क्षेत्र
नकटुवा,6,598,आवासिय क्षेत्र
नकटुवा,6,605,आवासिय क्षेत्र
नकटुवा,6,606,आवासिय क्षेत्र
नकटुवा,6,607,आवासिय क्षेत्र
नकटुवा,6,613,कृषि क्षेत्र
नकटुवा,6,614,आवासिय क्षेत्र
नकटुवा,6,615,आवासिय क्षेत्र
नकटुवा,6,616,कृषि क्षेत्र
नकटुवा,6,617,कृषि क्षेत्र
नकटुवा,6,618,कृषि क्षेत्र
नकटुवा,6,619,कृषि क्षेत्र
नकटुवा,6,625,आवासिय क्षेत्र
नकटुवा,6,627,आवासिय क्षेत्र
नकटुवा,6,628,आवासिय क्षेत्र
नकटुवा,6,629,कृषि क्षेत्र
नकटुवा,6,630,कृषि क्षेत्र
नकटुवा,6,630,कृषि क्षेत्र
नकटुवा,6,631,आवासिय क्षेत्र
नकटुवा,6,632,आवासिय क्षेत्र
नकटुवा,6,633,कृषि क्षेत्र
नकटुवा,6,634,कृषि क्षेत्र
नकटुवा,6,646,आवासिय क्षेत्र
नकटुवा,6,647,आवासिय क्षेत्र
नकटुवा,6,648,आवासिय क्षेत्र
नकटुवा,6,9990,सार्वजनिक उपयोग क्षेत्र
नकटुवा,6,9992,आवासिय क्षेत्र
नकटुवा,6,9993,आवासिय क्षेत्र
नकटुवा,6,9996,आवासिय क्षेत्र
नकटुवा,6,9997,आवासिय क्षेत्र
नकटुवा,6,9999,आवासिय क्षेत्र
नकटुवा,6,99999,कृषि क्षेत्र
नकटुवा,6 गाउँ,1,आवासिय क्षेत्र
नकटुवा,6 गाउँ,2,आवासिय क्षेत्र
नकटुवा,6 गाउँ,3,आवासिय क्षेत्र
नकटुवा,6 गाउँ,4,आवासिय क्षेत्र
नकटुवा,6 गाउँ,7,आवासिय क्षेत्र
नकटुवा,6 गाउँ,8,आवासिय क्षेत्र
नकटुवा,6 गाउँ,10,आवासिय क्षेत्र
नकटुवा,6 गाउँ,13,आवासिय क्षेत्र
नकटुवा,6 गाउँ,14,आवासिय क्षेत्र
नकटुवा,6 गाउँ,15,आवासिय क्षेत्र
नकटुवा,6 गाउँ,16,आवासिय क्षेत्र
नकटुवा,6 गाउँ,18,आवासिय क्षेत्र
नकटुवा,6 गाउँ,19,आवासिय क्षेत्र
नकटुवा,6 गाउँ,21,आवासिय क्षेत्र
नकटुवा,6 गाउँ,22,आवासिय क्षेत्र
नकटुवा,6 गाउँ,24,आवासिय क्षेत्र
नकटुवा,6 गाउँ,25,आवासिय क्षेत्र
नकटुवा,6 गाउँ,26,आवासिय क्षेत्र
नकटुवा,6 गाउँ,27,आवासिय क्षेत्र
नकटुवा,6 गाउँ,28,आवासिय क्षेत्र
नकटुवा,6 गाउँ,29,आवासिय क्षेत्र
नकटुवा,6 गाउँ,31,आवासिय क्षेत्र
नकटुवा,6 गाउँ,34,आवासिय क्षेत्र
नकटुवा,6 गाउँ,35,आवासिय क्षेत्र
नकटुवा,6 गाउँ,36,आवासिय क्षेत्र
नकटुवा,6 गाउँ,37,आवासिय क्षेत्र
नकटुवा,6 गाउँ,38,आवासिय क्षेत्र
नकटुवा,6 गाउँ,40,आवासिय क्षेत्र
नकटुवा,6 गाउँ,44,आवासिय क्षेत्र
नकटुवा,6 गाउँ,52,आवासिय क्षेत्र
नकटुवा,6 गाउँ,54,आवासिय क्षेत्र
नकटुवा,6 गाउँ,58,आवासिय क्षेत्र
नकटुवा,6 गाउँ,59,आवासिय क्षेत्र
नकटुवा,6 गाउँ,60,आवासिय क्षेत्र
नकटुवा,6 गाउँ,66,आवासिय क्षेत्र
नकटुवा,6 गाउँ,67,आवासिय क्षेत्र
नकटुवा,6 गाउँ,68,आवासिय क्षेत्र
नकटुवा,6 गाउँ,70,आवासिय क्षेत्र
नकटुवा,6 गाउँ,72,आवासिय क्षेत्र
नकटुवा,6 गाउँ,76,आवासिय क्षेत्र
नकटुवा,6 गाउँ,77,आवासिय क्षेत्र
नकटुवा,6 गाउँ,78,आवासिय क्षेत्र
नकटुवा,6 गाउँ,79,आवासिय क्षेत्र
नकटुवा,6 गाउँ,84,आवासिय क्षेत्र
नकटुवा,6 गाउँ,85,आवासिय क्षेत्र
नकटुवा,6 गाउँ,86,आवासिय क्षेत्र
नकटुवा,6 गाउँ,87,आवासिय क्षेत्र
नकटुवा,6 गाउँ,88,आवासिय क्षेत्र
नकटुवा,6 गाउँ,92,आवासिय क्षेत्र
नकटुवा,6 गाउँ,93,आवासिय क्षेत्र
नकटुवा,6 गाउँ,94,आवासिय क्षेत्र
नकटुवा,6 गाउँ,95,आवासिय क्षेत्र
नकटुवा,6 गाउँ,96,आवासिय क्षेत्र
नकटुवा,6 गाउँ,97,आवासिय क्षेत्र
नकटुवा,6 गाउँ,98,आवासिय क्षेत्र
नकटुवा,6 गाउँ,100,आवासिय क्षेत्र
नकटुवा,6 गाउँ,101,आवासिय क्षेत्र
नकटुवा,6 गाउँ,102,आवासिय क्षेत्र
नकटुवा,6 गाउँ,103,आवासिय क्षेत्र
नकटुवा,6 गाउँ,104,आवासिय क्षेत्र
नकटुवा,6 गाउँ,105,आवासिय क्षेत्र
नकटुवा,6 गाउँ,106,आवासिय क्षेत्र
नकटुवा,6 गाउँ,107,आवासिय क्षेत्र
नकटुवा,6 गाउँ,108,आवासिय क्षेत्र
नकटुवा,6 गाउँ,109,आवासिय क्षेत्र
नकटुवा,6 गाउँ,110,आवासिय क्षेत्र
नकटुवा,6 गाउँ,111,आवासिय क्षेत्र
नकटुवा,6 गाउँ,112,आवासिय क्षेत्र
नकटुवा,6 गाउँ,113,आवासिय क्षेत्र
नकटुवा,6 गाउँ,114,आवासिय क्षेत्र
नकटुवा,6 गाउँ,115,आवासिय क्षेत्र
नकटुवा,6 गाउँ,116,आवासिय क्षेत्र
नकटुवा,6 गाउँ,117,आवासिय क्षेत्र
नकटुवा,6 गाउँ,126,आवासिय क्षेत्र
नकटुवा,6 गाउँ,127,आवासिय क्षेत्र
नकटुवा,6 गाउँ,128,आवासिय क्षेत्र
नकटुवा,6 गाउँ,129,आवासिय क्षेत्र
नकटुवा,6 गाउँ,130,आवासिय क्षेत्र
नकटुवा,6 गाउँ,131,आवासिय क्षेत्र
नकटुवा,6 गाउँ,132,आवासिय क्षेत्र
नकटुवा,6 गाउँ,9994,आवासिय क्षेत्र
नकटुवा,6 गाउँ,9995,आवासिय क्षेत्र
नकटुवा,6 गाउँ,9997,आवासिय क्षेत्र
नकटुवा,6 गाउँ,9998,आवासिय क्षेत्र
नकटुवा,6 गाउँ,9999,आवासिय क्षेत्र
नकटुवा,6 गाउँ,9999,आवासिय क्षेत्र
नकटुवा,6 नहर,0,आवासिय क्षेत्र
नकटुवा,6 नहर,0,आवासिय क्षेत्र
नकटुवा,6 नहर,0,आवासिय क्षेत्र
नकटुवा,6 नहर,0,आवासिय क्षेत्र
नकटुवा,6 नहर,0,सार्वजनिक उपयोग क्षेत्र
नकटुवा,6 नहर,4,आवासिय क्षेत्र
नकटुवा,6 नहर,52,आवासिय क्षेत्र
नकटुवा,6 नहर,69,आवासिय क्षेत्र
नकटुवा,6 नहर,71,आवासिय क्षेत्र
नकटुवा,6 नहर,96,आवासिय क्षेत्र
नकटुवा,6 नहर,175,आवासिय क्षेत्र
नकटुवा,6 नहर,227,आवासिय क्षेत्र
नकटुवा,6 नहर,248,सार्वजनिक उपयोग क्षेत्र
नकटुवा,6 नहर,253,आवासिय क्षेत्र
नकटुवा,6 नहर,254,आवासिय क्षेत्र
नकटुवा,6 नहर,255,आवासिय क्षेत्र
नकटुवा,6 नहर,256,आवासिय क्षेत्र
नकटुवा,6 नहर,257,आवासिय क्षेत्र
नकटुवा,6 नहर,261,आवासिय क्षेत्र
नकटुवा,6 नहर,264,आवासिय क्षेत्र
नकटुवा,6 नहर,265,आवासिय क्षेत्र
नकटुवा,6 नहर,269,आवासिय क्षेत्र
नकटुवा,6 नहर,270,आवासिय क्षेत्र
नकटुवा,6 नहर,272,आवासिय क्षेत्र
नकटुवा,6 नहर,277,आवासिय क्षेत्र
नकटुवा,6 नहर,277,आवासिय क्षेत्र
नकटुवा,6 नहर,278,आवासिय क्षेत्र
नकटुवा,6 नहर,281,आवासिय क्षेत्र
नकटुवा,6 नहर,282,आवासिय क्षेत्र
नकटुवा,6 नहर,282,आवासिय क्षेत्र
नकटुवा,6 नहर,284,आवासिय क्षेत्र
नकटुवा,6 नहर,285,आवासिय क्षेत्र
नकटुवा,6 नहर,286,आवासिय क्षेत्र
नकटुवा,6 नहर,287,आवासिय क्षेत्र
नकटुवा,6 नहर,289,आवासिय क्षेत्र
नकटुवा,6 नहर,291,आवासिय क्षेत्र
नकटुवा,6 नहर,295,आवासिय क्षेत्र
नकटुवा,6 नहर,296,सार्वजनिक उपयोग क्षेत्र
नकटुवा,6 नहर,299,आवासिय क्षेत्र
नकटुवा,6 नहर,300,आवासिय क्षेत्र
नकटुवा,6 नहर,301,आवासिय क्षेत्र
नकटुवा,6 नहर,302,आवासिय क्षेत्र
नकटुवा,6 नहर,349,आवासिय क्षेत्र
नकटुवा,6 नहर,370,आवासिय क्षेत्र
नकटुवा,6 नहर,371,आवासिय क्षेत्र
नकटुवा,6 नहर,433,आवासिय क्षेत्र
नकटुवा,6 नहर,475,आवासिय क्षेत्र
नकटुवा,6 नहर,476,आवासिय क्षेत्र
नकटुवा,6 नहर,477,आवासिय क्षेत्र
नकटुवा,6 नहर,478,आवासिय क्षेत्र
नकटुवा,6 नहर,484,आवासिय क्षेत्र
नकटुवा,6 नहर,485,आवासिय क्षेत्र
नकटुवा,6 नहर,486,आवासिय क्षेत्र
नकटुवा,6 नहर,488,आवासिय क्षेत्र
नकटुवा,6 नहर,489,आवासिय क्षेत्र
नकटुवा,6 नहर,490,आवासिय क्षेत्र
नकटुवा,6 नहर,491,आवासिय क्षेत्र
नकटुवा,6 नहर,501,आवासिय क्षेत्र
नकटुवा,6 नहर,538,आवासिय क्षेत्र
नकटुवा,6 नहर,539,आवासिय क्षेत्र
नकटुवा,6 नहर,551,आवासिय क्षेत्र
नकटुवा,6 नहर,552,आवासिय क्षेत्र
नकटुवा,6 नहर,559,आवासिय क्षेत्र
नकटुवा,6 नहर,560,आवासिय क्षेत्र
नकटुवा,6 नहर,561,आवासिय क्षेत्र
नकटुवा,6 नहर,564,आवासिय क्षेत्र
नकटुवा,6 नहर,565,आवासिय क्षेत्र
नकटुवा,6 नहर,566,आवासिय क्षेत्र
नकटुवा,6 नहर,567,आवासिय क्षेत्र
नकटुवा,6 नहर,578,आवासिय क्षेत्र
नकटुवा,6 नहर,589,आवासिय क्षेत्र
नकटुवा,6 नहर,590,आवासिय क्षेत्र
नकटुवा,6 नहर,601,आवासिय क्षेत्र
नकटुवा,6 नहर,602,आवासिय क्षेत्र
नकटुवा,6 नहर,603,आवासिय क्षेत्र
नकटुवा,6 नहर,604,आवासिय क्षेत्र
नकटुवा,6 नहर,608,आवासिय क्षेत्र
नकटुवा,6 नहर,609,आवासिय क्षेत्र
नकटुवा,6 नहर,610,आवासिय क्षेत्र
नकटुवा,6 नहर,621,आवासिय क्षेत्र
नकटुवा,6 नहर,622,आवासिय क्षेत्र
नकटुवा,6 नहर,623,आवासिय क्षेत्र
नकटुवा,6 नहर,624,आवासिय क्षेत्र
नकटुवा,6 नहर,635,आवासिय क्षेत्र
नकटुवा,6 नहर,636,आवासिय क्षेत्र
नकटुवा,6 नहर,637,आवासिय क्षेत्र
नकटुवा,6 नहर,638,आवासिय क्षेत्र
नकटुवा,6 नहर,639,आवासिय क्षेत्र
नकटुवा,6 नहर,640,आवासिय क्षेत्र
नकटुवा,6 नहर,641,आवासिय क्षेत्र
नकटुवा,6 नहर,642,आवासिय क्षेत्र
नकटुवा,6 नहर,992,सार्वजनिक उपयोग क्षेत्र
नकटुवा,6 नहर,998,आवासिय क्षेत्र
नकटुवा,6 नहर,9911,आवासिय क्षेत्र
नकटुवा,6 नहर,9991,आवासिय क्षेत्र
नकटुवा,6 नहर,9991,आवासिय क्षेत्र
नकटुवा,6 नहर,9992,आवासिय क्षेत्र
नकटुवा,6 नहर,9993,आवासिय क्षेत्र
नकटुवा,6 नहर,9993,आवासिय क्षेत्र
नकटुवा,6 नहर,9994,सार्वजनिक उपयोग क्षेत्र
नकटुवा,6 नहर,9997,सार्वजनिक उपयोग क्षेत्र
नकटुवा,7,2,आवासिय क्षेत्र
नकटुवा,7,3,आवासिय क्षेत्र
नकटुवा,7,4,आवासिय क्षेत्र
नकटुवा,7,5,आवासिय क्षेत्र
नकटुवा,7,6,आवासिय क्षेत्र
नकटुवा,7,7,आवासिय क्षेत्र
नकटुवा,7,8,आवासिय क्षेत्र
नकटुवा,7,9,आवासिय क्षेत्र
नकटुवा,7,10,कृषि क्षेत्र
नकटुवा,7,11,कृषि क्षेत्र
नकटुवा,7,12,कृषि क्षेत्र
नकटुवा,7,13,कृषि क्षेत्र
नकटुवा,7,14,कृषि क्षेत्र
नकटुवा,7,15,कृषि क्षेत्र
नकटुवा,7,17,कृषि क्षेत्र
नकटुवा,7,18,कृषि क्षेत्र
नकटुवा,7,21,कृषि क्षेत्र
नकटुवा,7,23,आवासिय क्षेत्र
नकटुवा,7,24,आवासिय क्षेत्र
नकटुवा,7,25,आवासिय क्षेत्र
नकटुवा,7,26,आवासिय क्षेत्र
नकटुवा,7,27,आवासिय क्षेत्र
नकटुवा,7,28,आवासिय क्षेत्र
नकटुवा,7,31,आवासिय क्षेत्र
नकटुवा,7,33,आवासिय क्षेत्र
नकटुवा,7,34,आवासिय क्षेत्र
नकटुवा,7,35,आवासिय क्षेत्र
नकटुवा,7,36,आवासिय क्षेत्र
नकटुवा,7,37,आवासिय क्षेत्र
नकटुवा,7,38,कृषि क्षेत्र
नकटुवा,7,43,आवासिय क्षेत्र
नकटुवा,7,45,कृषि क्षेत्र
नकटुवा,7,46,आवासिय क्षेत्र
नकटुवा,7,48,आवासिय क्षेत्र
नकटुवा,7,49,आवासिय क्षेत्र
नकटुवा,7,50,आवासिय क्षेत्र
नकटुवा,7,51,आवासिय क्षेत्र
नकटुवा,7,54,आवासिय क्षेत्र
नकटुवा,7,55,आवासिय क्षेत्र
नकटुवा,7,56,आवासिय क्षेत्र
नकटुवा,7,61,आवासिय क्षेत्र
नकटुवा,7,62,कृषि क्षेत्र
नकटुवा,7,64,कृषि क्षेत्र
नकटुवा,7,67,कृषि क्षेत्र
नकटुवा,7,70,आवासिय क्षेत्र
नकटुवा,7,71,आवासिय क्षेत्र
नकटुवा,7,72,आवासिय क्षेत्र
नकटुवा,7,73,आवासिय क्षेत्र
नकटुवा,7,74,आवासिय क्षेत्र
नकटुवा,7,75,आवासिय क्षेत्र
नकटुवा,7,81,आवासिय क्षेत्र
नकटुवा,7,82,आवासिय क्षेत्र
नकटुवा,7,83,आवासिय क्षेत्र
नकटुवा,7,84,आवासिय क्षेत्र
नकटुवा,7,85,आवासिय क्षेत्र
नकटुवा,7,86,आवासिय क्षेत्र
नकटुवा,7,87,आवासिय क्षेत्र
नकटुवा,7,88,आवासिय क्षेत्र
नकटुवा,7,91,आवासिय क्षेत्र
नकटुवा,7,92,आवासिय क्षेत्र
नकटुवा,7,93,आवासिय क्षेत्र
नकटुवा,7,94,आवासिय क्षेत्र
नकटुवा,7,97,आवासिय क्षेत्र
नकटुवा,7,98,आवासिय क्षेत्र
नकटुवा,7,99,आवासिय क्षेत्र
नकटुवा,7,105,कृषि क्षेत्र
नकटुवा,7,106,कृषि क्षेत्र
नकटुवा,7,107,कृषि क्षेत्र
नकटुवा,7,110,कृषि क्षेत्र
नकटुवा,7,116,कृषि क्षेत्र
नकटुवा,7,118,कृषि क्षेत्र
नकटुवा,7,119,कृषि क्षेत्र
नकटुवा,7,120,कृषि क्षेत्र
नकटुवा,7,121,कृषि क्षेत्र
नकटुवा,7,125,"नदी, खोला, ताल, सिमसार क्षेत्र"
नकटुवा,7,127,"नदी, खोला, ताल, सिमसार क्षेत्र"
नकटुवा,7,128,कृषि क्षेत्र
नकटुवा,7,129,कृषि क्षेत्र
नकटुवा,7,130,कृषि क्षेत्र
नकटुवा,7,130,कृषि क्षेत्र
नकटुवा,7,131,कृषि क्षेत्र
नकटुवा,7,133,कृषि क्षेत्र
नकटुवा,7,138,कृषि क्षेत्र
नकटुवा,7,140,कृषि क्षेत्र
नकटुवा,7,141,कृषि क्षेत्र
नकटुवा,7,146,कृषि क्षेत्र
नकटुवा,7,151,कृषि क्षेत्र
नकटुवा,7,153,कृषि क्षेत्र
नकटुवा,7,155,आवासिय क्षेत्र
नकटुवा,7,156,आवासिय क्षेत्र
नकटुवा,7,163,कृषि क्षेत्र
नकटुवा,7,166,आवासिय क्षेत्र
नकटुवा,7,167,आवासिय क्षेत्र
नकटुवा,7,169,आवासिय क्षेत्र
नकटुवा,7,173,आवासिय क्षेत्र
नकटुवा,7,174,आवासिय क्षेत्र
नकटुवा,7,178,आवासिय क्षेत्र
नकटुवा,7,179,आवासिय क्षेत्र
नकटुवा,7,180,आवासिय क्षेत्र
नकटुवा,7,181,कृषि क्षेत्र
नकटुवा,7,182,कृषि क्षेत्र
नकटुवा,7,195,कृषि क्षेत्र
नकटुवा,7,230,कृषि क्षेत्र
नकटुवा,7,231,कृषि क्षेत्र
नकटुवा,7,232,कृषि क्षेत्र
नकटुवा,7,233,कृषि क्षेत्र
नकटुवा,7,234,कृषि क्षेत्र
नकटुवा,7,235,कृषि क्षेत्र
नकटुवा,7,238,कृषि क्षेत्र
नकटुवा,7,238,कृषि क्षेत्र
नकटुवा,7,239,कृषि क्षेत्र
नकटुवा,7,240,कृषि क्षेत्र
नकटुवा,7,241,कृषि क्षेत्र
नकटुवा,7,257,आवासिय क्षेत्र
नकटुवा,7,260,कृषि क्षेत्र
नकटुवा,7,261,आवासिय क्षेत्र
नकटुवा,7,268,कृषि क्षेत्र
नकटुवा,7,269,कृषि क्षेत्र
नकटुवा,7,270,कृषि क्षेत्र
नकटुवा,7,271,कृषि क्षेत्र
नकटुवा,7,273,कृषि क्षेत्र
नकटुवा,7,290,आवासिय क्षेत्र
नकटुवा,7,291,आवासिय क्षेत्र
नकटुवा,7,292,आवासिय क्षेत्र
नकटुवा,7,293,कृषि क्षेत्र
नकटुवा,7,294,कृषि क्षेत्र
नकटुवा,7,296,कृषि क्षेत्र
नकटुवा,7,307,कृषि क्षेत्र
नकटुवा,7,309,कृषि क्षेत्र
नकटुवा,7,311,आवासिय क्षेत्र
नकटुवा,7,315,कृषि क्षेत्र
नकटुवा,7,323,कृषि क्षेत्र
नकटुवा,7,324,कृषि क्षेत्र
नकटुवा,7,325,कृषि क्षेत्र
नकटुवा,7,326,कृषि क्षेत्र
नकटुवा,7,327,आवासिय क्षेत्र
नकटुवा,7,328,आवासिय क्षेत्र
नकटुवा,7,330,आवासिय क्षेत्र
नकटुवा,7,331,आवासिय क्षेत्र
नकटुवा,7,332,आवासिय क्षेत्र
नकटुवा,7,335,कृषि क्षेत्र
नकटुवा,7,339,आवासिय क्षेत्र
नकटुवा,7,343,कृषि क्षेत्र
नकटुवा,7,344,कृषि क्षेत्र
नकटुवा,7,349,कृषि क्षेत्र
नकटुवा,7,350,कृषि क्षेत्र
नकटुवा,7,351,कृषि क्षेत्र
नकटुवा,7,352,कृषि क्षेत्र
नकटुवा,7,353,कृषि क्षेत्र
नकटुवा,7,354,कृषि क्षेत्र
नकटुवा,7,355,कृषि क्षेत्र
नकटुवा,7,357,कृषि क्षेत्र
नकटुवा,7,358,कृषि क्षेत्र
नकटुवा,7,359,कृषि क्षेत्र
नकटुवा,7,367,कृषि क्षेत्र
नकटुवा,7,368,कृषि क्षेत्र
नकटुवा,7,372,कृषि क्षेत्र
नकटुवा,7,373,कृषि क्षेत्र
नकटुवा,7,374,कृषि क्षेत्र
नकटुवा,7,375,कृषि क्षेत्र
नकटुवा,7,376,आवासिय क्षेत्र
नकटुवा,7,377,आवासिय क्षेत्र
नकटुवा,7,378,आवासिय क्षेत्र
नकटुवा,7,380,कृषि क्षेत्र
नकटुवा,7,381,कृषि क्षेत्र
नकटुवा,7,382,कृषि क्षेत्र
नकटुवा,7,383,कृषि क्षेत्र
नकटुवा,7,385,कृषि क्षेत्र
नकटुवा,7,386,कृषि क्षेत्र
नकटुवा,7,387,कृषि क्षेत्र
नकटुवा,7,405,आवासिय क्षेत्र
नकटुवा,7,406,कृषि क्षेत्र
नकटुवा,7,407,कृषि क्षेत्र
नकटुवा,7,411,कृषि क्षेत्र
नकटुवा,7,413,कृषि क्षेत्र
नकटुवा,7,414,आवासिय क्षेत्र
नकटुवा,7,415,आवासिय क्षेत्र
नकटुवा,7,416,आवासिय क्षेत्र
नकटुवा,7,417,कृषि क्षेत्र
नकटुवा,7,418,कृषि क्षेत्र
नकटुवा,7,419,कृषि क्षेत्र
नकटुवा,7,420,कृषि क्षेत्र
नकटुवा,7,421,कृषि क्षेत्र
नकटुवा,7,422,कृषि क्षेत्र
नकटुवा,7,423,आवासिय क्षेत्र
नकटुवा,7,424,आवासिय क्षेत्र
नकटुवा,7,427,आवासिय क्षेत्र
नकटुवा,7,428,आवासिय क्षेत्र
नकटुवा,7,429,कृषि क्षेत्र
नकटुवा,7,430,कृषि क्षेत्र
नकटुवा,7,445,कृषि क्षेत्र
नकटुवा,7,464,कृषि क्षेत्र
नकटुवा,7,465,कृषि क्षेत्र
नकटुवा,7,478,आवासिय क्षेत्र
नकटुवा,7,479,आवासिय क्षेत्र
नकटुवा,7,484,कृषि क्षेत्र
नकटुवा,7,485,कृषि क्षेत्र
नकटुवा,7,492,कृषि क्षेत्र
नकटुवा,7,493,कृषि क्षेत्र
नकटुवा,7,504,आवासिय क्षेत्र
नकटुवा,7,505,आवासिय क्षेत्र
नकटुवा,7,508,कृषि क्षेत्र
नकटुवा,7,509,आवासिय क्षेत्र
नकटुवा,7,513,कृषि क्षेत्र
नकटुवा,7,547,कृषि क्षेत्र
नकटुवा,7,553,कृषि क्षेत्र
नकटुवा,7,554,कृषि क्षेत्र
नकटुवा,7,555,कृषि क्षेत्र
नकटुवा,7,568,आवासिय क्षेत्र
नकटुवा,7,569,आवासिय क्षेत्र
नकटुवा,7,571,कृषि क्षेत्र
नकटुवा,7,572,कृषि क्षेत्र
नकटुवा,7,573,कृषि क्षेत्र
नकटुवा,7,574,कृषि क्षेत्र
नकटुवा,7,575,कृषि क्षेत्र
नकटुवा,7,576,कृषि क्षेत्र
नकटुवा,7,600,कृषि क्षेत्र
नकटुवा,7,601,कृषि क्षेत्र
नकटुवा,7,607,आवासिय क्षेत्र
नकटुवा,7,608,आवासिय क्षेत्र
नकटुवा,7,660,आवासिय क्षेत्र
नकटुवा,7,661,आवासिय क्षेत्र
नकटुवा,7,662,आवासिय क्षेत्र
नकटुवा,7,667,आवासिय क्षेत्र
नकटुवा,7,668,आवासिय क्षेत्र
नकटुवा,7,677,कृषि क्षेत्र
नकटुवा,7,678,कृषि क्षेत्र
नकटुवा,7,680,कृषि क्षेत्र
नकटुवा,7,685,कृषि क्षेत्र
नकटुवा,7,693,कृषि क्षेत्र
नकटुवा,7,694,कृषि क्षेत्र
नकटुवा,7,699,कृषि क्षेत्र
नकटुवा,7,700,कृषि क्षेत्र
नकटुवा,7,712,आवासिय क्षेत्र
नकटुवा,7,713,आवासिय क्षेत्र
नकटुवा,7,748,कृषि क्षेत्र
नकटुवा,7,749,आवासिय क्षेत्र
नकटुवा,7,757,आवासिय क्षेत्र
नकटुवा,7,758,आवासिय क्षेत्र
नकटुवा,7,763,कृषि क्षेत्र
नकटुवा,7,764,कृषि क्षेत्र
नकटुवा,7,774,कृषि क्षेत्र
नकटुवा,7,775,आवासिय क्षेत्र
नकटुवा,7,776,कृषि क्षेत्र
नकटुवा,7,777,आवासिय क्षेत्र
नकटुवा,7,784,आवासिय क्षेत्र
नकटुवा,7,785,आवासिय क्षेत्र
नकटुवा,7,786,आवासिय क्षेत्र
नकटुवा,7,787,आवासिय क्षेत्र
नकटुवा,7,788,आवासिय क्षेत्र
नकटुवा,7,789,आवासिय क्षेत्र
नकटुवा,7,790,आवासिय क्षेत्र
नकटुवा,7,791,आवासिय क्षेत्र
नकटुवा,7,802,कृषि क्षेत्र
नकटुवा,7,803,कृषि क्षेत्र
नकटुवा,7,804,कृषि क्षेत्र
नकटुवा,7,805,कृषि क्षेत्र
नकटुवा,7,806,कृषि क्षेत्र
नकटुवा,7,807,कृषि क्षेत्र
नकटुवा,7,810,कृषि क्षेत्र
नकटुवा,7,811,कृषि क्षेत्र
नकटुवा,7,817,आवासिय क्षेत्र
नकटुवा,7,818,कृषि क्षेत्र
नकटुवा,7,903,आवासिय क्षेत्र
नकटुवा,7,9992,आवासिय क्षेत्र
नकटुवा,7,9996,आवासिय क्षेत्र
नकटुवा,7 गाउँ(101 को गाउँ),1,आवासिय क्षेत्र
नकटुवा,7 गाउँ(101 को गाउँ),2,आवासिय क्षेत्र
नकटुवा,7 गाउँ(101 को गाउँ),3,आवासिय क्षेत्र
नकटुवा,7 गाउँ(101 को गाउँ),6,आवासिय क्षेत्र
नकटुवा,7 गाउँ(101 को गाउँ),7,आवासिय क्षेत्र
नकटुवा,7 गाउँ(101 को गाउँ),8,आवासिय क्षेत्र
नकटुवा,7 गाउँ(101 को गाउँ),9,आवासिय क्षेत्र
नकटुवा,7 गाउँ(101 को गाउँ),10,आवासिय क्षेत्र
नकटुवा,7 गाउँ(101 को गाउँ),11,आवासिय क्षेत्र
नकटुवा,7 गाउँ(101 को गाउँ),12,आवासिय क्षेत्र
नकटुवा,7 गाउँ(101 को गाउँ),13,आवासिय क्षेत्र
नकटुवा,7 गाउँ(101 को गाउँ),14,आवासिय क्षेत्र
नकटुवा,7 गाउँ(101 को गाउँ),15,आवासिय क्षेत्र
नकटुवा,7 गाउँ(101 को गाउँ),16,सार्वजनिक उपयोग क्षेत्र
नकटुवा,7 गाउँ(101 को गाउँ),19,आवासिय क्षेत्र
नकटुवा,7 गाउँ(101 को गाउँ),20,आवासिय क्षेत्र
नकटुवा,7 गाउँ(101 को गाउँ),21,आवासिय क्षेत्र
नकटुवा,7 गाउँ(101 को गाउँ),22,आवासिय क्षेत्र
नकटुवा,7 गाउँ(101 को गाउँ),23,आवासिय क्षेत्र
नकटुवा,7 गाउँ(101 को गाउँ),24,आवासिय क्षेत्र
नकटुवा,7 गाउँ(101 को गाउँ),25,आवासिय क्षेत्र
नकटुवा,7 गाउँ(101 को गाउँ),26,आवासिय क्षेत्र
नकटुवा,7 गाउँ(101 को गाउँ),31,आवासिय क्षेत्र
नकटुवा,7 गाउँ(101 को गाउँ),32,आवासिय क्षेत्र
नकटुवा,7 गाउँ(101 को गाउँ),33,आवासिय क्षेत्र
नकटुवा,7 गाउँ(101 को गाउँ),34,आवासिय क्षेत्र
नकटुवा,7 गाउँ(101 को गाउँ),35,आवासिय क्षेत्र
नकटुवा,7 गाउँ(101 को गाउँ),36,आवासिय क्षेत्र
नकटुवा,7 गाउँ(101 को गाउँ),37,आवासिय क्षेत्र
नकटुवा,7 गाउँ(101 को गाउँ),38,आवासिय क्षेत्र
नकटुवा,7 गाउँ(101 को गाउँ),39,आवासिय क्षेत्र
नकटुवा,7 गाउँ(101 को गाउँ),40,आवासिय क्षेत्र
नकटुवा,7 गाउँ(101 को गाउँ),42,आवासिय क्षेत्र
नकटुवा,7 गाउँ(101 को गाउँ),44,आवासिय क्षेत्र
नकटुवा,7 गाउँ(101 को गाउँ),45,आवासिय क्षेत्र
नकटुवा,7 गाउँ(101 को गाउँ),46,आवासिय क्षेत्र
नकटुवा,7 गाउँ(101 को गाउँ),47,आवासिय क्षेत्र
नकटुवा,7 गाउँ(101 को गाउँ),48,आवासिय क्षेत्र
नकटुवा,7 गाउँ(101 को गाउँ),49,आवासिय क्षेत्र
नकटुवा,7 गाउँ(101 को गाउँ),50,आवासिय क्षेत्र
नकटुवा,7 गाउँ(101 को गाउँ),52,आवासिय क्षेत्र
नकटुवा,7 गाउँ(101 को गाउँ),53,आवासिय क्षेत्र
नकटुवा,7 गाउँ(101 को गाउँ),54,आवासिय क्षेत्र
नकटुवा,7 गाउँ(101 को गाउँ),55,आवासिय क्षेत्र
नकटुवा,7 गाउँ(101 को गाउँ),56,आवासिय क्षेत्र
नकटुवा,7 गाउँ(101 को गाउँ),57,आवासिय क्षेत्र
नकटुवा,7 गाउँ(101 को गाउँ),58,आवासिय क्षेत्र
नकटुवा,7 गाउँ(101 को गाउँ),59,आवासिय क्षेत्र
नकटुवा,7 गाउँ(101 को गाउँ),60,आवासिय क्षेत्र
नकटुवा,7 गाउँ(101 को गाउँ),61,आवासिय क्षेत्र
नकटुवा,7 गाउँ(101 को गाउँ),62,आवासिय क्षेत्र
नकटुवा,7 गाउँ(101 को गाउँ),63,आवासिय क्षेत्र
नकटुवा,7 गाउँ(101 को गाउँ),65,आवासिय क्षेत्र
नकटुवा,7 गाउँ(101 को गाउँ),66,आवासिय क्षेत्र
नकटुवा,7 गाउँ(101 को गाउँ),67,आवासिय क्षेत्र
नकटुवा,7 गाउँ(101 को गाउँ),68,आवासिय क्षेत्र
नकटुवा,7 गाउँ(101 को गाउँ),69,आवासिय क्षेत्र
नकटुवा,7 गाउँ(101 को गाउँ),75,आवासिय क्षेत्र
नकटुवा,7 गाउँ(101 को गाउँ),76,आवासिय क्षेत्र
नकटुवा,7 गाउँ(101 को गाउँ),77,आवासिय क्षेत्र
नकटुवा,7 गाउँ(101 को गाउँ),78,आवासिय क्षेत्र
नकटुवा,7 गाउँ(101 को गाउँ),82,आवासिय क्षेत्र
नकटुवा,7 गाउँ(101 को गाउँ),85,आवासिय क्षेत्र
नकटुवा,7 गाउँ(101 को गाउँ),87,आवासिय क्षेत्र
नकटुवा,7 गाउँ(101 को गाउँ),89,आवासिय क्षेत्र
नकटुवा,7 गाउँ(101 को गाउँ),90,आवासिय क्षेत्र
नकटुवा,7 गाउँ(101 को गाउँ),93,आवासिय क्षेत्र
नकटुवा,7 गाउँ(101 को गाउँ),94,आवासिय क्षेत्र
नकटुवा,7 गाउँ(101 को गाउँ),94,आवासिय क्षेत्र
नकटुवा,7 गाउँ(101 को गाउँ),95,आवासिय क्षेत्र
नकटुवा,7 गाउँ(101 को गाउँ),98,आवासिय क्षेत्र
नकटुवा,7 गाउँ(101 को गाउँ),98,आवासिय क्षेत्र
नकटुवा,7 गाउँ(101 को गाउँ),99,आवासिय क्षेत्र
नकटुवा,7 गाउँ(101 को गाउँ),99,आवासिय क्षेत्र
नकटुवा,7 गाउँ(101 को गाउँ),102,आवासिय क्षेत्र
नकटुवा,7 गाउँ(101 को गाउँ),103,आवासिय क्षेत्र
नकटुवा,7 गाउँ(101 को गाउँ),104,आवासिय क्षेत्र
नकटुवा,7 गाउँ(101 को गाउँ),105,आवासिय क्षेत्र
नकटुवा,7 गाउँ(101 को गाउँ),106,आवासिय क्षेत्र
नकटुवा,7 गाउँ(101 को गाउँ),107,आवासिय क्षेत्र
नकटुवा,7 गाउँ(101 को गाउँ),110,आवासिय क्षेत्र
नकटुवा,7 गाउँ(101 को गाउँ),111,आवासिय क्षेत्र
नकटुवा,7 नहर,0,आवासिय क्षेत्र
नकटुवा,7 नहर,0,आवासिय क्षेत्र
नकटुवा,7 नहर,0,आवासिय क्षेत्र
नकटुवा,7 नहर,0,आवासिय क्षेत्र
नकटुवा,7 नहर,0,आवासिय क्षेत्र
नकटुवा,7 नहर,83,आवासिय क्षेत्र
नकटुवा,7 नहर,89,आवासिय क्षेत्र
नकटुवा,7 नहर,90,आवासिय क्षेत्र
नकटुवा,7 नहर,191,सार्वजनिक उपयोग क्षेत्र
नकटुवा,7 नहर,194,आवासिय क्षेत्र
नकटुवा,7 नहर,195,आवासिय क्षेत्र
नकटुवा,7 नहर,198,आवासिय क्षेत्र
नकटुवा,7 नहर,201,आवासिय क्षेत्र
नकटुवा,7 नहर,205,आवासिय क्षेत्र
नकटुवा,7 नहर,214,आवासिय क्षेत्र
नकटुवा,7 नहर,220,आवासिय क्षेत्र
नकटुवा,7 नहर,221,आवासिय क्षेत्र
नकटुवा,7 नहर,253,आवासिय क्षेत्र
नकटुवा,7 नहर,276,आवासिय क्षेत्र
नकटुवा,7 नहर,280,आवासिय क्षेत्र
नकटुवा,7 नहर,284,आवासिय क्षेत्र
नकटुवा,7 नहर,288,आवासिय क्षेत्र
नकटुवा,7 नहर,297,आवासिय क्षेत्र
नकटुवा,7 नहर,297,आवासिय क्षेत्र
नकटुवा,7 नहर,298,आवासिय क्षेत्र
नकटुवा,7 नहर,299,आवासिय क्षेत्र
नकटुवा,7 नहर,300,आवासिय क्षेत्र
नकटुवा,7 नहर,301,आवासिय क्षेत्र
नकटुवा,7 नहर,302,आवासिय क्षेत्र
नकटुवा,7 नहर,303,आवासिय क्षेत्र
नकटुवा,7 नहर,304,आवासिय क्षेत्र
नकटुवा,7 नहर,329,आवासिय क्षेत्र
नकटुवा,7 नहर,368,आवासिय क्षेत्र
नकटुवा,7 नहर,370,आवासिय क्षेत्र
नकटुवा,7 नहर,371,आवासिय क्षेत्र
नकटुवा,7 नहर,392,आवासिय क्षेत्र
नकटुवा,7 नहर,393,आवासिय क्षेत्र
नकटुवा,7 नहर,426,आवासिय क्षेत्र
नकटुवा,7 नहर,442,आवासिय क्षेत्र
नकटुवा,7 नहर,443,आवासिय क्षेत्र
नकटुवा,7 नहर,447,आवासिय क्षेत्र
नकटुवा,7 नहर,448,आवासिय क्षेत्र
नकटुवा,7 नहर,449,आवासिय क्षेत्र
नकटुवा,7 नहर,450,आवासिय क्षेत्र
नकटुवा,7 नहर,451,आवासिय क्षेत्र
नकटुवा,7 नहर,452,आवासिय क्षेत्र
नकटुवा,7 नहर,466,आवासिय क्षेत्र
नकटुवा,7 नहर,469,आवासिय क्षेत्र
नकटुवा,7 नहर,470,आवासिय क्षेत्र
नकटुवा,7 नहर,472,आवासिय क्षेत्र
नकटुवा,7 नहर,473,आवासिय क्षेत्र
नकटुवा,7 नहर,480,आवासिय क्षेत्र
नकटुवा,7 नहर,482,आवासिय क्षेत्र
नकटुवा,7 नहर,486,आवासिय क्षेत्र
नकटुवा,7 नहर,487,आवासिय क्षेत्र
नकटुवा,7 नहर,488,आवासिय क्षेत्र
नकटुवा,7 नहर,489,आवासिय क्षेत्र
नकटुवा,7 नहर,490,आवासिय क्षेत्र
नकटुवा,7 नहर,491,आवासिय क्षेत्र
नकटुवा,7 नहर,506,आवासिय क्षेत्र
नकटुवा,7 नहर,507,आवासिय क्षेत्र
नकटुवा,7 नहर,530,आवासिय क्षेत्र
नकटुवा,7 नहर,532,आवासिय क्षेत्र
नकटुवा,7 नहर,533,आवासिय क्षेत्र
नकटुवा,7 नहर,534,आवासिय क्षेत्र
नकटुवा,7 नहर,536,आवासिय क्षेत्र
नकटुवा,7 नहर,539,आवासिय क्षेत्र
नकटुवा,7 नहर,541,आवासिय क्षेत्र
नकटुवा,7 नहर,545,आवासिय क्षेत्र
नकटुवा,7 नहर,546,आवासिय क्षेत्र
नकटुवा,7 नहर,551,आवासिय क्षेत्र
नकटुवा,7 नहर,578,आवासिय क्षेत्र
नकटुवा,7 नहर,598,आवासिय क्षेत्र
नकटुवा,7 नहर,599,आवासिय क्षेत्र
नकटुवा,7 नहर,602,आवासिय क्षेत्र
नकटुवा,7 नहर,603,आवासिय क्षेत्र
नकटुवा,7 नहर,604,आवासिय क्षेत्र
नकटुवा,7 नहर,609,आवासिय क्षेत्र
नकटुवा,7 नहर,610,आवासिय क्षेत्र
नकटुवा,7 नहर,611,आवासिय क्षेत्र
नकटुवा,7 नहर,612,आवासिय क्षेत्र
नकटुवा,7 नहर,619,आवासिय क्षेत्र
नकटुवा,7 नहर,620,आवासिय क्षेत्र
नकटुवा,7 नहर,621,आवासिय क्षेत्र
नकटुवा,7 नहर,621,आवासिय क्षेत्र
नकटुवा,7 नहर,622,आवासिय क्षेत्र
नकटुवा,7 नहर,624,आवासिय क्षेत्र
नकटुवा,7 नहर,625,आवासिय क्षेत्र
नकटुवा,7 नहर,626,आवासिय क्षेत्र
नकटुवा,7 नहर,627,आवासिय क्षेत्र
नकटुवा,7 नहर,628,आवासिय क्षेत्र
नकटुवा,7 नहर,628,आवासिय क्षेत्र
नकटुवा,7 नहर,628,आवासिय क्षेत्र
नकटुवा,7 नहर,628,आवासिय क्षेत्र
नकटुवा,7 नहर,644,आवासिय क्षेत्र
नकटुवा,7 नहर,645,आवासिय क्षेत्र
नकटुवा,7 नहर,650,आवासिय क्षेत्र
नकटुवा,7 नहर,651,आवासिय क्षेत्र
नकटुवा,7 नहर,652,आवासिय क्षेत्र
नकटुवा,7 नहर,654,आवासिय क्षेत्र
नकटुवा,7 नहर,655,आवासिय क्षेत्र
नकटुवा,7 नहर,656,आवासिय क्षेत्र
नकटुवा,7 नहर,657,आवासिय क्षेत्र
नकटुवा,7 नहर,658,आवासिय क्षेत्र
नकटुवा,7 नहर,669,आवासिय क्षेत्र
नकटुवा,7 नहर,670,आवासिय क्षेत्र
नकटुवा,7 नहर,671,आवासिय क्षेत्र
नकटुवा,7 नहर,675,आवासिय क्षेत्र
नकटुवा,7 नहर,676,आवासिय क्षेत्र
नकटुवा,7 नहर,683,आवासिय क्षेत्र
नकटुवा,7 नहर,684,आवासिय क्षेत्र
नकटुवा,7 नहर,696,आवासिय क्षेत्र
नकटुवा,7 नहर,697,आवासिय क्षेत्र
नकटुवा,7 नहर,698,आवासिय क्षेत्र
नकटुवा,7 नहर,704,आवासिय क्षेत्र
नकटुवा,7 नहर,705,आवासिय क्षेत्र
नकटुवा,7 नहर,714,आवासिय क्षेत्र
नकटुवा,7 नहर,715,आवासिय क्षेत्र
नकटुवा,7 नहर,720,आवासिय क्षेत्र
नकटुवा,7 नहर,721,आवासिय क्षेत्र
नकटुवा,7 नहर,722,आवासिय क्षेत्र
नकटुवा,7 नहर,723,आवासिय क्षेत्र
नकटुवा,7 नहर,724,आवासिय क्षेत्र
नकटुवा,7 नहर,725,आवासिय क्षेत्र
नकटुवा,7 नहर,726,आवासिय क्षेत्र
नकटुवा,7 नहर,727,आवासिय क्षेत्र
नकटुवा,7 नहर,728,आवासिय क्षेत्र
नकटुवा,7 नहर,728,आवासिय क्षेत्र
नकटुवा,7 नहर,729,आवासिय क्षेत्र
नकटुवा,7 नहर,750,आवासिय क्षेत्र
नकटुवा,7 नहर,751,आवासिय क्षेत्र
नकटुवा,7 नहर,752,आवासिय क्षेत्र
नकटुवा,7 नहर,753,आवासिय क्षेत्र
नकटुवा,7 नहर,754,आवासिय क्षेत्र
नकटुवा,7 नहर,765,आवासिय क्षेत्र
नकटुवा,7 नहर,766,आवासिय क्षेत्र
नकटुवा,7 नहर,767,आवासिय क्षेत्र
नकटुवा,7 नहर,768,आवासिय क्षेत्र
नकटुवा,7 नहर,769,आवासिय क्षेत्र
नकटुवा,7 नहर,770,आवासिय क्षेत्र
नकटुवा,7 नहर,771,आवासिय क्षेत्र
नकटुवा,7 नहर,772,आवासिय क्षेत्र
नकटुवा,7 नहर,773,आवासिय क्षेत्र
नकटुवा,7 नहर,797,आवासिय क्षेत्र
नकटुवा,7 नहर,800,आवासिय क्षेत्र
नकटुवा,7 नहर,801,आवासिय क्षेत्र
नकटुवा,7 नहर,808,आवासिय क्षेत्र
नकटुवा,7 नहर,809,आवासिय क्षेत्र
नकटुवा,7 नहर,812,आवासिय क्षेत्र
नकटुवा,7 नहर,813,आवासिय क्षेत्र
नकटुवा,7 नहर,814,आवासिय क्षेत्र
नकटुवा,7 नहर,815,आवासिय क्षेत्र
नकटुवा,7 नहर,816,आवासिय क्षेत्र
नकटुवा,7 नहर,9992,सार्वजनिक उपयोग क्षेत्र
नकटुवा,7(1 को गाउँ),2,आवासिय क्षेत्र
नकटुवा,7(1 को गाउँ),3,आवासिय क्षेत्र
नकटुवा,7(1 को गाउँ),7,आवासिय क्षेत्र
नकटुवा,7(1 को गाउँ),8,आवासिय क्षेत्र
नकटुवा,7(1 को गाउँ),9,आवासिय क्षेत्र
नकटुवा,7(1 को गाउँ),10,आवासिय क्षेत्र
नकटुवा,7(1 को गाउँ),11,आवासिय क्षेत्र
नकटुवा,7(1 को गाउँ),12,आवासिय क्षेत्र
नकटुवा,7(1 को गाउँ),14,आवासिय क्षेत्र
नकटुवा,7(1 को गाउँ),15,आवासिय क्षेत्र
नकटुवा,7(1 को गाउँ),16,आवासिय क्षेत्र
नकटुवा,7(1 को गाउँ),17,आवासिय क्षेत्र
नकटुवा,7(1 को गाउँ),18,आवासिय क्षेत्र
नकटुवा,7(1 को गाउँ),19,आवासिय क्षेत्र
नकटुवा,7(1 को गाउँ),20,आवासिय क्षेत्र
नकटुवा,7(1 को गाउँ),21,आवासिय क्षेत्र
नकटुवा,7(1 को गाउँ),23,आवासिय क्षेत्र
नकटुवा,7(1 को गाउँ),26,आवासिय क्षेत्र
नकटुवा,7(1 को गाउँ),27,आवासिय क्षेत्र
नकटुवा,7(1 को गाउँ),29,आवासिय क्षेत्र
नकटुवा,7(1 को गाउँ),30,आवासिय क्षेत्र
नकटुवा,7(1 को गाउँ),31,आवासिय क्षेत्र
नकटुवा,7(1 को गाउँ),32,आवासिय क्षेत्र
नकटुवा,7(1 को गाउँ),33,आवासिय क्षेत्र
नकटुवा,7(1 को गाउँ),35,आवासिय क्षेत्र
नकटुवा,7(1 को गाउँ),36,आवासिय क्षेत्र
नकटुवा,7(1 को गाउँ),37,आवासिय क्षेत्र
नकटुवा,7(1 को गाउँ),38,आवासिय क्षेत्र
नकटुवा,7(1 को गाउँ),39,आवासिय क्षेत्र
नकटुवा,7(1 को गाउँ),44,आवासिय क्षेत्र
नकटुवा,7(1 को गाउँ),46,आवासिय क्षेत्र
नकटुवा,7(1 को गाउँ),48,आवासिय क्षेत्र
नकटुवा,7(1 को गाउँ),49,आवासिय क्षेत्र
नकटुवा,7(1 को गाउँ),50,आवासिय क्षेत्र
नकटुवा,7(1 को गाउँ),51,आवासिय क्षेत्र
नकटुवा,7(1 को गाउँ),52,आवासिय क्षेत्र
नकटुवा,7(1 को गाउँ),55,आवासिय क्षेत्र
नकटुवा,7(1 को गाउँ),56,आवासिय क्षेत्र
नकटुवा,7(1 को गाउँ),56,आवासिय क्षेत्र
नकटुवा,7(1 को गाउँ),57,आवासिय क्षेत्र
नकटुवा,7(1 को गाउँ),59,आवासिय क्षेत्र
नकटुवा,7(1 को गाउँ),60,आवासिय क्षेत्र
नकटुवा,7(1 को गाउँ),61,आवासिय क्षेत्र
नकटुवा,7(1 को गाउँ),62,आवासिय क्षेत्र
नकटुवा,7(1 को गाउँ),63,आवासिय क्षेत्र
नकटुवा,7(1 को गाउँ),64,आवासिय क्षेत्र
नकटुवा,7(1 को गाउँ),69,आवासिय क्षेत्र
नकटुवा,7(1 को गाउँ),70,आवासिय क्षेत्र
नकटुवा,7(1 को गाउँ),71,आवासिय क्षेत्र
नकटुवा,7(1 को गाउँ),73,आवासिय क्षेत्र
नकटुवा,7(1 को गाउँ),74,आवासिय क्षेत्र
नकटुवा,7(1 को गाउँ),75,आवासिय क्षेत्र
नकटुवा,7(1 को गाउँ),76,आवासिय क्षेत्र
नकटुवा,7(1 को गाउँ),77,आवासिय क्षेत्र
नकटुवा,7(1 को गाउँ),78,आवासिय क्षेत्र
नकटुवा,7(1 को गाउँ),79,आवासिय क्षेत्र
नकटुवा,7(1 को गाउँ),80,आवासिय क्षेत्र
नकटुवा,7(1 को गाउँ),81,आवासिय क्षेत्र
नकटुवा,7(1 को गाउँ),82,आवासिय क्षेत्र
नकटुवा,7(1 को गाउँ),97,आवासिय क्षेत्र
नकटुवा,7(1 को गाउँ),98,आवासिय क्षेत्र
नकटुवा,7(1 को गाउँ),99,आवासिय क्षेत्र
नकटुवा,7(1 को गाउँ),9987,आवासिय क्षेत्र
नकटुवा,7(1 को गाउँ),9999,आवासिय क्षेत्र
प्रसौनी,6,1,आवासिय क्षेत्र
प्रसौनी,6,2,आवासिय क्षेत्र
प्रसौनी,6,3,आवासिय क्षेत्र
प्रसौनी,6,7,आवासिय क्षेत्र
प्रसौनी,6,8,आवासिय क्षेत्र
प्रसौनी,6,9,आवासिय क्षेत्र
प्रसौनी,6,10,आवासिय क्षेत्र
प्रसौनी,6,11,आवासिय क्षेत्र
प्रसौनी,6,13,आवासिय क्षेत्र
प्रसौनी,6,14,आवासिय क्षेत्र
प्रसौनी,6,15,आवासिय क्षेत्र
प्रसौनी,6,16,आवासिय क्षेत्र
प्रसौनी,6,17,आवासिय क्षेत्र
प्रसौनी,6,18,आवासिय क्षेत्र
प्रसौनी,6,19,आवासिय क्षेत्र
प्रसौनी,6,20,आवासिय क्षेत्र
प्रसौनी,6,22,आवासिय क्षेत्र
प्रसौनी,6,23,आवासिय क्षेत्र
प्रसौनी,6,24,आवासिय क्षेत्र
प्रसौनी,6,25,आवासिय क्षेत्र
प्रसौनी,6,26,आवासिय क्षेत्र
प्रसौनी,6,28,आवासिय क्षेत्र
प्रसौनी,6,30,आवासिय क्षेत्र
प्रसौनी,6,31,आवासिय क्षेत्र
प्रसौनी,6,33,कृषि क्षेत्र
प्रसौनी,6,34,कृषि क्षेत्र
प्रसौनी,6,36,कृषि क्षेत्र
प्रसौनी,6,37,कृषि क्षेत्र
प्रसौनी,6,38,कृषि क्षेत्र
प्रसौनी,6,72,"नदी, खोला, ताल, सिमसार क्षेत्र"
प्रसौनी,6,72,सार्वजनिक उपयोग क्षेत्र
प्रसौनी,6,142,कृषि क्षेत्र
प्रसौनी,6,143,कृषि क्षेत्र
प्रसौनी,6,144,कृषि क्षेत्र
प्रसौनी,6,146,कृषि क्षेत्र
प्रसौनी,6,147,कृषि क्षेत्र
प्रसौनी,6,148,कृषि क्षेत्र
प्रसौनी,6,149,कृषि क्षेत्र
प्रसौनी,6,150,कृषि क्षेत्र
प्रसौनी,6,151,कृषि क्षेत्र
प्रसौनी,6,152,कृषि क्षेत्र
प्रसौनी,6,153,कृषि क्षेत्र
प्रसौनी,6,154,कृषि क्षेत्र
प्रसौनी,6,155,कृषि क्षेत्र
प्रसौनी,6,156,आवासिय क्षेत्र
प्रसौनी,6,157,कृषि क्षेत्र
प्रसौनी,6,159,कृषि क्षेत्र
प्रसौनी,6,160,कृषि क्षेत्र
प्रसौनी,6,161,आवासिय क्षेत्र
प्रसौनी,6,162,आवासिय क्षेत्र
प्रसौनी,6,163,आवासिय क्षेत्र
प्रसौनी,6,164,आवासिय क्षेत्र
प्रसौनी,6,165,आवासिय क्षेत्र
प्रसौनी,6,167,आवासिय क्षेत्र
प्रसौनी,6,169,आवासिय क्षेत्र
प्रसौनी,6,171,आवासिय क्षेत्र
प्रसौनी,6,171,आवासिय क्षेत्र
प्रसौनी,6,172,आवासिय क्षेत्र
प्रसौनी,6,173,आवासिय क्षेत्र
प्रसौनी,6,174,आवासिय क्षेत्र
प्रसौनी,6,175,आवासिय क्षेत्र
प्रसौनी,6,176,आवासिय क्षेत्र
प्रसौनी,6,178,आवासिय क्षेत्र
प्रसौनी,6,179,कृषि क्षेत्र
प्रसौनी,6,183,आवासिय क्षेत्र
प्रसौनी,6,184,आवासिय क्षेत्र
प्रसौनी,6,198,कृषि क्षेत्र
प्रसौनी,6,199,कृषि क्षेत्र
प्रसौनी,6,218,आवासिय क्षेत्र
प्रसौनी,6,247,आवासिय क्षेत्र
प्रसौनी,6,248,कृषि क्षेत्र
प्रसौनी,6,248,आवासिय क्षेत्र
प्रसौनी,6,249,कृषि क्षेत्र
प्रसौनी,6,419,कृषि क्षेत्र
प्रसौनी,6,420,आवासिय क्षेत्र
प्रसौनी,6,466,आवासिय क्षेत्र
प्रसौनी,6,467,आवासिय क्षेत्र
प्रसौनी,6,468,कृषि क्षेत्र
प्रसौनी,6,524,कृषि क्षेत्र
प्रसौनी,6,811,कृषि क्षेत्र
प्रसौनी,6,812,कृषि क्षेत्र
प्रसौनी,6,813,आवासिय क्षेत्र
प्रसौनी,6,814,आवासिय क्षेत्र
प्रसौनी,6,999983,आवासिय क्षेत्र
प्रसौनी,6,999999,कृषि क्षेत्र
बतरा,9,176,आवासिय क्षेत्र
बतरा,9,181,आवासिय क्षेत्र
बतरा,9,182,आवासिय क्षेत्र
बतरा,9,208,कृषि क्षेत्र
बतरा,9,213,कृषि क्षेत्र
बतरा,9,214,आवासिय क्षेत्र
बतरा,9,214,आवासिय क्षेत्र
बतरा,9,215,आवासिय क्षेत्र
बतरा,9,215,आवासिय क्षेत्र
बतरा,9,216,आवासिय क्षेत्र
बतरा,9,217,आवासिय क्षेत्र
बतरा,9,218,आवासिय क्षेत्र
बतरा,9,219,कृषि क्षेत्र
बतरा,9,220,कृषि क्षेत्र
बतरा,9,221,कृषि क्षेत्र
बतरा,9,224,"नदी, खोला, ताल, सिमसार क्षेत्र"
बतरा,9,225,कृषि क्षेत्र
बतरा,9,226,कृषि क्षेत्र
बतरा,9,228,कृषि क्षेत्र
बतरा,9,229,कृषि क्षेत्र
बतरा,9,230,कृषि क्षेत्र
बतरा,9,234,कृषि क्षेत्र
बतरा,9,235,कृषि क्षेत्र
बतरा,9,236,कृषि क्षेत्र
बतरा,9,241,कृषि क्षेत्र
बतरा,9,242,कृषि क्षेत्र
बतरा,9,245,कृषि क्षेत्र
बतरा,9,251,आवासिय क्षेत्र
बतरा,9,256,कृषि क्षेत्र
बतरा,9,301,कृषि क्षेत्र
बतरा,9,359,आवासिय क्षेत्र
बतरा,9,360,आवासिय क्षेत्र
बतरा,9,362,कृषि क्षेत्र
बतरा,9,363,कृषि क्षेत्र
बतरा,9,402,कृषि क्षेत्र
बतरा,9,403,कृषि क्षेत्र
बतरा,9,428,आवासिय क्षेत्र
बतरा,9,429,आवासिय क्षेत्र
बतरा,9,443,कृषि क्षेत्र
बतरा,9,444,कृषि क्षेत्र
बतरा,9,445,कृषि क्षेत्र
बतरा,9,446,कृषि क्षेत्र
बतरा,9,447,कृषि क्षेत्र
बतरा,9,448,कृषि क्षेत्र
बतरा,9,488,कृषि क्षेत्र
बतरा,9,489,कृषि क्षेत्र
बतरा,9,506,आवासिय क्षेत्र
बतरा,9,507,आवासिय क्षेत्र
बतरा,9,510,कृषि क्षेत्र
बतरा,9,511,कृषि क्षेत्र
बतरा,9,518,आवासिय क्षेत्र
बतरा,9,519,कृषि क्षेत्र
बतरा,9,520,आवासिय क्षेत्र
बतरा,9,548,कृषि क्षेत्र
बतरा,9,549,कृषि क्षेत्र
बतरा,9,566,कृषि क्षेत्र
बतरा,9,567,कृषि क्षेत्र
बतरा,9,573,कृषि क्षेत्र
बतरा,9,574,कृषि क्षेत्र
बतरा,9,575,कृषि क्षेत्र
बतरा,9,580,कृषि क्षेत्र
बतरा,9,582,आवासिय क्षेत्र
बतरा,9,583,आवासिय क्षेत्र
बतरा,9,584,कृषि क्षेत्र
बतरा,9,607,कृषि क्षेत्र
बतरा,9,608,कृषि क्षेत्र
बतरा,9,689,कृषि क्षेत्र
बतरा,9,690,कृषि क्षेत्र
बतरा,9,691,कृषि क्षेत्र
बतरा,9,692,कृषि क्षेत्र
बतरा,9,767,आवासिय क्षेत्र
बतरा,9,768,आवासिय क्षेत्र
बतरा,9,769,आवासिय क्षेत्र
बतरा,9,771,आवासिय क्षेत्र
बतरा,9,772,आवासिय क्षेत्र
बतरा,9,773,आवासिय क्षेत्र
बतरा,9,788,कृषि क्षेत्र
बतरा,9,789,कृषि क्षेत्र
बतरा,9,790,कृषि क्षेत्र
बतरा,9,805,आवासिय क्षेत्र
बतरा,9,806,आवासिय क्षेत्र
बतरा,9,807,आवासिय क्षेत्र
बतरा,9,808,आवासिय क्षेत्र
बतरा,9,864,आवासिय क्षेत्र
बतरा,9,894,आवासिय क्षेत्र
बतरा,9,895,आवासिय क्षेत्र
बतरा,9,920,आवासिय क्षेत्र
बतरा,9,926,आवासिय क्षेत्र
बरैनिया,1,1,आवासिय क्षेत्र
बरैनिया,1,2,आवासिय क्षेत्र
बरैनिया,1,5,आवासिय क्षेत्र
बरैनिया,1,6,आवासिय क्षेत्र
बरैनिया,1,7,आवासिय क्षेत्र
बरैनिया,1,11,आवासिय क्षेत्र
बरैनिया,1,18,आवासिय क्षेत्र
बरैनिया,1,19,आवासिय क्षेत्र
बरैनिया,1,23,आवासिय क्षेत्र
बरैनिया,1,24,आवासिय क्षेत्र
बरैनिया,1,26,सार्वजनिक उपयोग क्षेत्र
बरैनिया,1,27,आवासिय क्षेत्र
बरैनिया,1,28,आवासिय क्षेत्र
बरैनिया,1,29,आवासिय क्षेत्र
बरैनिया,1,31,आवासिय क्षेत्र
बरैनिया,1,32,आवासिय क्षेत्र
बरैनिया,1,35,आवासिय क्षेत्र
बरैनिया,1,39,आवासिय क्षेत्र
बरैनिया,1,40,आवासिय क्षेत्र
बरैनिया,1,42,आवासिय क्षेत्र
बरैनिया,1,43,आवासिय क्षेत्र
बरैनिया,1,44,आवासिय क्षेत्र
बरैनिया,1,45,आवासिय क्षेत्र
बरैनिया,1,46,आवासिय क्षेत्र
बरैनिया,1,48,आवासिय क्षेत्र
बरैनिया,1,51,आवासिय क्षेत्र
बरैनिया,1,52,आवासिय क्षेत्र
बरैनिया,1,54,आवासिय क्षेत्र
बरैनिया,1,55,आवासिय क्षेत्र
बरैनिया,1,56,आवासिय क्षेत्र
बरैनिया,1,57,आवासिय क्षेत्र
बरैनिया,1,59,आवासिय क्षेत्र
बरैनिया,1,60,आवासिय क्षेत्र
बरैनिया,1,61,आवासिय क्षेत्र
बरैनिया,1,62,आवासिय क्षेत्र
बरैनिया,1,63,आवासिय क्षेत्र
बरैनिया,1,64,आवासिय क्षेत्र
बरैनिया,1,65,आवासिय क्षेत्र
बरैनिया,1,66,कृषि क्षेत्र
बरैनिया,1,67,कृषि क्षेत्र
बरैनिया,1,68,कृषि क्षेत्र
बरैनिया,1,69,आवासिय क्षेत्र
बरैनिया,1,70,आवासिय क्षेत्र
बरैनिया,1,71,कृषि क्षेत्र
बरैनिया,1,72,कृषि क्षेत्र
बरैनिया,1,73,कृषि क्षेत्र
बरैनिया,1,74,कृषि क्षेत्र
बरैनिया,1,75,कृषि क्षेत्र
बरैनिया,1,76,कृषि क्षेत्र
बरैनिया,1,77,आवासिय क्षेत्र
बरैनिया,1,78,आवासिय क्षेत्र
बरैनिया,1,79,कृषि क्षेत्र
बरैनिया,1,80,कृषि क्षेत्र
बरैनिया,1,81,कृषि क्षेत्र
बरैनिया,1,82,आवासिय क्षेत्र
बरैनिया,1,83,कृषि क्षेत्र
बरैनिया,1,84,आवासिय क्षेत्र
बरैनिया,1,85,कृषि क्षेत्र
बरैनिया,1,87,आवासिय क्षेत्र
बरैनिया,1,88,आवासिय क्षेत्र
बरैनिया,1,89,आवासिय क्षेत्र
बरैनिया,1,90,आवासिय क्षेत्र
बरैनिया,1,91,आवासिय क्षेत्र
बरैनिया,1,92,कृषि क्षेत्र
बरैनिया,1,95,कृषि क्षेत्र
बरैनिया,1,97,कृषि क्षेत्र
बरैनिया,1,99,कृषि क्षेत्र
बरैनिया,1,102,कृषि क्षेत्र
बरैनिया,1,103,कृषि क्षेत्र
बरैनिया,1,104,कृषि क्षेत्र
बरैनिया,1,105,आवासिय क्षेत्र
बरैनिया,1,106,आवासिय क्षेत्र
बरैनिया,1,107,आवासिय क्षेत्र
बरैनिया,1,108,आवासिय क्षेत्र
बरैनिया,1,109,आवासिय क्षेत्र
बरैनिया,1,110,कृषि क्षेत्र
बरैनिया,1,113,आवासिय क्षेत्र
बरैनिया,1,115,आवासिय क्षेत्र
बरैनिया,1,116,आवासिय क्षेत्र
बरैनिया,1,117,आवासिय क्षेत्र
बरैनिया,1,118,आवासिय क्षेत्र
बरैनिया,1,119,कृषि क्षेत्र
बरैनिया,1,121,आवासिय क्षेत्र
बरैनिया,1,122,कृषि क्षेत्र
बरैनिया,1,123,कृषि क्षेत्र
बरैनिया,1,124,आवासिय क्षेत्र
बरैनिया,1,125,आवासिय क्षेत्र
बरैनिया,1,126,आवासिय क्षेत्र
बरैनिया,1,129,आवासिय क्षेत्र
बरैनिया,1,131,आवासिय क्षेत्र
बरैनिया,1,132,आवासिय क्षेत्र
बरैनिया,1,133,आवासिय क्षेत्र
बरैनिया,1,134,आवासिय क्षेत्र
बरैनिया,1,135,आवासिय क्षेत्र
बरैनिया,1,136,आवासिय क्षेत्र
बरैनिया,1,138,आवासिय क्षेत्र
बरैनिया,1,138,आवासिय क्षेत्र
बरैनिया,1,139,कृषि क्षेत्र
बरैनिया,1,140,कृषि क्षेत्र
बरैनिया,1,141,आवासिय क्षेत्र
बरैनिया,1,142,आवासिय क्षेत्र
बरैनिया,1,143,आवासिय क्षेत्र
बरैनिया,1,145,आवासिय क्षेत्र
बरैनिया,1,147,आवासिय क्षेत्र
बरैनिया,1,148,आवासिय क्षेत्र
बरैनिया,1,150,आवासिय क्षेत्र
बरैनिया,1,151,आवासिय क्षेत्र
बरैनिया,1,152,आवासिय क्षेत्र
बरैनिया,1,153,आवासिय क्षेत्र
बरैनिया,1,155,आवासिय क्षेत्र
बरैनिया,1,156,कृषि क्षेत्र
बरैनिया,1,157,कृषि क्षेत्र
बरैनिया,1,158,कृषि क्षेत्र
बरैनिया,1,159,कृषि क्षेत्र
बरैनिया,1,160,कृषि क्षेत्र
बरैनिया,1,161,आवासिय क्षेत्र
बरैनिया,1,162,आवासिय क्षेत्र
बरैनिया,1,163,आवासिय क्षेत्र
बरैनिया,1,164,आवासिय क्षेत्र
बरैनिया,1,165,आवासिय क्षेत्र
बरैनिया,1,166,आवासिय क्षेत्र
बरैनिया,1,167,आवासिय क्षेत्र
बरैनिया,1,168,आवासिय क्षेत्र
बरैनिया,1,170,कृषि क्षेत्र
बरैनिया,1,171,कृषि क्षेत्र
बरैनिया,1,173,आवासिय क्षेत्र
बरैनिया,1,174,आवासिय क्षेत्र
बरैनिया,1,175,आवासिय क्षेत्र
बरैनिया,1,176,कृषि क्षेत्र
बरैनिया,1,178,आवासिय क्षेत्र
बरैनिया,1,179,कृषि क्षेत्र
बरैनिया,1,186,आवासिय क्षेत्र
बरैनिया,1,187,आवासिय क्षेत्र
बरैनिया,1,188,आवासिय क्षेत्र
बरैनिया,1,189,आवासिय क्षेत्र
बरैनिया,1,190,आवासिय क्षेत्र
बरैनिया,1,191,आवासिय क्षेत्र
बरैनिया,1,192,कृषि क्षेत्र
बरैनिया,1,194,आवासिय क्षेत्र
बरैनिया,1,195,आवासिय क्षेत्र
बरैनिया,1,196,कृषि क्षेत्र
बरैनिया,1,197,कृषि क्षेत्र
बरैनिया,1,198,कृषि क्षेत्र
बरैनिया,1,200,कृषि क्षेत्र
बरैनिया,1,201,आवासिय क्षेत्र
बरैनिया,1,202,कृषि क्षेत्र
बरैनिया,1,204,आवासिय क्षेत्र
बरैनिया,1,205,कृषि क्षेत्र
बरैनिया,1,209,आवासिय क्षेत्र
बरैनिया,1,210,आवासिय क्षेत्र
बरैनिया,1,211,आवासिय क्षेत्र
बरैनिया,1,211,आवासिय क्षेत्र
बरैनिया,1,213,आवासिय क्षेत्र
बरैनिया,1,216,आवासिय क्षेत्र
बरैनिया,1,217,आवासिय क्षेत्र
बरैनिया,1,218,आवासिय क्षेत्र
बरैनिया,1,220,कृषि क्षेत्र
बरैनिया,1,221,कृषि क्षेत्र
बरैनिया,1,222,कृषि क्षेत्र
बरैनिया,1,223,आवासिय क्षेत्र
बरैनिया,1,224,आवासिय क्षेत्र
बरैनिया,1,225,आवासिय क्षेत्र
बरैनिया,1,227,कृषि क्षेत्र
बरैनिया,1,228,कृषि क्षेत्र
बरैनिया,1,230,कृषि क्षेत्र
बरैनिया,1,233,आवासिय क्षेत्र
बरैनिया,1,234,आवासिय क्षेत्र
बरैनिया,1,235,आवासिय क्षेत्र
बरैनिया,1,236,आवासिय क्षेत्र
बरैनिया,1,237,आवासिय क्षेत्र
बरैनिया,1,238,आवासिय क्षेत्र
बरैनिया,1,239,आवासिय क्षेत्र
बरैनिया,1,240,आवासिय क्षेत्र
बरैनिया,1,241,आवासिय क्षेत्र
बरैनिया,1,243,कृषि क्षेत्र
बरैनिया,1,244,कृषि क्षेत्र
बरैनिया,1,245,कृषि क्षेत्र
बरैनिया,1,246,कृषि क्षेत्र
बरैनिया,1,247,आवासिय क्षेत्र
बरैनिया,1,247,आवासिय क्षेत्र
बरैनिया,1,248,आवासिय क्षेत्र
बरैनिया,1,249,आवासिय क्षेत्र
बरैनिया,1,250,आवासिय क्षेत्र
बरैनिया,1,255,आवासिय क्षेत्र
बरैनिया,1,257,आवासिय क्षेत्र
बरैनिया,1,258,आवासिय क्षेत्र
बरैनिया,1,259,आवासिय क्षेत्र
बरैनिया,1,260,आवासिय क्षेत्र
बरैनिया,1,262,आवासिय क्षेत्र
बरैनिया,1,263,आवासिय क्षेत्र
बरैनिया,1,266,आवासिय क्षेत्र
बरैनिया,1,267,आवासिय क्षेत्र
बरैनिया,1,268,आवासिय क्षेत्र
बरैनिया,1,269,आवासिय क्षेत्र
बरैनिया,1,270,आवासिय क्षेत्र
बरैनिया,1,271,आवासिय क्षेत्र
बरैनिया,1,272,आवासिय क्षेत्र
बरैनिया,1,273,आवासिय क्षेत्र
बरैनिया,1,282,आवासिय क्षेत्र
बरैनिया,1,286,आवासिय क्षेत्र
बरैनिया,1,288,आवासिय क्षेत्र
बरैनिया,1,289,आवासिय क्षेत्र
बरैनिया,1,291,आवासिय क्षेत्र
बरैनिया,1,292,आवासिय क्षेत्र
बरैनिया,1,294,आवासिय क्षेत्र
बरैनिया,1,295,आवासिय क्षेत्र
बरैनिया,1,297,आवासिय क्षेत्र
बरैनिया,1,299,आवासिय क्षेत्र
बरैनिया,1,300,आवासिय क्षेत्र
बरैनिया,1,301,आवासिय क्षेत्र
बरैनिया,1,302,आवासिय क्षेत्र
बरैनिया,1,305,आवासिय क्षेत्र
बरैनिया,1,306,आवासिय क्षेत्र
बरैनिया,1,307,आवासिय क्षेत्र
बरैनिया,1,308,आवासिय क्षेत्र
बरैनिया,1,309,आवासिय क्षेत्र
बरैनिया,1,310,"नदी, खोला, ताल, सिमसार क्षेत्र"
बरैनिया,1,311,कृषि क्षेत्र
बरैनिया,1,312,आवासिय क्षेत्र
बरैनिया,1,313,"नदी, खोला, ताल, सिमसार क्षेत्र"
बरैनिया,1,314,आवासिय क्षेत्र
बरैनिया,1,315,आवासिय क्षेत्र
बरैनिया,1,316,आवासिय क्षेत्र
बरैनिया,1,318,आवासिय क्षेत्र
बरैनिया,1,319,आवासिय क्षेत्र
बरैनिया,1,320,आवासिय क्षेत्र
बरैनिया,1,322,आवासिय क्षेत्र
बरैनिया,1,323,कृषि क्षेत्र
बरैनिया,1,324,कृषि क्षेत्र
बरैनिया,1,325,कृषि क्षेत्र
बरैनिया,1,326,आवासिय क्षेत्र
बरैनिया,1,327,कृषि क्षेत्र
बरैनिया,1,336,आवासिय क्षेत्र
बरैनिया,1,337,आवासिय क्षेत्र
बरैनिया,1,338,कृषि क्षेत्र
बरैनिया,1,340,आवासिय क्षेत्र
बरैनिया,1,342,आवासिय क्षेत्र
बरैनिया,1,344,आवासिय क्षेत्र
बरैनिया,1,348,आवासिय क्षेत्र
बरैनिया,1,350,कृषि क्षेत्र
बरैनिया,1,351,कृषि क्षेत्र
बरैनिया,1,352,आवासिय क्षेत्र
बरैनिया,1,353,आवासिय क्षेत्र
बरैनिया,1,422,आवासिय क्षेत्र
बरैनिया,1,423,आवासिय क्षेत्र
बरैनिया,1,425,आवासिय क्षेत्र
बरैनिया,1,429,आवासिय क्षेत्र
बरैनिया,1,430,आवासिय क्षेत्र
बरैनिया,1,435,आवासिय क्षेत्र
बरैनिया,1,436,आवासिय क्षेत्र
बरैनिया,1,443,आवासिय क्षेत्र
बरैनिया,1,444,आवासिय क्षेत्र
बरैनिया,1,445,आवासिय क्षेत्र
बरैनिया,1,446,आवासिय क्षेत्र
बरैनिया,1,448,आवासिय क्षेत्र
बरैनिया,1,452,आवासिय क्षेत्र
बरैनिया,1,453,आवासिय क्षेत्र
बरैनिया,1,454,आवासिय क्षेत्र
बरैनिया,1,455,आवासिय क्षेत्र
बरैनिया,1,460,आवासिय क्षेत्र
बरैनिया,1,461,आवासिय क्षेत्र
बरैनिया,1,462,आवासिय क्षेत्र
बरैनिया,1,463,आवासिय क्षेत्र
बरैनिया,1,479,आवासिय क्षेत्र
बरैनिया,1,480,आवासिय क्षेत्र
बरैनिया,1,481,आवासिय क्षेत्र
बरैनिया,1,489,आवासिय क्षेत्र
बरैनिया,1,513,कृषि क्षेत्र
बरैनिया,1,514,कृषि क्षेत्र
बरैनिया,1,515,कृषि क्षेत्र
बरैनिया,1,516,कृषि क्षेत्र
बरैनिया,1,517,कृषि क्षेत्र
बरैनिया,1,518,कृषि क्षेत्र
बरैनिया,1,519,कृषि क्षेत्र
बरैनिया,1,521,कृषि क्षेत्र
बरैनिया,1,522,आवासिय क्षेत्र
बरैनिया,1,523,आवासिय क्षेत्र
बरैनिया,1,524,आवासिय क्षेत्र
बरैनिया,1,525,आवासिय क्षेत्र
बरैनिया,1,526,आवासिय क्षेत्र
बरैनिया,1,527,आवासिय क्षेत्र
बरैनिया,1,528,आवासिय क्षेत्र
बरैनिया,1,529,आवासिय क्षेत्र
बरैनिया,1,530,आवासिय क्षेत्र
बरैनिया,1,531,आवासिय क्षेत्र
बरैनिया,1,532,आवासिय क्षेत्र
बरैनिया,1,533,आवासिय क्षेत्र
बरैनिया,1,534,आवासिय क्षेत्र
बरैनिया,1,555,आवासिय क्षेत्र
बरैनिया,1,556,आवासिय क्षेत्र
बरैनिया,1,558,आवासिय क्षेत्र
बरैनिया,1,559,आवासिय क्षेत्र
बरैनिया,1,560,आवासिय क्षेत्र
बरैनिया,1,566,आवासिय क्षेत्र
बरैनिया,1,567,आवासिय क्षेत्र
बरैनिया,1,568,आवासिय क्षेत्र
बरैनिया,1,569,आवासिय क्षेत्र
बरैनिया,1,570,आवासिय क्षेत्र
बरैनिया,1,582,आवासिय क्षेत्र
बरैनिया,1,583,आवासिय क्षेत्र
बरैनिया,1,584,आवासिय क्षेत्र
बरैनिया,1,585,आवासिय क्षेत्र
बरैनिया,1,586,आवासिय क्षेत्र
बरैनिया,1,589,आवासिय क्षेत्र
बरैनिया,1,590,आवासिय क्षेत्र
बरैनिया,1,591,आवासिय क्षेत्र
बरैनिया,1,594,आवासिय क्षेत्र
बरैनिया,1,595,आवासिय क्षेत्र
बरैनिया,1,600,आवासिय क्षेत्र
बरैनिया,1,601,आवासिय क्षेत्र
बरैनिया,1,619,आवासिय क्षेत्र
बरैनिया,1,620,आवासिय क्षेत्र
बरैनिया,1,623,आवासिय क्षेत्र
बरैनिया,1,634,आवासिय क्षेत्र
बरैनिया,1,635,आवासिय क्षेत्र
बरैनिया,1,636,आवासिय क्षेत्र
बरैनिया,1,637,आवासिय क्षेत्र
बरैनिया,1,672,कृषि क्षेत्र
बरैनिया,1,673,कृषि क्षेत्र
बरैनिया,1,676,आवासिय क्षेत्र
बरैनिया,1,677,आवासिय क्षेत्र
बरैनिया,1,714,आवासिय क्षेत्र
बरैनिया,1,715,आवासिय क्षेत्र
बरैनिया,1,743,आवासिय क्षेत्र
बरैनिया,1,744,आवासिय क्षेत्र
बरैनिया,1,747,आवासिय क्षेत्र
बरैनिया,1,748,आवासिय क्षेत्र
बरैनिया,1,749,आवासिय क्षेत्र
बरैनिया,1,750,आवासिय क्षेत्र
बरैनिया,1,751,आवासिय क्षेत्र
बरैनिया,1,753,आवासिय क्षेत्र
बरैनिया,1,754,आवासिय क्षेत्र
बरैनिया,1,755,कृषि क्षेत्र
बरैनिया,1,756,कृषि क्षेत्र
बरैनिया,1,757,कृषि क्षेत्र
बरैनिया,1,758,कृषि क्षेत्र
बरैनिया,1,759,कृषि क्षेत्र
बरैनिया,1,760,कृषि क्षेत्र
बरैनिया,1,785,आवासिय क्षेत्र
बरैनिया,1,786,आवासिय क्षेत्र
बरैनिया,1,831,आवासिय क्षेत्र
बरैनिया,1,870,आवासिय क्षेत्र
बरैनिया,1,880,कृषि क्षेत्र
बरैनिया,1,883,कृषि क्षेत्र
बरैनिया,1,884,कृषि क्षेत्र
बरैनिया,1,885,कृषि क्षेत्र
बरैनिया,1,886,कृषि क्षेत्र
बरैनिया,1,895,कृषि क्षेत्र
बरैनिया,1,896,कृषि क्षेत्र
बरैनिया,1,918,आवासिय क्षेत्र
बरैनिया,1,919,आवासिय क्षेत्र
बरैनिया,1,920,आवासिय क्षेत्र
बरैनिया,1,921,आवासिय क्षेत्र
बरैनिया,1,922,आवासिय क्षेत्र
बरैनिया,1,923,आवासिय क्षेत्र
बरैनिया,1,929,आवासिय क्षेत्र
बरैनिया,1,930,आवासिय क्षेत्र
बरैनिया,1,949,आवासिय क्षेत्र
बरैनिया,1,951,आवासिय क्षेत्र
बरैनिया,1,952,आवासिय क्षेत्र
बरैनिया,1,959,आवासिय क्षेत्र
बरैनिया,1,960,आवासिय क्षेत्र
बरैनिया,1,961,आवासिय क्षेत्र
बरैनिया,1,962,आवासिय क्षेत्र
बरैनिया,1,963,कृषि क्षेत्र
बरैनिया,1,963,आवासिय क्षेत्र
बरैनिया,1,964,आवासिय क्षेत्र
बरैनिया,1,965,कृषि क्षेत्र
बरैनिया,1,966,कृषि क्षेत्र
बरैनिया,1,967,कृषि क्षेत्र
बरैनिया,1,968,कृषि क्षेत्र
बरैनिया,1,969,कृषि क्षेत्र
बरैनिया,1,970,कृषि क्षेत्र
बरैनिया,1,971,कृषि क्षेत्र
बरैनिया,1,972,कृषि क्षेत्र
बरैनिया,1,973,कृषि क्षेत्र
बरैनिया,1,1001,कृषि क्षेत्र
बरैनिया,1,1002,कृषि क्षेत्र
बरैनिया,1,1003,कृषि क्षेत्र
बरैनिया,1,1004,कृषि क्षेत्र
बरैनिया,1,1005,कृषि क्षेत्र
बरैनिया,1,1006,आवासिय क्षेत्र
बरैनिया,1,1007,आवासिय क्षेत्र
बरैनिया,1,1008,आवासिय क्षेत्र
बरैनिया,1,1011,आवासिय क्षेत्र
बरैनिया,1,1027,आवासिय क्षेत्र
बरैनिया,1,1028,आवासिय क्षेत्र
बरैनिया,1,1031,आवासिय क्षेत्र
बरैनिया,1,1032,आवासिय क्षेत्र
बरैनिया,1,1033,आवासिय क्षेत्र
बरैनिया,1,1034,आवासिय क्षेत्र
बरैनिया,1,1037,आवासिय क्षेत्र
बरैनिया,1,1038,आवासिय क्षेत्र
बरैनिया,1,1041,आवासिय क्षेत्र
बरैनिया,1,1044,आवासिय क्षेत्र
बरैनिया,1,1045,कृषि क्षेत्र
बरैनिया,1,1046,कृषि क्षेत्र
बरैनिया,1,1047,कृषि क्षेत्र
बरैनिया,1,1048,कृषि क्षेत्र
बरैनिया,1,1049,कृषि क्षेत्र
बरैनिया,1,1050,कृषि क्षेत्र
बरैनिया,1,1051,कृषि क्षेत्र
बरैनिया,1,1054,आवासिय क्षेत्र
बरैनिया,1,1055,आवासिय क्षेत्र
बरैनिया,1,1056,आवासिय क्षेत्र
बरैनिया,1,1058,आवासिय क्षेत्र
बरैनिया,1,1059,कृषि क्षेत्र
बरैनिया,1,1065,आवासिय क्षेत्र
बरैनिया,1,1066,आवासिय क्षेत्र
बरैनिया,1,1069,कृषि क्षेत्र
बरैनिया,1,1070,कृषि क्षेत्र
बरैनिया,1,1071,आवासिय क्षेत्र
बरैनिया,1,1072,आवासिय क्षेत्र
बरैनिया,1,1082,आवासिय क्षेत्र
बरैनिया,1,1083,आवासिय क्षेत्र
बरैनिया,1,1084,आवासिय क्षेत्र
बरैनिया,1,1085,आवासिय क्षेत्र
बरैनिया,1,1086,आवासिय क्षेत्र
बरैनिया,1,1087,आवासिय क्षेत्र
बरैनिया,1,1088,आवासिय क्षेत्र
बरैनिया,1,1089,आवासिय क्षेत्र
बरैनिया,1,1090,आवासिय क्षेत्र
बरैनिया,1,1091,आवासिय क्षेत्र
बरैनिया,1,1092,आवासिय क्षेत्र
बरैनिया,1,1093,आवासिय क्षेत्र
बरैनिया,1,1094,आवासिय क्षेत्र
बरैनिया,1,1095,आवासिय क्षेत्र
बरैनिया,1,1096,आवासिय क्षेत्र
बरैनिया,1,1097,आवासिय क्षेत्र
बरैनिया,1,1097,आवासिय क्षेत्र
बरैनिया,1,1098,आवासिय क्षेत्र
बरैनिया,1,1100,आवासिय क्षेत्र
बरैनिया,1,1101,आवासिय क्षेत्र
बरैनिया,1,1103,आवासिय क्षेत्र
बरैनिया,1,1104,आवासिय क्षेत्र
बरैनिया,1,1105,आवासिय क्षेत्र
बरैनिया,1,1106,आवासिय क्षेत्र
बरैनिया,1,1107,आवासिय क्षेत्र
बरैनिया,1,1108,आवासिय क्षेत्र
बरैनिया,1,1109,आवासिय क्षेत्र
बरैनिया,1,1110,आवासिय क्षेत्र
बरैनिया,1,1111,आवासिय क्षेत्र
बरैनिया,1,1112,आवासिय क्षेत्र
बरैनिया,1,1113,आवासिय क्षेत्र
बरैनिया,1,1116,आवासिय क्षेत्र
बरैनिया,1,1117,आवासिय क्षेत्र
बरैनिया,1,1118,आवासिय क्षेत्र
बरैनिया,1,1119,आवासिय क्षेत्र
बरैनिया,1,1120,आवासिय क्षेत्र
बरैनिया,1,1121,आवासिय क्षेत्र
बरैनिया,1,1122,आवासिय क्षेत्र
बरैनिया,1,1123,आवासिय क्षेत्र
बरैनिया,1,1124,आवासिय क्षेत्र
बरैनिया,1,1127,आवासिय क्षेत्र
बरैनिया,1,1128,आवासिय क्षेत्र
बरैनिया,1,1129,आवासिय क्षेत्र
बरैनिया,1,1130,आवासिय क्षेत्र
बरैनिया,1,1131,आवासिय क्षेत्र
बरैनिया,1,1132,आवासिय क्षेत्र
बरैनिया,1,1133,आवासिय क्षेत्र
बरैनिया,1,1134,आवासिय क्षेत्र
बरैनिया,1,1135,आवासिय क्षेत्र
बरैनिया,1,1136,आवासिय क्षेत्र
बरैनिया,1,999988,आवासिय क्षेत्र
बरैनिया,1 गाउँ,1,आवासिय क्षेत्र
बरैनिया,1 गाउँ,2,आवासिय क्षेत्र
बरैनिया,1 गाउँ,3,आवासिय क्षेत्र
बरैनिया,1 गाउँ,4,आवासिय क्षेत्र
बरैनिया,1 गाउँ,5,आवासिय क्षेत्र
बरैनिया,1 गाउँ,6,आवासिय क्षेत्र
बरैनिया,1 गाउँ,7,आवासिय क्षेत्र
बरैनिया,1 गाउँ,8,आवासिय क्षेत्र
बरैनिया,1 गाउँ,9,आवासिय क्षेत्र
बरैनिया,1 गाउँ,10,आवासिय क्षेत्र
बरैनिया,1 गाउँ,11,आवासिय क्षेत्र
बरैनिया,1 गाउँ,12,आवासिय क्षेत्र
बरैनिया,1 गाउँ,13,आवासिय क्षेत्र
बरैनिया,1 गाउँ,14,आवासिय क्षेत्र
बरैनिया,1 गाउँ,15,आवासिय क्षेत्र
बरैनिया,1 गाउँ,16,आवासिय क्षेत्र
बरैनिया,1 गाउँ,17,आवासिय क्षेत्र
बरैनिया,1 गाउँ,18,आवासिय क्षेत्र
बरैनिया,1 गाउँ,19,आवासिय क्षेत्र
बरैनिया,1 गाउँ,20,आवासिय क्षेत्र
बरैनिया,1 गाउँ,21,आवासिय क्षेत्र
बरैनिया,1 गाउँ,22,आवासिय क्षेत्र
बरैनिया,1 गाउँ,23,आवासिय क्षेत्र
बरैनिया,1 गाउँ,24,आवासिय क्षेत्र
बरैनिया,1 गाउँ,25,आवासिय क्षेत्र
बरैनिया,1 गाउँ,26,आवासिय क्षेत्र
बरैनिया,1 गाउँ,27,आवासिय क्षेत्र
बरैनिया,1 गाउँ,28,आवासिय क्षेत्र
बरैनिया,1 गाउँ,29,आवासिय क्षेत्र
बरैनिया,1 गाउँ,30,आवासिय क्षेत्र
बरैनिया,1 गाउँ,31,आवासिय क्षेत्र
बरैनिया,1 गाउँ,32,आवासिय क्षेत्र
बरैनिया,1 गाउँ,33,आवासिय क्षेत्र
बरैनिया,1 गाउँ,34,आवासिय क्षेत्र
बरैनिया,1 गाउँ,35,आवासिय क्षेत्र
बरैनिया,1 गाउँ,36,आवासिय क्षेत्र
बरैनिया,1 गाउँ,37,आवासिय क्षेत्र
बरैनिया,1 गाउँ,38,आवासिय क्षेत्र
बरैनिया,1 गाउँ,39,आवासिय क्षेत्र
बरैनिया,1 गाउँ,40,आवासिय क्षेत्र
बरैनिया,1 गाउँ,41,आवासिय क्षेत्र
बरैनिया,1 गाउँ,42,आवासिय क्षेत्र
बरैनिया,1 गाउँ,43,आवासिय क्षेत्र
बरैनिया,1 गाउँ,44,आवासिय क्षेत्र
बरैनिया,1 गाउँ,45,आवासिय क्षेत्र
बरैनिया,1 गाउँ,46,आवासिय क्षेत्र
बरैनिया,1 गाउँ,47,आवासिय क्षेत्र
बरैनिया,1 गाउँ,48,आवासिय क्षेत्र
बरैनिया,1 गाउँ,49,आवासिय क्षेत्र
बरैनिया,1 गाउँ,50,आवासिय क्षेत्र
बरैनिया,1 गाउँ,51,आवासिय क्षेत्र
बरैनिया,1 गाउँ,52,आवासिय क्षेत्र
बरैनिया,1 गाउँ,53,आवासिय क्षेत्र
बरैनिया,1 गाउँ,54,आवासिय क्षेत्र
बरैनिया,1 गाउँ,55,आवासिय क्षेत्र
बरैनिया,1 गाउँ,56,आवासिय क्षेत्र
बरैनिया,1 नहर,4,आवासिय क्षेत्र
बरैनिया,1 नहर,113,आवासिय क्षेत्र
बरैनिया,1 नहर,162,आवासिय क्षेत्र
बरैनिया,1 नहर,173,आवासिय क्षेत्र
बरैनिया,1 नहर,175,आवासिय क्षेत्र
बरैनिया,1 नहर,187,आवासिय क्षेत्र
बरैनिया,1 नहर,354,सार्वजनिक उपयोग क्षेत्र
बरैनिया,1 नहर,354,सार्वजनिक उपयोग क्षेत्र
बरैनिया,1 नहर,355,आवासिय क्षेत्र
बरैनिया,1 नहर,356,आवासिय क्षेत्र
बरैनिया,1 नहर,357,आवासिय क्षेत्र
बरैनिया,1 नहर,358,आवासिय क्षेत्र
बरैनिया,1 नहर,359,आवासिय क्षेत्र
बरैनिया,1 नहर,360,आवासिय क्षेत्र
बरैनिया,1 नहर,361,आवासिय क्षेत्र
बरैनिया,1 नहर,363,आवासिय क्षेत्र
बरैनिया,1 नहर,365,आवासिय क्षेत्र
बरैनिया,1 नहर,366,आवासिय क्षेत्र
बरैनिया,1 नहर,367,आवासिय क्षेत्र
बरैनिया,1 नहर,368,आवासिय क्षेत्र
बरैनिया,1 नहर,370,आवासिय क्षेत्र
बरैनिया,1 नहर,371,आवासिय क्षेत्र
बरैनिया,1 नहर,372,आवासिय क्षेत्र
बरैनिया,1 नहर,374,आवासिय क्षेत्र
बरैनिया,1 नहर,375,आवासिय क्षेत्र
बरैनिया,1 नहर,377,आवासिय क्षेत्र
बरैनिया,1 नहर,378,आवासिय क्षेत्र
बरैनिया,1 नहर,379,आवासिय क्षेत्र
बरैनिया,1 नहर,381,आवासिय क्षेत्र
बरैनिया,1 नहर,382,आवासिय क्षेत्र
बरैनिया,1 नहर,383,आवासिय क्षेत्र
बरैनिया,1 नहर,384,आवासिय क्षेत्र
बरैनिया,1 नहर,385,आवासिय क्षेत्र
बरैनिया,1 नहर,386,आवासिय क्षेत्र
बरैनिया,1 नहर,387,आवासिय क्षेत्र
बरैनिया,1 नहर,388,आवासिय क्षेत्र
बरैनिया,1 नहर,389,आवासिय क्षेत्र
बरैनिया,1 नहर,390,आवासिय क्षेत्र
बरैनिया,1 नहर,391,आवासिय क्षेत्र
बरैनिया,1 नहर,392,आवासिय क्षेत्र
बरैनिया,1 नहर,393,आवासिय क्षेत्र
बरैनिया,1 नहर,394,आवासिय क्षेत्र
बरैनिया,1 नहर,395,आवासिय क्षेत्र
बरैनिया,1 नहर,396,आवासिय क्षेत्र
बरैनिया,1 नहर,397,आवासिय क्षेत्र
बरैनिया,1 नहर,398,आवासिय क्षेत्र
बरैनिया,1 नहर,399,आवासिय क्षेत्र
बरैनिया,1 नहर,400,आवासिय क्षेत्र
बरैनिया,1 नहर,402,आवासिय क्षेत्र
बरैनिया,1 नहर,404,आवासिय क्षेत्र
बरैनिया,1 नहर,406,आवासिय क्षेत्र
बरैनिया,1 नहर,410,आवासिय क्षेत्र
बरैनिया,1 नहर,411,आवासिय क्षेत्र
बरैनिया,1 नहर,412,आवासिय क्षेत्र
बरैनिया,1 नहर,417,आवासिय क्षेत्र
बरैनिया,1 नहर,418,आवासिय क्षेत्र
बरैनिया,1 नहर,419,आवासिय क्षेत्र
बरैनिया,1 नहर,420,आवासिय क्षेत्र
बरैनिया,1 नहर,421,आवासिय क्षेत्र
बरैनिया,1 नहर,464,आवासिय क्षेत्र
बरैनिया,1 नहर,484,आवासिय क्षेत्र
बरैनिया,1 नहर,485,आवासिय क्षेत्र
बरैनिया,1 नहर,486,आवासिय क्षेत्र
बरैनिया,1 नहर,487,आवासिय क्षेत्र
बरैनिया,1 नहर,488,आवासिय क्षेत्र
बरैनिया,1 नहर,490,आवासिय क्षेत्र
बरैनिया,1 नहर,491,आवासिय क्षेत्र
बरैनिया,1 नहर,503,आवासिय क्षेत्र
बरैनिया,1 नहर,504,आवासिय क्षेत्र
बरैनिया,1 नहर,506,आवासिय क्षेत्र
बरैनिया,1 नहर,535,आवासिय क्षेत्र
बरैनिया,1 नहर,536,आवासिय क्षेत्र
बरैनिया,1 नहर,537,आवासिय क्षेत्र
बरैनिया,1 नहर,538,आवासिय क्षेत्र
बरैनिया,1 नहर,539,आवासिय क्षेत्र
बरैनिया,1 नहर,540,आवासिय क्षेत्र
बरैनिया,1 नहर,541,आवासिय क्षेत्र
बरैनिया,1 नहर,542,आवासिय क्षेत्र
बरैनिया,1 नहर,544,आवासिय क्षेत्र
बरैनिया,1 नहर,545,आवासिय क्षेत्र
बरैनिया,1 नहर,546,आवासिय क्षेत्र
बरैनिया,1 नहर,547,आवासिय क्षेत्र
बरैनिया,1 नहर,548,आवासिय क्षेत्र
बरैनिया,1 नहर,549,आवासिय क्षेत्र
बरैनिया,1 नहर,550,आवासिय क्षेत्र
बरैनिया,1 नहर,551,आवासिय क्षेत्र
बरैनिया,1 नहर,552,आवासिय क्षेत्र
बरैनिया,1 नहर,553,आवासिय क्षेत्र
बरैनिया,1 नहर,554,आवासिय क्षेत्र
बरैनिया,1 नहर,555,आवासिय क्षेत्र
बरैनिया,1 नहर,556,आवासिय क्षेत्र
बरैनिया,1 नहर,557,आवासिय क्षेत्र
बरैनिया,1 नहर,604,आवासिय क्षेत्र
बरैनिया,1 नहर,605,आवासिय क्षेत्र
बरैनिया,1 नहर,606,आवासिय क्षेत्र
बरैनिया,1 नहर,607,आवासिय क्षेत्र
बरैनिया,1 नहर,608,आवासिय क्षेत्र
बरैनिया,1 नहर,609,आवासिय क्षेत्र
बरैनिया,1 नहर,632,आवासिय क्षेत्र
बरैनिया,1 नहर,644,आवासिय क्षेत्र
बरैनिया,1 नहर,647,आवासिय क्षेत्र
बरैनिया,1 नहर,663,आवासिय क्षेत्र
बरैनिया,1 नहर,664,आवासिय क्षेत्र
बरैनिया,1 नहर,665,आवासिय क्षेत्र
बरैनिया,1 नहर,668,आवासिय क्षेत्र
बरैनिया,1 नहर,669,आवासिय क्षेत्र
बरैनिया,1 नहर,705,आवासिय क्षेत्र
बरैनिया,1 नहर,806,आवासिय क्षेत्र
बरैनिया,1 नहर,807,आवासिय क्षेत्र
बरैनिया,1 नहर,808,आवासिय क्षेत्र
बरैनिया,1 नहर,809,आवासिय क्षेत्र
बरैनिया,1 नहर,810,आवासिय क्षेत्र
बरैनिया,1 नहर,828,आवासिय क्षेत्र
बरैनिया,1 नहर,829,आवासिय क्षेत्र
बरैनिया,1 नहर,916,आवासिय क्षेत्र
बरैनिया,1 नहर,917,आवासिय क्षेत्र
बरैनिया,1 नहर,934,आवासिय क्षेत्र
बरैनिया,1 नहर,935,आवासिय क्षेत्र
बरैनिया,1 नहर,1029,आवासिय क्षेत्र
बरैनिया,1 नहर,1030,आवासिय क्षेत्र
बरैनिया,1 नहर,1052,आवासिय क्षेत्र
बरैनिया,1 नहर,1053,आवासिय क्षेत्र
बरैनिया,1 नहर,1073,आवासिय क्षेत्र
बरैनिया,1 नहर,1074,आवासिय क्षेत्र
बरैनिया,1 नहर,1075,आवासिय क्षेत्र
बरैनिया,1 नहर,1076,आवासिय क्षेत्र
बरैनिया,1 नहर,1077,आवासिय क्षेत्र
बरैनिया,1 नहर,1078,आवासिय क्षेत्र
बरैनिया,1 नहर,999962,सार्वजनिक उपयोग क्षेत्र
बरैनिया,1 नहर,999963,सार्वजनिक उपयोग क्षेत्र
बरैनिया,1 नहर,999964,सार्वजनिक उपयोग क्षेत्र
बरैनिया,1 नहर,999965,सार्वजनिक उपयोग क्षेत्र
बरैनिया,1 नहर,999966,सार्वजनिक उपयोग क्षेत्र
बरैनिया,1 नहर,999967,सार्वजनिक उपयोग क्षेत्र
बरैनिया,1 नहर,999968,सार्वजनिक उपयोग क्षेत्र
बरैनिया,1 नहर,999969,सार्वजनिक उपयोग क्षेत्र
बरैनिया,1 नहर,999970,सार्वजनिक उपयोग क्षेत्र
बरैनिया,1 नहर,999971,आवासिय क्षेत्र
बरैनिया,1 नहर,999972,सार्वजनिक उपयोग क्षेत्र
बरैनिया,1 नहर,999973,आवासिय क्षेत्र
बरैनिया,1 नहर,999974,सार्वजनिक उपयोग क्षेत्र
बरैनिया,1 नहर,999975,आवासिय क्षेत्र
बरैनिया,1 नहर,999976,सार्वजनिक उपयोग क्षेत्र
बरैनिया,1 नहर,999977,आवासिय क्षेत्र
बरैनिया,1 नहर,999978,सार्वजनिक उपयोग क्षेत्र
बरैनिया,1 नहर,999979,सार्वजनिक उपयोग क्षेत्र
बरैनिया,1 नहर,999980,सार्वजनिक उपयोग क्षेत्र
बरैनिया,1 नहर,999981,सार्वजनिक उपयोग क्षेत्र
बरैनिया,1 नहर,999982,आवासिय क्षेत्र
बरैनिया,1 नहर,999983,सार्वजनिक उपयोग क्षेत्र
बरैनिया,1 नहर,999984,सार्वजनिक उपयोग क्षेत्र
बरैनिया,1 नहर,999985,सार्वजनिक उपयोग क्षेत्र
बरैनिया,1 नहर,999986,सार्वजनिक उपयोग क्षेत्र
बरैनिया,1 नहर,999987,सार्वजनिक उपयोग क्षेत्र
बरैनिया,1 नहर,999988,सार्वजनिक उपयोग क्षेत्र
बरैनिया,1 नहर,999989,सार्वजनिक उपयोग क्षेत्र
बरैनिया,1 नहर,999990,सार्वजनिक उपयोग क्षेत्र
बरैनिया,1 नहर,999991,सार्वजनिक उपयोग क्षेत्र
बरैनिया,1 नहर,999992,सार्वजनिक उपयोग क्षेत्र
बरैनिया,1 नहर,999993,सार्वजनिक उपयोग क्षेत्र
बरैनिया,1 नहर,999994,सार्वजनिक उपयोग क्षेत्र
बरैनिया,1 नहर,999995,सार्वजनिक उपयोग क्षेत्र
बरैनिया,1 नहर,999996,सार्वजनिक उपयोग क्षेत्र
बरैनिया,1 नहर,999997,सार्वजनिक उपयोग क्षेत्र
बरैनिया,1 नहर,999998,सार्वजनिक उपयोग क्षेत्र
बरैनिया,1 नहर,999999,सार्वजनिक उपयोग क्षेत्र
बरैनिया,2 क,2,आवासिय क्षेत्र
बरैनिया,2 क,4,कृषि क्षेत्र
बरैनिया,2 क,5,कृषि क्षेत्र
बरैनिया,2 क,6,कृषि क्षेत्र
बरैनिया,2 क,7,कृषि क्षेत्र
बरैनिया,2 क,8,कृषि क्षेत्र
बरैनिया,2 क,9,आवासिय क्षेत्र
बरैनिया,2 क,10,आवासिय क्षेत्र
बरैनिया,2 क,11,आवासिय क्षेत्र
बरैनिया,2 क,12,आवासिय क्षेत्र
बरैनिया,2 क,13,आवासिय क्षेत्र
बरैनिया,2 क,14,आवासिय क्षेत्र
बरैनिया,2 क,15,आवासिय क्षेत्र
बरैनिया,2 क,18,आवासिय क्षेत्र
बरैनिया,2 क,19,आवासिय क्षेत्र
बरैनिया,2 क,20,आवासिय क्षेत्र
बरैनिया,2 क,21,आवासिय क्षेत्र
बरैनिया,2 क,22,आवासिय क्षेत्र
बरैनिया,2 क,23,आवासिय क्षेत्र
बरैनिया,2 क,24,आवासिय क्षेत्र
बरैनिया,2 क,26,आवासिय क्षेत्र
बरैनिया,2 क,27,आवासिय क्षेत्र
बरैनिया,2 क,28,आवासिय क्षेत्र
बरैनिया,2 क,29,आवासिय क्षेत्र
बरैनिया,2 क,30,आवासिय क्षेत्र
बरैनिया,2 क,31,आवासिय क्षेत्र
बरैनिया,2 क,33,आवासिय क्षेत्र
बरैनिया,2 क,34,आवासिय क्षेत्र
बरैनिया,2 क,37,आवासिय क्षेत्र
बरैनिया,2 क,39,आवासिय क्षेत्र
बरैनिया,2 क,40,कृषि क्षेत्र
बरैनिया,2 क,42,कृषि क्षेत्र
बरैनिया,2 क,43,आवासिय क्षेत्र
बरैनिया,2 क,44,आवासिय क्षेत्र
बरैनिया,2 क,45,कृषि क्षेत्र
बरैनिया,2 क,46,कृषि क्षेत्र
बरैनिया,2 क,47,कृषि क्षेत्र
बरैनिया,2 क,49,कृषि क्षेत्र
बरैनिया,2 क,50,कृषि क्षेत्र
बरैनिया,2 क,51,कृषि क्षेत्र
बरैनिया,2 क,53,कृषि क्षेत्र
बरैनिया,2 क,54,कृषि क्षेत्र
बरैनिया,2 क,55,कृषि क्षेत्र
बरैनिया,2 क,57,कृषि क्षेत्र
बरैनिया,2 क,58,कृषि क्षेत्र
बरैनिया,2 क,59,कृषि क्षेत्र
बरैनिया,2 क,60,कृषि क्षेत्र
बरैनिया,2 क,61,कृषि क्षेत्र
बरैनिया,2 क,62,कृषि क्षेत्र
बरैनिया,2 क,63,कृषि क्षेत्र
बरैनिया,2 क,64,कृषि क्षेत्र
बरैनिया,2 क,65,कृषि क्षेत्र
बरैनिया,2 क,67,कृषि क्षेत्र
बरैनिया,2 क,69,कृषि क्षेत्र
बरैनिया,2 क,72,आवासिय क्षेत्र
बरैनिया,2 क,73,आवासिय क्षेत्र
बरैनिया,2 क,74,कृषि क्षेत्र
बरैनिया,2 क,75,कृषि क्षेत्र
बरैनिया,2 क,76,कृषि क्षेत्र
बरैनिया,2 क,77,कृषि क्षेत्र
बरैनिया,2 क,78,कृषि क्षेत्र
बरैनिया,2 क,79,आवासिय क्षेत्र
बरैनिया,2 क,80,आवासिय क्षेत्र
बरैनिया,2 क,81,कृषि क्षेत्र
बरैनिया,2 क,82,कृषि क्षेत्र
बरैनिया,2 क,83,आवासिय क्षेत्र
बरैनिया,2 क,84,आवासिय क्षेत्र
बरैनिया,2 क,85,आवासिय क्षेत्र
बरैनिया,2 क,87,कृषि क्षेत्र
बरैनिया,2 क,89,आवासिय क्षेत्र
बरैनिया,2 क,90,आवासिय क्षेत्र
बरैनिया,2 क,92,कृषि क्षेत्र
बरैनिया,2 क,94,आवासिय क्षेत्र
बरैनिया,2 क,95,आवासिय क्षेत्र
बरैनिया,2 क,96,आवासिय क्षेत्र
बरैनिया,2 क,97,आवासिय क्षेत्र
बरैनिया,2 क,98,आवासिय क्षेत्र
बरैनिया,2 क,99,आवासिय क्षेत्र
बरैनिया,2 क,100,आवासिय क्षेत्र
बरैनिया,2 क,101,आवासिय क्षेत्र
बरैनिया,2 क,102,आवासिय क्षेत्र
बरैनिया,2 क,103,आवासिय क्षेत्र
बरैनिया,2 क,105,आवासिय क्षेत्र
बरैनिया,2 क,107,आवासिय क्षेत्र
बरैनिया,2 क,108,आवासिय क्षेत्र
बरैनिया,2 क,109,आवासिय क्षेत्र
बरैनिया,2 क,110,आवासिय क्षेत्र
बरैनिया,2 क,114,कृषि क्षेत्र
बरैनिया,2 क,115,कृषि क्षेत्र
बरैनिया,2 क,117,आवासिय क्षेत्र
बरैनिया,2 क,118,आवासिय क्षेत्र
बरैनिया,2 क,119,आवासिय क्षेत्र
बरैनिया,2 क,120,कृषि क्षेत्र
बरैनिया,2 क,121,आवासिय क्षेत्र
बरैनिया,2 क,124,कृषि क्षेत्र
बरैनिया,2 क,125,आवासिय क्षेत्र
बरैनिया,2 क,127,कृषि क्षेत्र
बरैनिया,2 क,128,कृषि क्षेत्र
बरैनिया,2 क,129,आवासिय क्षेत्र
बरैनिया,2 क,131,आवासिय क्षेत्र
बरैनिया,2 क,133,आवासिय क्षेत्र
बरैनिया,2 क,134,आवासिय क्षेत्र
बरैनिया,2 क,136,कृषि क्षेत्र
बरैनिया,2 क,138,कृषि क्षेत्र
बरैनिया,2 क,139,आवासिय क्षेत्र
बरैनिया,2 क,140,आवासिय क्षेत्र
बरैनिया,2 क,141,आवासिय क्षेत्र
बरैनिया,2 क,142,आवासिय क्षेत्र
बरैनिया,2 क,143,आवासिय क्षेत्र
बरैनिया,2 क,144,कृषि क्षेत्र
बरैनिया,2 क,146,कृषि क्षेत्र
बरैनिया,2 क,148,कृषि क्षेत्र
बरैनिया,2 क,150,कृषि क्षेत्र
बरैनिया,2 क,153,आवासिय क्षेत्र
बरैनिया,2 क,154,आवासिय क्षेत्र
बरैनिया,2 क,156,आवासिय क्षेत्र
बरैनिया,2 क,158,कृषि क्षेत्र
बरैनिया,2 क,160,आवासिय क्षेत्र
बरैनिया,2 क,161,आवासिय क्षेत्र
बरैनिया,2 क,162,आवासिय क्षेत्र
बरैनिया,2 क,167,कृषि क्षेत्र
बरैनिया,2 क,168,आवासिय क्षेत्र
बरैनिया,2 क,170,आवासिय क्षेत्र
बरैनिया,2 क,171,कृषि क्षेत्र
बरैनिया,2 क,177,कृषि क्षेत्र
बरैनिया,2 क,179,आवासिय क्षेत्र
बरैनिया,2 क,180,आवासिय क्षेत्र
बरैनिया,2 क,182,कृषि क्षेत्र
बरैनिया,2 क,183,कृषि क्षेत्र
बरैनिया,2 क,184,कृषि क्षेत्र
बरैनिया,2 क,185,कृषि क्षेत्र
बरैनिया,2 क,187,कृषि क्षेत्र
बरैनिया,2 क,188,कृषि क्षेत्र
बरैनिया,2 क,189,कृषि क्षेत्र
बरैनिया,2 क,190,कृषि क्षेत्र
बरैनिया,2 क,191,कृषि क्षेत्र
बरैनिया,2 क,195,कृषि क्षेत्र
बरैनिया,2 क,197,आवासिय क्षेत्र
बरैनिया,2 क,198,आवासिय क्षेत्र
बरैनिया,2 क,199,आवासिय क्षेत्र
बरैनिया,2 क,200,आवासिय क्षेत्र
बरैनिया,2 क,201,आवासिय क्षेत्र
बरैनिया,2 क,203,आवासिय क्षेत्र
बरैनिया,2 क,204,आवासिय क्षेत्र
बरैनिया,2 क,205,आवासिय क्षेत्र
बरैनिया,2 क,207,आवासिय क्षेत्र
बरैनिया,2 क,208,आवासिय क्षेत्र
बरैनिया,2 क,209,आवासिय क्षेत्र
बरैनिया,2 क,210,आवासिय क्षेत्र
बरैनिया,2 क,211,आवासिय क्षेत्र
बरैनिया,2 क,212,आवासिय क्षेत्र
बरैनिया,2 क,214,आवासिय क्षेत्र
बरैनिया,2 क,215,आवासिय क्षेत्र
बरैनिया,2 क,216,आवासिय क्षेत्र
बरैनिया,2 क,217,आवासिय क्षेत्र
बरैनिया,2 क,218,आवासिय क्षेत्र
बरैनिया,2 क,219,आवासिय क्षेत्र
बरैनिया,2 क,221,आवासिय क्षेत्र
बरैनिया,2 क,223,आवासिय क्षेत्र
बरैनिया,2 क,225,आवासिय क्षेत्र
बरैनिया,2 क,226,आवासिय क्षेत्र
बरैनिया,2 क,227,आवासिय क्षेत्र
बरैनिया,2 क,228,आवासिय क्षेत्र
बरैनिया,2 क,229,आवासिय क्षेत्र
बरैनिया,2 क,230,आवासिय क्षेत्र
बरैनिया,2 क,233,कृषि क्षेत्र
बरैनिया,2 क,234,कृषि क्षेत्र
बरैनिया,2 क,235,कृषि क्षेत्र
बरैनिया,2 क,236,कृषि क्षेत्र
बरैनिया,2 क,237,कृषि क्षेत्र
बरैनिया,2 क,238,कृषि क्षेत्र
बरैनिया,2 क,239,कृषि क्षेत्र
बरैनिया,2 क,240,आवासिय क्षेत्र
बरैनिया,2 क,241,आवासिय क्षेत्र
बरैनिया,2 क,242,आवासिय क्षेत्र
बरैनिया,2 क,243,आवासिय क्षेत्र
बरैनिया,2 क,244,आवासिय क्षेत्र
बरैनिया,2 क,245,आवासिय क्षेत्र
बरैनिया,2 क,246,आवासिय क्षेत्र
बरैनिया,2 क,247,आवासिय क्षेत्र
बरैनिया,2 क,249,आवासिय क्षेत्र
बरैनिया,2 क,250,आवासिय क्षेत्र
बरैनिया,2 क,251,आवासिय क्षेत्र
बरैनिया,2 क,254,आवासिय क्षेत्र
बरैनिया,2 क,255,कृषि क्षेत्र
बरैनिया,2 क,256,आवासिय क्षेत्र
बरैनिया,2 क,257,कृषि क्षेत्र
बरैनिया,2 क,258,कृषि क्षेत्र
बरैनिया,2 क,259,कृषि क्षेत्र
बरैनिया,2 क,260,कृषि क्षेत्र
बरैनिया,2 क,263,आवासिय क्षेत्र
बरैनिया,2 क,264,आवासिय क्षेत्र
बरैनिया,2 क,265,आवासिय क्षेत्र
बरैनिया,2 क,266,कृषि क्षेत्र
बरैनिया,2 क,268,कृषि क्षेत्र
बरैनिया,2 क,269,कृषि क्षेत्र
बरैनिया,2 क,270,कृषि क्षेत्र
बरैनिया,2 क,272,आवासिय क्षेत्र
बरैनिया,2 क,273,आवासिय क्षेत्र
बरैनिया,2 क,274,आवासिय क्षेत्र
बरैनिया,2 क,275,आवासिय क्षेत्र
बरैनिया,2 क,276,आवासिय क्षेत्र
बरैनिया,2 क,278,कृषि क्षेत्र
बरैनिया,2 क,279,कृषि क्षेत्र
बरैनिया,2 क,280,कृषि क्षेत्र
बरैनिया,2 क,281,कृषि क्षेत्र
बरैनिया,2 क,282,कृषि क्षेत्र
बरैनिया,2 क,283,कृषि क्षेत्र
बरैनिया,2 क,284,कृषि क्षेत्र
बरैनिया,2 क,286,कृषि क्षेत्र
बरैनिया,2 क,287,कृषि क्षेत्र
बरैनिया,2 क,289,"नदी, खोला, ताल, सिमसार क्षेत्र"
बरैनिया,2 क,290,आवासिय क्षेत्र
बरैनिया,2 क,291,आवासिय क्षेत्र
बरैनिया,2 क,292,आवासिय क्षेत्र
बरैनिया,2 क,293,कृषि क्षेत्र
बरैनिया,2 क,294,कृषि क्षेत्र
बरैनिया,2 क,295,आवासिय क्षेत्र
बरैनिया,2 क,297,कृषि क्षेत्र
बरैनिया,2 क,299,आवासिय क्षेत्र
बरैनिया,2 क,301,कृषि क्षेत्र
बरैनिया,2 क,302,आवासिय क्षेत्र
बरैनिया,2 क,303,कृषि क्षेत्र
बरैनिया,2 क,305,कृषि क्षेत्र
बरैनिया,2 क,306,कृषि क्षेत्र
बरैनिया,2 क,307,कृषि क्षेत्र
बरैनिया,2 क,308,कृषि क्षेत्र
बरैनिया,2 क,309,कृषि क्षेत्र
बरैनिया,2 क,311,कृषि क्षेत्र
बरैनिया,2 क,312,कृषि क्षेत्र
बरैनिया,2 क,318,कृषि क्षेत्र
बरैनिया,2 क,319,कृषि क्षेत्र
बरैनिया,2 क,321,आवासिय क्षेत्र
बरैनिया,2 क,322,आवासिय क्षेत्र
बरैनिया,2 क,323,आवासिय क्षेत्र
बरैनिया,2 क,324,आवासिय क्षेत्र
बरैनिया,2 क,327,कृषि क्षेत्र
बरैनिया,2 क,328,कृषि क्षेत्र
बरैनिया,2 क,329,आवासिय क्षेत्र
बरैनिया,2 क,330,आवासिय क्षेत्र
बरैनिया,2 क,332,आवासिय क्षेत्र
बरैनिया,2 क,333,आवासिय क्षेत्र
बरैनिया,2 क,334,कृषि क्षेत्र
बरैनिया,2 क,335,कृषि क्षेत्र
बरैनिया,2 क,338,आवासिय क्षेत्र
बरैनिया,2 क,339,आवासिय क्षेत्र
बरैनिया,2 क,347,कृषि क्षेत्र
बरैनिया,2 क,348,कृषि क्षेत्र
बरैनिया,2 क,349,कृषि क्षेत्र
बरैनिया,2 क,350,कृषि क्षेत्र
बरैनिया,2 क,352,कृषि क्षेत्र
बरैनिया,2 क,355,कृषि क्षेत्र
बरैनिया,2 क,356,आवासिय क्षेत्र
बरैनिया,2 क,357,आवासिय क्षेत्र
बरैनिया,2 क,358,आवासिय क्षेत्र
बरैनिया,2 क,359,आवासिय क्षेत्र
बरैनिया,2 क,361,आवासिय क्षेत्र
बरैनिया,2 क,365,आवासिय क्षेत्र
बरैनिया,2 क,366,आवासिय क्षेत्र
बरैनिया,2 क,367,आवासिय क्षेत्र
बरैनिया,2 क,368,आवासिय क्षेत्र
बरैनिया,2 क,394,कृषि क्षेत्र
बरैनिया,2 क,524,आवासिय क्षेत्र
बरैनिया,2 क,536,कृषि क्षेत्र
बरैनिया,2 क,537,कृषि क्षेत्र
बरैनिया,2 क,538,कृषि क्षेत्र
बरैनिया,2 क,560,कृषि क्षेत्र
बरैनिया,2 क,562,कृषि क्षेत्र
बरैनिया,2 क,564,कृषि क्षेत्र
बरैनिया,2 क,565,कृषि क्षेत्र
बरैनिया,2 क,566,कृषि क्षेत्र
बरैनिया,2 क,569,कृषि क्षेत्र
बरैनिया,2 क,574,आवासिय क्षेत्र
बरैनिया,2 क,575,आवासिय क्षेत्र
बरैनिया,2 क,582,आवासिय क्षेत्र
बरैनिया,2 क,583,आवासिय क्षेत्र
बरैनिया,2 क,585,कृषि क्षेत्र
बरैनिया,2 क,586,आवासिय क्षेत्र
बरैनिया,2 क,595,आवासिय क्षेत्र
बरैनिया,2 क,617,आवासिय क्षेत्र
बरैनिया,2 क,618,आवासिय क्षेत्र
बरैनिया,2 क,634,कृषि क्षेत्र
बरैनिया,2 क,644,कृषि क्षेत्र
बरैनिया,2 क,645,कृषि क्षेत्र
बरैनिया,2 क,646,कृषि क्षेत्र
बरैनिया,2 क,647,कृषि क्षेत्र
बरैनिया,2 क,648,कृषि क्षेत्र
बरैनिया,2 क,664,कृषि क्षेत्र
बरैनिया,2 क,677,आवासिय क्षेत्र
बरैनिया,2 क,678,कृषि क्षेत्र
बरैनिया,2 क,698,कृषि क्षेत्र
बरैनिया,2 क,699,कृषि क्षेत्र
बरैनिया,2 क,710,कृषि क्षेत्र
बरैनिया,2 क,711,कृषि क्षेत्र
बरैनिया,2 क,729,कृषि क्षेत्र
बरैनिया,2 क,730,कृषि क्षेत्र
बरैनिया,2 क,739,आवासिय क्षेत्र
बरैनिया,2 क,740,आवासिय क्षेत्र
बरैनिया,2 क,743,आवासिय क्षेत्र
बरैनिया,2 क,744,आवासिय क्षेत्र
बरैनिया,2 क,747,आवासिय क्षेत्र
बरैनिया,2 क,748,आवासिय क्षेत्र
बरैनिया,2 क,762,कृषि क्षेत्र
बरैनिया,2 क,763,कृषि क्षेत्र
बरैनिया,2 क,769,आवासिय क्षेत्र
बरैनिया,2 क,770,आवासिय क्षेत्र
बरैनिया,2 क,771,आवासिय क्षेत्र
बरैनिया,2 क,803,कृषि क्षेत्र
बरैनिया,2 क,804,कृषि क्षेत्र
बरैनिया,2 क,805,आवासिय क्षेत्र
बरैनिया,2 क,806,आवासिय क्षेत्र
बरैनिया,2 क,811,कृषि क्षेत्र
बरैनिया,2 क,812,कृषि क्षेत्र
बरैनिया,2 क,829,कृषि क्षेत्र
बरैनिया,2 क,836,कृषि क्षेत्र
बरैनिया,2 क,837,कृषि क्षेत्र
बरैनिया,2 क,841,कृषि क्षेत्र
बरैनिया,2 क,842,कृषि क्षेत्र
बरैनिया,2 क,843,कृषि क्षेत्र
बरैनिया,2 क,844,कृषि क्षेत्र
बरैनिया,2 क,845,कृषि क्षेत्र
बरैनिया,2 क,854,आवासिय क्षेत्र
बरैनिया,2 क,855,आवासिय क्षेत्र
बरैनिया,2 क,856,कृषि क्षेत्र
बरैनिया,2 क,857,कृषि क्षेत्र
बरैनिया,2 क,863,आवासिय क्षेत्र
बरैनिया,2 क,870,आवासिय क्षेत्र
बरैनिया,2 क,871,आवासिय क्षेत्र
बरैनिया,2 क,872,आवासिय क्षेत्र
बरैनिया,2 क,873,आवासिय क्षेत्र
बरैनिया,2 क,874,आवासिय क्षेत्र
बरैनिया,2 क,875,कृषि क्षेत्र
बरैनिया,2 क,876,कृषि क्षेत्र
बरैनिया,2 क,879,आवासिय क्षेत्र
बरैनिया,2 क,880,आवासिय क्षेत्र
बरैनिया,2 क,881,कृषि क्षेत्र
बरैनिया,2 क,882,कृषि क्षेत्र
बरैनिया,2 क,888,आवासिय क्षेत्र
बरैनिया,2 क,889,आवासिय क्षेत्र
बरैनिया,2 क,890,आवासिय क्षेत्र
बरैनिया,2 क,891,आवासिय क्षेत्र
बरैनिया,2 क,892,आवासिय क्षेत्र
बरैनिया,2 क,894,कृषि क्षेत्र
बरैनिया,2 क,895,कृषि क्षेत्र
बरैनिया,2 क,896,आवासिय क्षेत्र
बरैनिया,2 क,897,आवासिय क्षेत्र
बरैनिया,2 क,899,आवासिय क्षेत्र
बरैनिया,2 क,900,कृषि क्षेत्र
बरैनिया,2 क,901,कृषि क्षेत्र
बरैनिया,2 क,902,आवासिय क्षेत्र
बरैनिया,2 क,904,आवासिय क्षेत्र
बरैनिया,2 क,905,आवासिय क्षेत्र
बरैनिया,2 क,906,कृषि क्षेत्र
बरैनिया,2 क,907,कृषि क्षेत्र
बरैनिया,2 क,933,कृषि क्षेत्र
बरैनिया,2 क,939,कृषि क्षेत्र
बरैनिया,2 क,940,कृषि क्षेत्र
बरैनिया,2 क,941,कृषि क्षेत्र
बरैनिया,2 क,946,कृषि क्षेत्र
बरैनिया,2 क,947,कृषि क्षेत्र
बरैनिया,2 क,991,आवासिय क्षेत्र
बरैनिया,2 क,992,आवासिय क्षेत्र
बरैनिया,2 क,993,आवासिय क्षेत्र
बरैनिया,2 क,994,आवासिय क्षेत्र
बरैनिया,2 क,1001,आवासिय क्षेत्र
बरैनिया,2 क,1004,कृषि क्षेत्र
बरैनिया,2 क,1005,कृषि क्षेत्र
बरैनिया,2 क,1007,कृषि क्षेत्र
बरैनिया,2 क,1028,कृषि क्षेत्र
बरैनिया,2 क,1029,कृषि क्षेत्र
बरैनिया,2 क,1066,आवासिय क्षेत्र
बरैनिया,2 क,1067,आवासिय क्षेत्र
बरैनिया,2 क,1068,आवासिय क्षेत्र
बरैनिया,2 क,1069,आवासिय क्षेत्र
बरैनिया,2 क,1070,आवासिय क्षेत्र
बरैनिया,2 क,1073,आवासिय क्षेत्र
बरैनिया,2 क,1074,आवासिय क्षेत्र
बरैनिया,2 क,1083,कृषि क्षेत्र
बरैनिया,2 क,1084,कृषि क्षेत्र
बरैनिया,2 क,1085,कृषि क्षेत्र
बरैनिया,2 क,1088,कृषि क्षेत्र
बरैनिया,2 क,1089,कृषि क्षेत्र
बरैनिया,2 क,1091,आवासिय क्षेत्र
बरैनिया,2 क,1100,कृषि क्षेत्र
बरैनिया,2 क,1101,कृषि क्षेत्र
बरैनिया,2 क,1109,कृषि क्षेत्र
बरैनिया,2 क,1110,कृषि क्षेत्र
बरैनिया,2 क,1111,कृषि क्षेत्र
बरैनिया,2 क,1141,आवासिय क्षेत्र
बरैनिया,2 क,1142,आवासिय क्षेत्र
बरैनिया,2 क,1143,कृषि क्षेत्र
बरैनिया,2 क,1144,कृषि क्षेत्र
बरैनिया,2 क,1145,कृषि क्षेत्र
बरैनिया,2 क,1154,आवासिय क्षेत्र
बरैनिया,2 क,1155,आवासिय क्षेत्र
बरैनिया,2 क,1156,आवासिय क्षेत्र
बरैनिया,2 क,1163,कृषि क्षेत्र
बरैनिया,2 क,1164,कृषि क्षेत्र
बरैनिया,2 क,1165,आवासिय क्षेत्र
बरैनिया,2 क,1166,आवासिय क्षेत्र
बरैनिया,2 क,1167,आवासिय क्षेत्र
बरैनिया,2 क,1168,आवासिय क्षेत्र
बरैनिया,2 क,1169,कृषि क्षेत्र
बरैनिया,2 क,1170,आवासिय क्षेत्र
बरैनिया,2 क,1171,कृषि क्षेत्र
बरैनिया,2 क,1172,कृषि क्षेत्र
बरैनिया,2 क,1173,कृषि क्षेत्र
बरैनिया,2 क,1174,कृषि क्षेत्र
बरैनिया,2 क,1200,आवासिय क्षेत्र
बरैनिया,2 क,1201,आवासिय क्षेत्र
बरैनिया,2 क,1202,कृषि क्षेत्र
बरैनिया,2 क,1203,कृषि क्षेत्र
बरैनिया,2 क,1204,कृषि क्षेत्र
बरैनिया,2 क,1216,आवासिय क्षेत्र
बरैनिया,2 क,1217,आवासिय क्षेत्र
बरैनिया,2 क,1218,आवासिय क्षेत्र
बरैनिया,2 क,1219,आवासिय क्षेत्र
बरैनिया,2 क,1220,आवासिय क्षेत्र
बरैनिया,2 क,1221,आवासिय क्षेत्र
बरैनिया,2 क,1222,आवासिय क्षेत्र
बरैनिया,2 क,1224,कृषि क्षेत्र
बरैनिया,2 क,1225,कृषि क्षेत्र
बरैनिया,2 क,1226,कृषि क्षेत्र
बरैनिया,2 क,1227,कृषि क्षेत्र
बरैनिया,2 क,1228,कृषि क्षेत्र
बरैनिया,2 क,1229,कृषि क्षेत्र
बरैनिया,2 क,1236,कृषि क्षेत्र
बरैनिया,2 क,1237,कृषि क्षेत्र
बरैनिया,2 क,1238,आवासिय क्षेत्र
बरैनिया,2 क,1239,आवासिय क्षेत्र
बरैनिया,2 क,1311,आवासिय क्षेत्र
बरैनिया,2 क,1312,आवासिय क्षेत्र
बरैनिया,2 क,1313,आवासिय क्षेत्र
बरैनिया,2 क,1314,कृषि क्षेत्र
बरैनिया,2 क,1315,कृषि क्षेत्र
बरैनिया,2 क,1323,कृषि क्षेत्र
बरैनिया,2 क,1324,कृषि क्षेत्र
बरैनिया,2 क,1331,कृषि क्षेत्र
बरैनिया,2 क,1332,कृषि क्षेत्र
बरैनिया,2 क,1333,कृषि क्षेत्र
बरैनिया,2 क,1334,कृषि क्षेत्र
बरैनिया,2 क,1335,कृषि क्षेत्र
बरैनिया,2 क,9999,कृषि क्षेत्र
बरैनिया,2 क,9999,सार्वजनिक उपयोग क्षेत्र
बरैनिया,2 ख गाउँ,1,आवासिय क्षेत्र
बरैनिया,2 ख गाउँ,2,आवासिय क्षेत्र
बरैनिया,2 ख गाउँ,3,आवासिय क्षेत्र
बरैनिया,2 ख गाउँ,4,आवासिय क्षेत्र
बरैनिया,2 ख गाउँ,5,आवासिय क्षेत्र
बरैनिया,2 ख गाउँ,6,आवासिय क्षेत्र
बरैनिया,2 ख गाउँ,7,आवासिय क्षेत्र
बरैनिया,2 ख गाउँ,10,आवासिय क्षेत्र
बरैनिया,2 ख गाउँ,11,आवासिय क्षेत्र
बरैनिया,2 ख गाउँ,12,आवासिय क्षेत्र
बरैनिया,2 ख गाउँ,13,आवासिय क्षेत्र
बरैनिया,2 ख गाउँ,14,आवासिय क्षेत्र
बरैनिया,2 ख गाउँ,15,आवासिय क्षेत्र
बरैनिया,2 ख गाउँ,16,आवासिय क्षेत्र
बरैनिया,2 ख गाउँ,17,आवासिय क्षेत्र
बरैनिया,2 ख गाउँ,18,आवासिय क्षेत्र
बरैनिया,2 ख गाउँ,20,आवासिय क्षेत्र
बरैनिया,2 ख गाउँ,21,आवासिय क्षेत्र
बरैनिया,2 ख गाउँ,22,आवासिय क्षेत्र
बरैनिया,2 ख गाउँ,23,आवासिय क्षेत्र
बरैनिया,2 ख गाउँ,24,आवासिय क्षेत्र
बरैनिया,2 ख गाउँ,25,आवासिय क्षेत्र
बरैनिया,2 ख गाउँ,26,आवासिय क्षेत्र
बरैनिया,2 ख गाउँ,27,आवासिय क्षेत्र
बरैनिया,2 ख गाउँ,28,आवासिय क्षेत्र
बरैनिया,2 ख गाउँ,29,आवासिय क्षेत्र
बरैनिया,2 ख गाउँ,30,आवासिय क्षेत्र
बरैनिया,2 ख गाउँ,34,आवासिय क्षेत्र
बरैनिया,2 ख गाउँ,35,आवासिय क्षेत्र
बरैनिया,2 ख गाउँ,36,आवासिय क्षेत्र
बरैनिया,2 ख गाउँ,37,आवासिय क्षेत्र
बरैनिया,2 ख गाउँ,38,आवासिय क्षेत्र
बरैनिया,2 ख गाउँ,39,आवासिय क्षेत्र
बरैनिया,2 ख गाउँ,40,आवासिय क्षेत्र
बरैनिया,2 ख गाउँ,41,आवासिय क्षेत्र
बरैनिया,2 ख गाउँ,42,आवासिय क्षेत्र
बरैनिया,2 ख गाउँ,43,आवासिय क्षेत्र
बरैनिया,2 ख गाउँ,44,आवासिय क्षेत्र
बरैनिया,2 ख गाउँ,45,आवासिय क्षेत्र
बरैनिया,2 ख गाउँ,49,आवासिय क्षेत्र
बरैनिया,2 ख गाउँ,50,आवासिय क्षेत्र
बरैनिया,2 ख गाउँ,51,आवासिय क्षेत्र
बरैनिया,2 ग गाउँ,1,आवासिय क्षेत्र
बरैनिया,2 ग गाउँ,2,आवासिय क्षेत्र
बरैनिया,2 ग गाउँ,4,आवासिय क्षेत्र
बरैनिया,2 ग गाउँ,5,आवासिय क्षेत्र
बरैनिया,2 ग गाउँ,6,आवासिय क्षेत्र
बरैनिया,2 ग गाउँ,7,आवासिय क्षेत्र
बरैनिया,2 ग गाउँ,8,आवासिय क्षेत्र
बरैनिया,2 ग गाउँ,9,आवासिय क्षेत्र
बरैनिया,2 ग गाउँ,10,आवासिय क्षेत्र
बरैनिया,2 ग गाउँ,11,आवासिय क्षेत्र
बरैनिया,2 ग गाउँ,12,आवासिय क्षेत्र
बरैनिया,2 ग गाउँ,13,आवासिय क्षेत्र
बरैनिया,2 ग गाउँ,18,आवासिय क्षेत्र
बरैनिया,2 ग गाउँ,19,आवासिय क्षेत्र
बरैनिया,2 ग गाउँ,20,आवासिय क्षेत्र
बरैनिया,2 ग गाउँ,21,आवासिय क्षेत्र
बरैनिया,2 ग गाउँ,22,आवासिय क्षेत्र
बरैनिया,2 ग गाउँ,23,सार्वजनिक उपयोग क्षेत्र
बरैनिया,2 ग गाउँ,24,आवासिय क्षेत्र
बरैनिया,2 ग गाउँ,25,आवासिय क्षेत्र
बरैनिया,2 ग गाउँ,26,आवासिय क्षेत्र
बरैनिया,2 ग गाउँ,27,आवासिय क्षेत्र
बरैनिया,2 ग गाउँ,28,आवासिय क्षेत्र
बरैनिया,2 ग गाउँ,29,आवासिय क्षेत्र
बरैनिया,2 ग गाउँ,30,आवासिय क्षेत्र
बरैनिया,2 ग गाउँ,31,आवासिय क्षेत्र
बरैनिया,2 ग गाउँ,32,आवासिय क्षेत्र
बरैनिया,2 ग गाउँ,33,आवासिय क्षेत्र
बरैनिया,2 ग गाउँ,34,आवासिय क्षेत्र
बरैनिया,2 ग गाउँ,36,आवासिय क्षेत्र
बरैनिया,2 ग गाउँ,37,आवासिय क्षेत्र
बरैनिया,2 ग गाउँ,38,आवासिय क्षेत्र
बरैनिया,2 ग गाउँ,39,आवासिय क्षेत्र
बरैनिया,2 ग गाउँ,40,आवासिय क्षेत्र
बरैनिया,2 ग गाउँ,41,आवासिय क्षेत्र
बरैनिया,2 ग गाउँ,42,आवासिय क्षेत्र
बरैनिया,2 ग गाउँ,43,आवासिय क्षेत्र
बरैनिया,2 ग गाउँ,44,आवासिय क्षेत्र
बरैनिया,2 ग गाउँ,45,आवासिय क्षेत्र
बरैनिया,2 ग गाउँ,52,आवासिय क्षेत्र
बरैनिया,2 ग गाउँ,53,आवासिय क्षेत्र
बरैनिया,2-1 क नहर,0,सार्वजनिक उपयोग क्षेत्र
बरैनिया,2-1 क नहर,0,आवासिय क्षेत्र
बरैनिया,2-1 क नहर,3,आवासिय क्षेत्र
बरैनिया,2-1 क नहर,12,आवासिय क्षेत्र
बरैनिया,2-1 क नहर,13,आवासिय क्षेत्र
बरैनिया,2-1 क नहर,14,आवासिय क्षेत्र
बरैनिया,2-1 क नहर,15,आवासिय क्षेत्र
बरैनिया,2-1 क नहर,16,आवासिय क्षेत्र
बरैनिया,2-1 क नहर,17,आवासिय क्षेत्र
बरैनिया,2-1 क नहर,22,आवासिय क्षेत्र
बरैनिया,2-1 क नहर,27,आवासिय क्षेत्र
बरैनिया,2-1 क नहर,28,आवासिय क्षेत्र
बरैनिया,2-1 क नहर,30,आवासिय क्षेत्र
बरैनिया,2-1 क नहर,72,आवासिय क्षेत्र
बरैनिया,2-1 क नहर,323,आवासिय क्षेत्र
बरैनिया,2-1 क नहर,324,आवासिय क्षेत्र
बरैनिया,2-1 क नहर,324,आवासिय क्षेत्र
बरैनिया,2-1 क नहर,332,आवासिय क्षेत्र
बरैनिया,2-1 क नहर,333,आवासिय क्षेत्र
बरैनिया,2-1 क नहर,334,आवासिय क्षेत्र
बरैनिया,2-1 क नहर,335,आवासिय क्षेत्र
बरैनिया,2-1 क नहर,359,आवासिय क्षेत्र
बरैनिया,2-1 क नहर,366,आवासिय क्षेत्र
बरैनिया,2-1 क नहर,367,आवासिय क्षेत्र
बरैनिया,2-1 क नहर,368,आवासिय क्षेत्र
बरैनिया,2-1 क नहर,369,आवासिय क्षेत्र
बरैनिया,2-1 क नहर,373,आवासिय क्षेत्र
बरैनिया,2-1 क नहर,378,आवासिय क्षेत्र
बरैनिया,2-1 क नहर,379,आवासिय क्षेत्र
बरैनिया,2-1 क नहर,381,आवासिय क्षेत्र
बरैनिया,2-1 क नहर,382,आवासिय क्षेत्र
बरैनिया,2-1 क नहर,383,आवासिय क्षेत्र
बरैनिया,2-1 क नहर,384,आवासिय क्षेत्र
बरैनिया,2-1 क नहर,384,आवासिय क्षेत्र
बरैनिया,2-1 क नहर,385,आवासिय क्षेत्र
बरैनिया,2-1 क नहर,387,आवासिय क्षेत्र
बरैनिया,2-1 क नहर,388,आवासिय क्षेत्र
बरैनिया,2-1 क नहर,389,आवासिय क्षेत्र
बरैनिया,2-1 क नहर,391,आवासिय क्षेत्र
बरैनिया,2-1 क नहर,395,आवासिय क्षेत्र
बरैनिया,2-1 क नहर,400,आवासिय क्षेत्र
बरैनिया,2-1 क नहर,401,आवासिय क्षेत्र
बरैनिया,2-1 क नहर,402,आवासिय क्षेत्र
बरैनिया,2-1 क नहर,403,आवासिय क्षेत्र
बरैनिया,2-1 क नहर,404,आवासिय क्षेत्र
बरैनिया,2-1 क नहर,405,आवासिय क्षेत्र
बरैनिया,2-1 क नहर,406,आवासिय क्षेत्र
बरैनिया,2-1 क नहर,407,आवासिय क्षेत्र
बरैनिया,2-1 क नहर,410,आवासिय क्षेत्र
बरैनिया,2-1 क नहर,411,आवासिय क्षेत्र
बरैनिया,2-1 क नहर,412,आवासिय क्षेत्र
बरैनिया,2-1 क नहर,413,आवासिय क्षेत्र
बरैनिया,2-1 क नहर,414,आवासिय क्षेत्र
बरैनिया,2-1 क नहर,416,आवासिय क्षेत्र
बरैनिया,2-1 क नहर,417,आवासिय क्षेत्र
बरैनिया,2-1 क नहर,418,आवासिय क्षेत्र
बरैनिया,2-1 क नहर,420,आवासिय क्षेत्र
बरैनिया,2-1 क नहर,421,आवासिय क्षेत्र
बरैनिया,2-1 क नहर,427,आवासिय क्षेत्र
बरैनिया,2-1 क नहर,429,आवासिय क्षेत्र
बरैनिया,2-1 क नहर,430,आवासिय क्षेत्र
बरैनिया,2-1 क नहर,431,आवासिय क्षेत्र
बरैनिया,2-1 क नहर,432,आवासिय क्षेत्र
बरैनिया,2-1 क नहर,473,आवासिय क्षेत्र
बरैनिया,2-1 क नहर,475,आवासिय क्षेत्र
बरैनिया,2-1 क नहर,476,आवासिय क्षेत्र
बरैनिया,2-1 क नहर,477,आवासिय क्षेत्र
बरैनिया,2-1 क नहर,481,आवासिय क्षेत्र
बरैनिया,2-1 क नहर,485,आवासिय क्षेत्र
बरैनिया,2-1 क नहर,488,आवासिय क्षेत्र
बरैनिया,2-1 क नहर,490,आवासिय क्षेत्र
बरैनिया,2-1 क नहर,493,आवासिय क्षेत्र
बरैनिया,2-1 क नहर,497,आवासिय क्षेत्र
बरैनिया,2-1 क नहर,497,आवासिय क्षेत्र
बरैनिया,2-1 क नहर,502,आवासिय क्षेत्र
बरैनिया,2-1 क नहर,503,आवासिय क्षेत्र
बरैनिया,2-1 क नहर,504,आवासिय क्षेत्र
बरैनिया,2-1 क नहर,505,आवासिय क्षेत्र
बरैनिया,2-1 क नहर,506,आवासिय क्षेत्र
बरैनिया,2-1 क नहर,507,आवासिय क्षेत्र
बरैनिया,2-1 क नहर,508,आवासिय क्षेत्र
बरैनिया,2-1 क नहर,509,आवासिय क्षेत्र
बरैनिया,2-1 क नहर,510,आवासिय क्षेत्र
बरैनिया,2-1 क नहर,511,आवासिय क्षेत्र
बरैनिया,2-1 क नहर,512,आवासिय क्षेत्र
बरैनिया,2-1 क नहर,513,आवासिय क्षेत्र
बरैनिया,2-1 क नहर,520,आवासिय क्षेत्र
बरैनिया,2-1 क नहर,523,आवासिय क्षेत्र
बरैनिया,2-1 क नहर,524,आवासिय क्षेत्र
बरैनिया,2-1 क नहर,557,आवासिय क्षेत्र
बरैनिया,2-1 क नहर,570,आवासिय क्षेत्र
बरैनिया,2-1 क नहर,571,आवासिय क्षेत्र
बरैनिया,2-1 क नहर,650,आवासिय क्षेत्र
बरैनिया,2-1 क नहर,658,आवासिय क्षेत्र
बरैनिया,2-1 क नहर,661,आवासिय क्षेत्र
बरैनिया,2-1 क नहर,662,आवासिय क्षेत्र
बरैनिया,2-1 क नहर,703,आवासिय क्षेत्र
बरैनिया,2-1 क नहर,704,आवासिय क्षेत्र
बरैनिया,2-1 क नहर,705,आवासिय क्षेत्र
बरैनिया,2-1 क नहर,706,आवासिय क्षेत्र
बरैनिया,2-1 क नहर,707,आवासिय क्षेत्र
बरैनिया,2-1 क नहर,708,आवासिय क्षेत्र
बरैनिया,2-1 क नहर,731,आवासिय क्षेत्र
बरैनिया,2-1 क नहर,732,आवासिय क्षेत्र
बरैनिया,2-1 क नहर,733,आवासिय क्षेत्र
बरैनिया,2-1 क नहर,734,आवासिय क्षेत्र
बरैनिया,2-1 क नहर,756,आवासिय क्षेत्र
बरैनिया,2-1 क नहर,757,आवासिय क्षेत्र
बरैनिया,2-1 क नहर,757,आवासिय क्षेत्र
बरैनिया,2-1 क नहर,758,आवासिय क्षेत्र
बरैनिया,2-1 क नहर,764,आवासिय क्षेत्र
बरैनिया,2-1 क नहर,765,आवासिय क्षेत्र
बरैनिया,2-1 क नहर,795,आवासिय क्षेत्र
बरैनिया,2-1 क नहर,796,आवासिय क्षेत्र
बरैनिया,2-1 क नहर,797,आवासिय क्षेत्र
बरैनिया,2-1 क नहर,798,आवासिय क्षेत्र
बरैनिया,2-1 क नहर,799,आवासिय क्षेत्र
बरैनिया,2-1 क नहर,800,आवासिय क्षेत्र
बरैनिया,2-1 क नहर,801,आवासिय क्षेत्र
बरैनिया,2-1 क नहर,802,आवासिय क्षेत्र
बरैनिया,2-1 क नहर,810,आवासिय क्षेत्र
बरैनिया,2-1 क नहर,822,आवासिय क्षेत्र
बरैनिया,2-1 क नहर,848,आवासिय क्षेत्र
बरैनिया,2-1 क नहर,849,आवासिय क्षेत्र
बरैनिया,2-1 क नहर,850,आवासिय क्षेत्र
बरैनिया,2-1 क नहर,851,आवासिय क्षेत्र
बरैनिया,2-1 क नहर,852,आवासिय क्षेत्र
बरैनिया,2-1 क नहर,853,आवासिय क्षेत्र
बरैनिया,2-1 क नहर,854,आवासिय क्षेत्र
बरैनिया,2-1 क नहर,908,आवासिय क्षेत्र
बरैनिया,2-1 क नहर,909,आवासिय क्षेत्र
बरैनिया,2-1 क नहर,910,आवासिय क्षेत्र
बरैनिया,2-1 क नहर,911,आवासिय क्षेत्र
बरैनिया,2-1 क नहर,913,आवासिय क्षेत्र
बरैनिया,2-1 क नहर,914,आवासिय क्षेत्र
बरैनिया,2-1 क नहर,926,आवासिय क्षेत्र
बरैनिया,2-1 क नहर,931,आवासिय क्षेत्र
बरैनिया,2-1 क नहर,932,आवासिय क्षेत्र
बरैनिया,2-1 क नहर,950,आवासिय क्षेत्र
बरैनिया,2-1 क नहर,951,आवासिय क्षेत्र
बरैनिया,2-1 क नहर,965,आवासिय क्षेत्र
बरैनिया,2-1 क नहर,966,आवासिय क्षेत्र
बरैनिया,2-1 क नहर,967,आवासिय क्षेत्र
बरैनिया,2-1 क नहर,973,आवासिय क्षेत्र
बरैनिया,2-1 क नहर,974,आवासिय क्षेत्र
बरैनिया,2-1 क नहर,975,आवासिय क्षेत्र
बरैनिया,2-1 क नहर,976,आवासिय क्षेत्र
बरैनिया,2-1 क नहर,990,आवासिय क्षेत्र
बरैनिया,2-1 क नहर,994,आवासिय क्षेत्र
बरैनिया,2-1 क नहर,1075,आवासिय क्षेत्र
बरैनिया,2-1 क नहर,1076,आवासिय क्षेत्र
बरैनिया,2-1 क नहर,1077,आवासिय क्षेत्र
बरैनिया,2-1 क नहर,1078,आवासिय क्षेत्र
बरैनिया,2-1 क नहर,1079,आवासिय क्षेत्र
बरैनिया,2-1 क नहर,1086,आवासिय क्षेत्र
बरैनिया,2-1 क नहर,1087,आवासिय क्षेत्र
बरैनिया,2-1 क नहर,1104,आवासिय क्षेत्र
बरैनिया,2-1 क नहर,1105,आवासिय क्षेत्र
बरैनिया,2-1 क नहर,1106,आवासिय क्षेत्र
बरैनिया,2-1 क नहर,1128,आवासिय क्षेत्र
बरैनिया,2-1 क नहर,1130,आवासिय क्षेत्र
बरैनिया,2-1 क नहर,1132,आवासिय क्षेत्र
बरैनिया,2-1 क नहर,1133,आवासिय क्षेत्र
बरैनिया,2-1 क नहर,1136,आवासिय क्षेत्र
बरैनिया,2-1 क नहर,1137,आवासिय क्षेत्र
बरैनिया,2-1 क नहर,1138,आवासिय क्षेत्र
बरैनिया,2-1 क नहर,1139,आवासिय क्षेत्र
बरैनिया,2-1 क नहर,1157,आवासिय क्षेत्र
बरैनिया,2-1 क नहर,1158,आवासिय क्षेत्र
बरैनिया,2-1 क नहर,1159,आवासिय क्षेत्र
बरैनिया,2-1 क नहर,1160,आवासिय क्षेत्र
बरैनिया,2-1 क नहर,1161,आवासिय क्षेत्र
बरैनिया,2-1 क नहर,1162,आवासिय क्षेत्र
बरैनिया,2-1 क नहर,1175,आवासिय क्षेत्र
बरैनिया,2-1 क नहर,1176,आवासिय क्षेत्र
बरैनिया,2-1 क नहर,1177,आवासिय क्षेत्र
बरैनिया,2-1 क नहर,1178,आवासिय क्षेत्र
बरैनिया,2-1 क नहर,1194,सार्वजनिक उपयोग क्षेत्र
बरैनिया,2-1 क नहर,1194,आवासिय क्षेत्र
बरैनिया,2-1 क नहर,1195,आवासिय क्षेत्र
बरैनिया,2-1 क नहर,1205,आवासिय क्षेत्र
बरैनिया,2-1 क नहर,1206,आवासिय क्षेत्र
बरैनिया,2-1 क नहर,1208,आवासिय क्षेत्र
बरैनिया,2-1 क नहर,1209,आवासिय क्षेत्र
बरैनिया,2-1 क नहर,1210,आवासिय क्षेत्र
बरैनिया,2-1 क नहर,1211,आवासिय क्षेत्र
बरैनिया,2-1 क नहर,1212,आवासिय क्षेत्र
बरैनिया,2-1 क नहर,1214,आवासिय क्षेत्र
बरैनिया,2-1 क नहर,1254,आवासिय क्षेत्र
बरैनिया,2-1 क नहर,1255,आवासिय क्षेत्र
बरैनिया,2-1 क नहर,1256,आवासिय क्षेत्र
बरैनिया,2-1 क नहर,1277,आवासिय क्षेत्र
बरैनिया,2-1 क नहर,1278,आवासिय क्षेत्र
बरैनिया,2-1 क नहर,1285,आवासिय क्षेत्र
बरैनिया,2-1 क नहर,1286,आवासिय क्षेत्र
बरैनिया,2-1 क नहर,1287,आवासिय क्षेत्र
बरैनिया,2-1 क नहर,1288,आवासिय क्षेत्र
बरैनिया,2-1 क नहर,1289,आवासिय क्षेत्र
बरैनिया,2-1 क नहर,1290,आवासिय क्षेत्र
बरैनिया,2-1 क नहर,1291,आवासिय क्षेत्र
बरैनिया,2-1 क नहर,1292,आवासिय क्षेत्र
बरैनिया,2-1 क नहर,1293,आवासिय क्षेत्र
बरैनिया,2-1 क नहर,1294,आवासिय क्षेत्र
बरैनिया,2-1 क नहर,1295,आवासिय क्षेत्र
बरैनिया,2-1 क नहर,1297,आवासिय क्षेत्र
बरैनिया,2-1 क नहर,1299,आवासिय क्षेत्र
बरैनिया,2-1 क नहर,1300,आवासिय क्षेत्र
बरैनिया,2-1 क नहर,1301,आवासिय क्षेत्र
बरैनिया,2-1 क नहर,1309,आवासिय क्षेत्र
बरैनिया,2-1 क नहर,1310,आवासिय क्षेत्र
बरैनिया,2-1 क नहर,1322,आवासिय क्षेत्र
बरैनिया,2-1 क नहर,9991,आवासिय क्षेत्र
बरैनिया,2-1 क नहर,9993,सार्वजनिक उपयोग क्षेत्र
बरैनिया,2-1 क नहर,9993,आवासिय क्षेत्र
बरैनिया,2-2 क नहर,132,आवासिय क्षेत्र
बरैनिया,2-2 क नहर,133,आवासिय क्षेत्र
बरैनिया,2-2 क नहर,166,आवासिय क्षेत्र
बरैनिया,2-2 क नहर,202,आवासिय क्षेत्र
बरैनिया,2-2 क नहर,212,आवासिय क्षेत्र
बरैनिया,2-2 क नहर,213,आवासिय क्षेत्र
बरैनिया,2-2 क नहर,215,आवासिय क्षेत्र
बरैनिया,2-2 क नहर,216,आवासिय क्षेत्र
बरैनिया,2-2 क नहर,217,आवासिय क्षेत्र
बरैनिया,2-2 क नहर,218,आवासिय क्षेत्र
बरैनिया,2-2 क नहर,219,आवासिय क्षेत्र
बरैनिया,2-2 क नहर,225,आवासिय क्षेत्र
बरैनिया,2-2 क नहर,226,आवासिय क्षेत्र
बरैनिया,2-2 क नहर,243,सार्वजनिक उपयोग क्षेत्र
बरैनिया,2-2 क नहर,246,आवासिय क्षेत्र
बरैनिया,2-2 क नहर,261,आवासिय क्षेत्र
बरैनिया,2-2 क नहर,268,आवासिय क्षेत्र
बरैनिया,2-2 क नहर,277,आवासिय क्षेत्र
बरैनिया,2-2 क नहर,356,आवासिय क्षेत्र
बरैनिया,2-2 क नहर,357,आवासिय क्षेत्र
बरैनिया,2-2 क नहर,372,सार्वजनिक उपयोग क्षेत्र
बरैनिया,2-2 क नहर,434,आवासिय क्षेत्र
बरैनिया,2-2 क नहर,435,आवासिय क्षेत्र
बरैनिया,2-2 क नहर,436,आवासिय क्षेत्र
बरैनिया,2-2 क नहर,437,आवासिय क्षेत्र
बरैनिया,2-2 क नहर,438,आवासिय क्षेत्र
बरैनिया,2-2 क नहर,441,आवासिय क्षेत्र
बरैनिया,2-2 क नहर,443,आवासिय क्षेत्र
बरैनिया,2-2 क नहर,444,आवासिय क्षेत्र
बरैनिया,2-2 क नहर,445,आवासिय क्षेत्र
बरैनिया,2-2 क नहर,449,आवासिय क्षेत्र
बरैनिया,2-2 क नहर,450,आवासिय क्षेत्र
बरैनिया,2-2 क नहर,451,आवासिय क्षेत्र
बरैनिया,2-2 क नहर,452,आवासिय क्षेत्र
बरैनिया,2-2 क नहर,452,आवासिय क्षेत्र
बरैनिया,2-2 क नहर,453,आवासिय क्षेत्र
बरैनिया,2-2 क नहर,454,आवासिय क्षेत्र
बरैनिया,2-2 क नहर,455,आवासिय क्षेत्र
बरैनिया,2-2 क नहर,464,आवासिय क्षेत्र
बरैनिया,2-2 क नहर,464,आवासिय क्षेत्र
बरैनिया,2-2 क नहर,464,आवासिय क्षेत्र
बरैनिया,2-2 क नहर,467,आवासिय क्षेत्र
बरैनिया,2-2 क नहर,525,आवासिय क्षेत्र
बरैनिया,2-2 क नहर,526,आवासिय क्षेत्र
बरैनिया,2-2 क नहर,527,आवासिय क्षेत्र
बरैनिया,2-2 क नहर,528,आवासिय क्षेत्र
बरैनिया,2-2 क नहर,531,आवासिय क्षेत्र
बरैनिया,2-2 क नहर,532,आवासिय क्षेत्र
बरैनिया,2-2 क नहर,535,आवासिय क्षेत्र
बरैनिया,2-2 क नहर,536,आवासिय क्षेत्र
बरैनिया,2-2 क नहर,537,आवासिय क्षेत्र
बरैनिया,2-2 क नहर,538,आवासिय क्षेत्र
बरैनिया,2-2 क नहर,539,आवासिय क्षेत्र
बरैनिया,2-2 क नहर,541,आवासिय क्षेत्र
बरैनिया,2-2 क नहर,542,आवासिय क्षेत्र
बरैनिया,2-2 क नहर,543,आवासिय क्षेत्र
बरैनिया,2-2 क नहर,544,आवासिय क्षेत्र
बरैनिया,2-2 क नहर,545,आवासिय क्षेत्र
बरैनिया,2-2 क नहर,546,आवासिय क्षेत्र
बरैनिया,2-2 क नहर,547,आवासिय क्षेत्र
बरैनिया,2-2 क नहर,548,आवासिय क्षेत्र
बरैनिया,2-2 क नहर,549,आवासिय क्षेत्र
बरैनिया,2-2 क नहर,550,आवासिय क्षेत्र
बरैनिया,2-2 क नहर,551,आवासिय क्षेत्र
बरैनिया,2-2 क नहर,552,आवासिय क्षेत्र
बरैनिया,2-2 क नहर,553,आवासिय क्षेत्र
बरैनिया,2-2 क नहर,554,आवासिय क्षेत्र
बरैनिया,2-2 क नहर,558,आवासिय क्षेत्र
बरैनिया,2-2 क नहर,559,आवासिय क्षेत्र
बरैनिया,2-2 क नहर,578,आवासिय क्षेत्र
बरैनिया,2-2 क नहर,579,आवासिय क्षेत्र
बरैनिया,2-2 क नहर,580,आवासिय क्षेत्र
बरैनिया,2-2 क नहर,599,आवासिय क्षेत्र
बरैनिया,2-2 क नहर,601,आवासिय क्षेत्र
बरैनिया,2-2 क नहर,602,आवासिय क्षेत्र
बरैनिया,2-2 क नहर,603,आवासिय क्षेत्र
बरैनिया,2-2 क नहर,604,आवासिय क्षेत्र
बरैनिया,2-2 क नहर,621,आवासिय क्षेत्र
बरैनिया,2-2 क नहर,624,आवासिय क्षेत्र
बरैनिया,2-2 क नहर,625,आवासिय क्षेत्र
बरैनिया,2-2 क नहर,628,आवासिय क्षेत्र
बरैनिया,2-2 क नहर,629,आवासिय क्षेत्र
बरैनिया,2-2 क नहर,630,आवासिय क्षेत्र
बरैनिया,2-2 क नहर,631,आवासिय क्षेत्र
बरैनिया,2-2 क नहर,656,आवासिय क्षेत्र
बरैनिया,2-2 क नहर,657,आवासिय क्षेत्र
बरैनिया,2-2 क नहर,664,आवासिय क्षेत्र
बरैनिया,2-2 क नहर,665,आवासिय क्षेत्र
बरैनिया,2-2 क नहर,667,आवासिय क्षेत्र
बरैनिया,2-2 क नहर,683,आवासिय क्षेत्र
बरैनिया,2-2 क नहर,689,आवासिय क्षेत्र
बरैनिया,2-2 क नहर,690,आवासिय क्षेत्र
बरैनिया,2-2 क नहर,691,आवासिय क्षेत्र
बरैनिया,2-2 क नहर,692,आवासिय क्षेत्र
बरैनिया,2-2 क नहर,700,आवासिय क्षेत्र
बरैनिया,2-2 क नहर,701,आवासिय क्षेत्र
बरैनिया,2-2 क नहर,702,आवासिय क्षेत्र
बरैनिया,2-2 क नहर,713,आवासिय क्षेत्र
बरैनिया,2-2 क नहर,714,आवासिय क्षेत्र
बरैनिया,2-2 क नहर,737,आवासिय क्षेत्र
बरैनिया,2-2 क नहर,741,आवासिय क्षेत्र
बरैनिया,2-2 क नहर,742,आवासिय क्षेत्र
बरैनिया,2-2 क नहर,766,आवासिय क्षेत्र
बरैनिया,2-2 क नहर,792,आवासिय क्षेत्र
बरैनिया,2-2 क नहर,793,आवासिय क्षेत्र
बरैनिया,2-2 क नहर,813,आवासिय क्षेत्र
बरैनिया,2-2 क नहर,814,आवासिय क्षेत्र
बरैनिया,2-2 क नहर,815,आवासिय क्षेत्र
बरैनिया,2-2 क नहर,816,आवासिय क्षेत्र
बरैनिया,2-2 क नहर,817,आवासिय क्षेत्र
बरैनिया,2-2 क नहर,818,आवासिय क्षेत्र
बरैनिया,2-2 क नहर,821,आवासिय क्षेत्र
बरैनिया,2-2 क नहर,823,आवासिय क्षेत्र
बरैनिया,2-2 क नहर,824,आवासिय क्षेत्र
बरैनिया,2-2 क नहर,825,आवासिय क्षेत्र
बरैनिया,2-2 क नहर,826,आवासिय क्षेत्र
बरैनिया,2-2 क नहर,827,आवासिय क्षेत्र
बरैनिया,2-2 क नहर,833,आवासिय क्षेत्र
बरैनिया,2-2 क नहर,839,आवासिय क्षेत्र
बरैनिया,2-2 क नहर,840,आवासिय क्षेत्र
बरैनिया,2-2 क नहर,858,आवासिय क्षेत्र
बरैनिया,2-2 क नहर,859,आवासिय क्षेत्र
बरैनिया,2-2 क नहर,860,आवासिय क्षेत्र
बरैनिया,2-2 क नहर,861,आवासिय क्षेत्र
बरैनिया,2-2 क नहर,862,आवासिय क्षेत्र
बरैनिया,2-2 क नहर,863,आवासिय क्षेत्र
बरैनिया,2-2 क नहर,864,आवासिय क्षेत्र
बरैनिया,2-2 क नहर,865,आवासिय क्षेत्र
बरैनिया,2-2 क नहर,866,आवासिय क्षेत्र
बरैनिया,2-2 क नहर,867,आवासिय क्षेत्र
बरैनिया,2-2 क नहर,868,आवासिय क्षेत्र
बरैनिया,2-2 क नहर,869,आवासिय क्षेत्र
बरैनिया,2-2 क नहर,885,आवासिय क्षेत्र
बरैनिया,2-2 क नहर,886,आवासिय क्षेत्र
बरैनिया,2-2 क नहर,887,आवासिय क्षेत्र
बरैनिया,2-2 क नहर,944,आवासिय क्षेत्र
बरैनिया,2-2 क नहर,945,आवासिय क्षेत्र
बरैनिया,2-2 क नहर,971,आवासिय क्षेत्र
बरैनिया,2-2 क नहर,972,आवासिय क्षेत्र
बरैनिया,2-2 क नहर,1028,आवासिय क्षेत्र
बरैनिया,2-2 क नहर,1040,आवासिय क्षेत्र
बरैनिया,2-2 क नहर,1047,आवासिय क्षेत्र
बरैनिया,2-2 क नहर,1048,आवासिय क्षेत्र
बरैनिया,2-2 क नहर,1049,आवासिय क्षेत्र
बरैनिया,2-2 क नहर,1051,आवासिय क्षेत्र
बरैनिया,2-2 क नहर,1052,आवासिय क्षेत्र
बरैनिया,2-2 क नहर,1053,आवासिय क्षेत्र
बरैनिया,2-2 क नहर,1054,आवासिय क्षेत्र
बरैनिया,2-2 क नहर,1118,आवासिय क्षेत्र
बरैनिया,2-2 क नहर,1119,आवासिय क्षेत्र
बरैनिया,2-2 क नहर,1120,आवासिय क्षेत्र
बरैनिया,2-2 क नहर,1123,आवासिय क्षेत्र
बरैनिया,2-2 क नहर,1125,आवासिय क्षेत्र
बरैनिया,2-2 क नहर,1126,आवासिय क्षेत्र
बरैनिया,2-2 क नहर,1147,आवासिय क्षेत्र
बरैनिया,2-2 क नहर,1148,आवासिय क्षेत्र
बरैनिया,2-2 क नहर,1149,आवासिय क्षेत्र
बरैनिया,2-2 क नहर,1150,आवासिय क्षेत्र
बरैनिया,2-2 क नहर,1152,आवासिय क्षेत्र
बरैनिया,2-2 क नहर,1153,आवासिय क्षेत्र
बरैनिया,2-2 क नहर,1179,आवासिय क्षेत्र
बरैनिया,2-2 क नहर,1180,आवासिय क्षेत्र
बरैनिया,2-2 क नहर,1181,आवासिय क्षेत्र
बरैनिया,2-2 क नहर,1182,आवासिय क्षेत्र
बरैनिया,2-2 क नहर,1183,आवासिय क्षेत्र
बरैनिया,2-2 क नहर,1184,आवासिय क्षेत्र
बरैनिया,2-2 क नहर,1185,आवासिय क्षेत्र
बरैनिया,2-2 क नहर,1186,आवासिय क्षेत्र
बरैनिया,2-2 क नहर,1187,आवासिय क्षेत्र
बरैनिया,2-2 क नहर,1188,आवासिय क्षेत्र
बरैनिया,2-2 क नहर,1192,आवासिय क्षेत्र
बरैनिया,2-2 क नहर,1193,आवासिय क्षेत्र
बरैनिया,2-2 क नहर,1196,आवासिय क्षेत्र
बरैनिया,2-2 क नहर,1197,आवासिय क्षेत्र
बरैनिया,2-2 क नहर,1198,आवासिय क्षेत्र
बरैनिया,2-2 क नहर,1199,आवासिय क्षेत्र
बरैनिया,2-2 क नहर,1234,आवासिय क्षेत्र
बरैनिया,2-2 क नहर,1235,आवासिय क्षेत्र
बरैनिया,2-2 क नहर,1240,आवासिय क्षेत्र
बरैनिया,2-2 क नहर,1241,आवासिय क्षेत्र
बरैनिया,2-2 क नहर,1242,आवासिय क्षेत्र
बरैनिया,2-2 क नहर,1243,आवासिय क्षेत्र
बरैनिया,2-2 क नहर,1257,आवासिय क्षेत्र
बरैनिया,2-2 क नहर,1258,आवासिय क्षेत्र
बरैनिया,2-2 क नहर,1259,आवासिय क्षेत्र
बरैनिया,2-2 क नहर,1260,आवासिय क्षेत्र
बरैनिया,2-2 क नहर,1261,आवासिय क्षेत्र
बरैनिया,2-2 क नहर,1262,आवासिय क्षेत्र
बरैनिया,2-2 क नहर,1263,आवासिय क्षेत्र
बरैनिया,2-2 क नहर,1264,आवासिय क्षेत्र
बरैनिया,2-2 क नहर,1265,आवासिय क्षेत्र
बरैनिया,2-2 क नहर,1266,आवासिय क्षेत्र
बरैनिया,2-2 क नहर,1267,आवासिय क्षेत्र
बरैनिया,2-2 क नहर,1268,आवासिय क्षेत्र
बरैनिया,2-2 क नहर,1269,आवासिय क्षेत्र
बरैनिया,2-2 क नहर,1270,आवासिय क्षेत्र
बरैनिया,2-2 क नहर,1271,आवासिय क्षेत्र
बरैनिया,2-2 क नहर,1272,आवासिय क्षेत्र
बरैनिया,2-2 क नहर,1273,आवासिय क्षेत्र
बरैनिया,2-2 क नहर,1274,आवासिय क्षेत्र
बरैनिया,2-2 क नहर,1275,आवासिय क्षेत्र
बरैनिया,2-2 क नहर,1276,आवासिय क्षेत्र
बरैनिया,2-2 क नहर,1279,आवासिय क्षेत्र
बरैनिया,2-2 क नहर,1280,आवासिय क्षेत्र
बरैनिया,2-2 क नहर,1281,आवासिय क्षेत्र
बरैनिया,2-2 क नहर,1284,आवासिय क्षेत्र
बरैनिया,2-2 क नहर,1302,आवासिय क्षेत्र
बरैनिया,2-2 क नहर,1303,आवासिय क्षेत्र
बरैनिया,2-2 क नहर,1305,आवासिय क्षेत्र
बरैनिया,2-2 क नहर,1306,आवासिय क्षेत्र
बरैनिया,2-2 क नहर,1307,आवासिय क्षेत्र
बरैनिया,2-2 क नहर,1308,आवासिय क्षेत्र
बरैनिया,2-2 क नहर,1316,आवासिय क्षेत्र
बरैनिया,2-2 क नहर,1317,आवासिय क्षेत्र
बरैनिया,2-2 क नहर,1318,आवासिय क्षेत्र
बरैनिया,2-2 क नहर,1319,आवासिय क्षेत्र
बरैनिया,2-2 क नहर,1320,आवासिय क्षेत्र
बरैनिया,2-2 क नहर,1321,आवासिय क्षेत्र
बरैनिया,2-2 क नहर,1325,आवासिय क्षेत्र
बरैनिया,2-2 क नहर,1326,आवासिय क्षेत्र
बरैनिया,2-2 क नहर,1327,आवासिय क्षेत्र
बरैनिया,2-2 क नहर,1328,आवासिय क्षेत्र
बरैनिया,2-2 क नहर,1329,आवासिय क्षेत्र
बरैनिया,2-2 क नहर,1330,आवासिय क्षेत्र
बरैनिया,2-2 क नहर,9991,आवासिय क्षेत्र
बरैनिया,2-2 क नहर,999987,सार्वजनिक उपयोग क्षेत्र
बरैनिया,2-2 क नहर,999988,आवासिय क्षेत्र
बरैनिया,2-2 क नहर,999989,आवासिय क्षेत्र
बरैनिया,2-2 क नहर,999990,सार्वजनिक उपयोग क्षेत्र
बरैनिया,2-2 क नहर,999991,आवासिय क्षेत्र
बरैनिया,2-2 क नहर,999992,आवासिय क्षेत्र
बरैनिया,2-2 क नहर,999993,आवासिय क्षेत्र
बरैनिया,2-2 क नहर,999994,सार्वजनिक उपयोग क्षेत्र
बरैनिया,2-2 क नहर,999995,सार्वजनिक उपयोग क्षेत्र
बरैनिया,2-2 क नहर,999996,आवासिय क्षेत्र
बरैनिया,2-2 क नहर,999997,आवासिय क्षेत्र
बरैनिया,2-2 क नहर,999998,आवासिय क्षेत्र
बरैनिया,2-2 क नहर,999999,सार्वजनिक उपयोग क्षेत्र
बरैनिया,3,1,कृषि क्षेत्र
बरैनिया,3,4,आवासिय क्षेत्र
बरैनिया,3,9,कृषि क्षेत्र
बरैनिया,3,10,आवासिय क्षेत्र
बरैनिया,3,12,आवासिय क्षेत्र
बरैनिया,3,13,कृषि क्षेत्र
बरैनिया,3,14,कृषि क्षेत्र
बरैनिया,3,16,कृषि क्षेत्र
बरैनिया,3,17,कृषि क्षेत्र
बरैनिया,3,18,आवासिय क्षेत्र
बरैनिया,3,19,आवासिय क्षेत्र
बरैनिया,3,22,आवासिय क्षेत्र
बरैनिया,3,23,आवासिय क्षेत्र
बरैनिया,3,24,आवासिय क्षेत्र
बरैनिया,3,25,आवासिय क्षेत्र
बरैनिया,3,26,आवासिय क्षेत्र
बरैनिया,3,27,आवासिय क्षेत्र
बरैनिया,3,32,आवासिय क्षेत्र
बरैनिया,3,33,आवासिय क्षेत्र
बरैनिया,3,34,आवासिय क्षेत्र
बरैनिया,3,35,आवासिय क्षेत्र
बरैनिया,3,36,आवासिय क्षेत्र
बरैनिया,3,37,आवासिय क्षेत्र
बरैनिया,3,38,आवासिय क्षेत्र
बरैनिया,3,45,आवासिय क्षेत्र
बरैनिया,3,45,आवासिय क्षेत्र
बरैनिया,3,47,आवासिय क्षेत्र
बरैनिया,3,48,आवासिय क्षेत्र
बरैनिया,3,49,आवासिय क्षेत्र
बरैनिया,3,50,आवासिय क्षेत्र
बरैनिया,3,52,आवासिय क्षेत्र
बरैनिया,3,56,आवासिय क्षेत्र
बरैनिया,3,58,"नदी, खोला, ताल, सिमसार क्षेत्र"
बरैनिया,3,58,कृषि क्षेत्र
बरैनिया,3,59,आवासिय क्षेत्र
बरैनिया,3,60,आवासिय क्षेत्र
बरैनिया,3,63,आवासिय क्षेत्र
बरैनिया,3,64,कृषि क्षेत्र
बरैनिया,3,65,आवासिय क्षेत्र
बरैनिया,3,66,कृषि क्षेत्र
बरैनिया,3,67,कृषि क्षेत्र
बरैनिया,3,68,आवासिय क्षेत्र
बरैनिया,3,70,आवासिय क्षेत्र
बरैनिया,3,72,आवासिय क्षेत्र
बरैनिया,3,76,आवासिय क्षेत्र
बरैनिया,3,77,आवासिय क्षेत्र
बरैनिया,3,83,आवासिय क्षेत्र
बरैनिया,3,85,आवासिय क्षेत्र
बरैनिया,3,86,आवासिय क्षेत्र
बरैनिया,3,87,आवासिय क्षेत्र
बरैनिया,3,89,आवासिय क्षेत्र
बरैनिया,3,97,आवासिय क्षेत्र
बरैनिया,3,108,आवासिय क्षेत्र
बरैनिया,3,109,आवासिय क्षेत्र
बरैनिया,3,114,कृषि क्षेत्र
बरैनिया,3,117,कृषि क्षेत्र
बरैनिया,3,118,कृषि क्षेत्र
बरैनिया,3,119,कृषि क्षेत्र
बरैनिया,3,120,कृषि क्षेत्र
बरैनिया,3,125,आवासिय क्षेत्र
बरैनिया,3,126,आवासिय क्षेत्र
बरैनिया,3,127,आवासिय क्षेत्र
बरैनिया,3,128,आवासिय क्षेत्र
बरैनिया,3,132,आवासिय क्षेत्र
बरैनिया,3,133,आवासिय क्षेत्र
बरैनिया,3,144,आवासिय क्षेत्र
बरैनिया,3,147,आवासिय क्षेत्र
बरैनिया,3,157,आवासिय क्षेत्र
बरैनिया,3,158,आवासिय क्षेत्र
बरैनिया,3,159,आवासिय क्षेत्र
बरैनिया,3,162,आवासिय क्षेत्र
बरैनिया,3,163,आवासिय क्षेत्र
बरैनिया,3,176,आवासिय क्षेत्र
बरैनिया,3,178,आवासिय क्षेत्र
बरैनिया,3,182,कृषि क्षेत्र
बरैनिया,3,183,आवासिय क्षेत्र
बरैनिया,3,184,आवासिय क्षेत्र
बरैनिया,3,185,आवासिय क्षेत्र
बरैनिया,3,187,आवासिय क्षेत्र
बरैनिया,3,188,आवासिय क्षेत्र
बरैनिया,3,189,आवासिय क्षेत्र
बरैनिया,3,190,आवासिय क्षेत्र
बरैनिया,3,191,आवासिय क्षेत्र
बरैनिया,3,192,आवासिय क्षेत्र
बरैनिया,3,193,आवासिय क्षेत्र
बरैनिया,3,194,आवासिय क्षेत्र
बरैनिया,3,199,कृषि क्षेत्र
बरैनिया,3,201,कृषि क्षेत्र
बरैनिया,3,202,कृषि क्षेत्र
बरैनिया,3,203,आवासिय क्षेत्र
बरैनिया,3,204,आवासिय क्षेत्र
बरैनिया,3,211,आवासिय क्षेत्र
बरैनिया,3,212,आवासिय क्षेत्र
बरैनिया,3,215,आवासिय क्षेत्र
बरैनिया,3,216,आवासिय क्षेत्र
बरैनिया,3,217,आवासिय क्षेत्र
बरैनिया,3,218,आवासिय क्षेत्र
बरैनिया,3,238,आवासिय क्षेत्र
बरैनिया,3,240,आवासिय क्षेत्र
बरैनिया,3,241,आवासिय क्षेत्र
बरैनिया,3,247,आवासिय क्षेत्र
बरैनिया,3,248,आवासिय क्षेत्र
बरैनिया,3,270,आवासिय क्षेत्र
बरैनिया,3,271,आवासिय क्षेत्र
बरैनिया,3,274,कृषि क्षेत्र
बरैनिया,3,275,कृषि क्षेत्र
बरैनिया,3,276,कृषि क्षेत्र
बरैनिया,3,285,आवासिय क्षेत्र
बरैनिया,3,286,आवासिय क्षेत्र
बरैनिया,3,304,आवासिय क्षेत्र
बरैनिया,3,305,आवासिय क्षेत्र
बरैनिया,3,331,आवासिय क्षेत्र
बरैनिया,3,332,आवासिय क्षेत्र
बरैनिया,3,337,आवासिय क्षेत्र
बरैनिया,3,338,आवासिय क्षेत्र
बरैनिया,3,339,आवासिय क्षेत्र
बरैनिया,3,340,आवासिय क्षेत्र
बरैनिया,3,341,आवासिय क्षेत्र
बरैनिया,3,342,आवासिय क्षेत्र
बरैनिया,3,347,कृषि क्षेत्र
बरैनिया,3,348,कृषि क्षेत्र
बरैनिया,3,349,आवासिय क्षेत्र
बरैनिया,3,350,आवासिय क्षेत्र
बरैनिया,3,694,आवासिय क्षेत्र
बरैनिया,3 गाउँ,1,आवासिय क्षेत्र
बरैनिया,3 गाउँ,2,आवासिय क्षेत्र
बरैनिया,3 गाउँ,3,आवासिय क्षेत्र
बरैनिया,3 गाउँ,5,आवासिय क्षेत्र
बरैनिया,3 गाउँ,6,आवासिय क्षेत्र
बरैनिया,3 गाउँ,7,आवासिय क्षेत्र
बरैनिया,3 गाउँ,8,आवासिय क्षेत्र
बरैनिया,3 गाउँ,9,आवासिय क्षेत्र
बरैनिया,3 गाउँ,10,आवासिय क्षेत्र
बरैनिया,3 गाउँ,12,आवासिय क्षेत्र
बरैनिया,3 गाउँ,13,आवासिय क्षेत्र
बरैनिया,3 गाउँ,14,आवासिय क्षेत्र
बरैनिया,3 गाउँ,15,आवासिय क्षेत्र
बरैनिया,3 गाउँ,16,आवासिय क्षेत्र
बरैनिया,3 गाउँ,17,आवासिय क्षेत्र
बरैनिया,3 गाउँ,18,आवासिय क्षेत्र
बरैनिया,3 गाउँ,19,आवासिय क्षेत्र
बरैनिया,3 गाउँ,20,आवासिय क्षेत्र
बरैनिया,3 गाउँ,21,आवासिय क्षेत्र
बरैनिया,3 गाउँ,22,आवासिय क्षेत्र
बरैनिया,3 गाउँ,23,आवासिय क्षेत्र
बरैनिया,3 गाउँ,24,आवासिय क्षेत्र
बरैनिया,3 गाउँ,25,आवासिय क्षेत्र
बरैनिया,3 गाउँ,27,आवासिय क्षेत्र
बरैनिया,3 गाउँ,28,आवासिय क्षेत्र
बरैनिया,3 गाउँ,29,आवासिय क्षेत्र
बरैनिया,3 गाउँ,30,आवासिय क्षेत्र
बरैनिया,3 गाउँ,31,आवासिय क्षेत्र
बरैनिया,3 गाउँ,32,आवासिय क्षेत्र
बरैनिया,3 गाउँ,33,आवासिय क्षेत्र
बरैनिया,3 गाउँ,34,आवासिय क्षेत्र
बरैनिया,3 गाउँ,35,आवासिय क्षेत्र
बरैनिया,3 गाउँ,36,आवासिय क्षेत्र
बरैनिया,3 गाउँ,37,आवासिय क्षेत्र
बरैनिया,3 गाउँ,38,आवासिय क्षेत्र
बरैनिया,3 गाउँ,39,आवासिय क्षेत्र
बरैनिया,3 गाउँ,40,आवासिय क्षेत्र
बरैनिया,3 गाउँ,41,आवासिय क्षेत्र
बरैनिया,3 गाउँ,42,आवासिय क्षेत्र
बरैनिया,3 गाउँ,43,आवासिय क्षेत्र
बरैनिया,3 गाउँ,44,आवासिय क्षेत्र
बरैनिया,3 गाउँ,45,आवासिय क्षेत्र
बरैनिया,3 गाउँ,46,आवासिय क्षेत्र
बरैनिया,3 गाउँ,47,आवासिय क्षेत्र
बरैनिया,3 गाउँ,48,आवासिय क्षेत्र
बरैनिया,3 गाउँ,49,आवासिय क्षेत्र
बरैनिया,3 गाउँ,50,आवासिय क्षेत्र
बरैनिया,3 गाउँ,51,आवासिय क्षेत्र
बरैनिया,3 गाउँ,52,सार्वजनिक उपयोग क्षेत्र
बरैनिया,3 गाउँ,58,आवासिय क्षेत्र
बरैनिया,3 गाउँ,59,आवासिय क्षेत्र
बरैनिया,3 गाउँ,62,आवासिय क्षेत्र
बरैनिया,3 गाउँ,63,आवासिय क्षेत्र
बरैनिया,3 गाउँ,64,आवासिय क्षेत्र
बरैनिया,3 गाउँ,65,आवासिय क्षेत्र
बरैनिया,3 नहर,1,आवासिय क्षेत्र
बरैनिया,3 नहर,12,आवासिय क्षेत्र
बरैनिया,3 नहर,19,आवासिय क्षेत्र
बरैनिया,3 नहर,65,आवासिय क्षेत्र
बरैनिया,3 नहर,112,आवासिय क्षेत्र
बरैनिया,3 नहर,335,आवासिय क्षेत्र
बरैनिया,3 नहर,336,आवासिय क्षेत्र
बरैनिया,3 नहर,999993,सार्वजनिक उपयोग क्षेत्र
बरैनिया,3 नहर,999994,सार्वजनिक उपयोग क्षेत्र
बरैनिया,3 नहर,999995,सार्वजनिक उपयोग क्षेत्र
बरैनिया,3 नहर,999996,आवासिय क्षेत्र
बरैनिया,3 नहर,999997,आवासिय क्षेत्र
बरैनिया,3 नहर,999998,आवासिय क्षेत्र
बरैनिया,3 नहर,999999,सार्वजनिक उपयोग क्षेत्र
बरैनिया,4 क,1,आवासिय क्षेत्र
बरैनिया,4 क,2,आवासिय क्षेत्र
बरैनिया,4 क,5,आवासिय क्षेत्र
बरैनिया,4 क,6,आवासिय क्षेत्र
बरैनिया,4 क,7,कृषि क्षेत्र
बरैनिया,4 क,8,कृषि क्षेत्र
बरैनिया,4 क,9,आवासिय क्षेत्र
बरैनिया,4 क,15,कृषि क्षेत्र
बरैनिया,4 क,16,कृषि क्षेत्र
बरैनिया,4 क,18,कृषि क्षेत्र
बरैनिया,4 क,19,कृषि क्षेत्र
बरैनिया,4 क,21,कृषि क्षेत्र
बरैनिया,4 क,23,आवासिय क्षेत्र
बरैनिया,4 क,24,कृषि क्षेत्र
बरैनिया,4 क,26,कृषि क्षेत्र
बरैनिया,4 क,27,कृषि क्षेत्र
बरैनिया,4 क,28,कृषि क्षेत्र
बरैनिया,4 क,29,आवासिय क्षेत्र
बरैनिया,4 क,31,आवासिय क्षेत्र
बरैनिया,4 क,32,कृषि क्षेत्र
बरैनिया,4 क,33,कृषि क्षेत्र
बरैनिया,4 क,34,आवासिय क्षेत्र
बरैनिया,4 क,38,"नदी, खोला, ताल, सिमसार क्षेत्र"
बरैनिया,4 क,40,कृषि क्षेत्र
बरैनिया,4 क,42,आवासिय क्षेत्र
बरैनिया,4 क,43,आवासिय क्षेत्र
बरैनिया,4 क,44,आवासिय क्षेत्र
बरैनिया,4 क,46,आवासिय क्षेत्र
बरैनिया,4 क,47,आवासिय क्षेत्र
बरैनिया,4 क,50,आवासिय क्षेत्र
बरैनिया,4 क,51,आवासिय क्षेत्र
बरैनिया,4 क,53,आवासिय क्षेत्र
बरैनिया,4 क,55,आवासिय क्षेत्र
बरैनिया,4 क,58,आवासिय क्षेत्र
बरैनिया,4 क,59,आवासिय क्षेत्र
बरैनिया,4 क,60,आवासिय क्षेत्र
बरैनिया,4 क,61,आवासिय क्षेत्र
बरैनिया,4 क,62,आवासिय क्षेत्र
बरैनिया,4 क,63,आवासिय क्षेत्र
बरैनिया,4 क,64,आवासिय क्षेत्र
बरैनिया,4 क,65,आवासिय क्षेत्र
बरैनिया,4 क,67,आवासिय क्षेत्र
बरैनिया,4 क,69,आवासिय क्षेत्र
बरैनिया,4 क,71,कृषि क्षेत्र
बरैनिया,4 क,73,आवासिय क्षेत्र
बरैनिया,4 क,74,कृषि क्षेत्र
बरैनिया,4 क,78,आवासिय क्षेत्र
बरैनिया,4 क,80,आवासिय क्षेत्र
बरैनिया,4 क,81,आवासिय क्षेत्र
बरैनिया,4 क,83,आवासिय क्षेत्र
बरैनिया,4 क,86,आवासिय क्षेत्र
बरैनिया,4 क,87,आवासिय क्षेत्र
बरैनिया,4 क,88,कृषि क्षेत्र
बरैनिया,4 क,90,कृषि क्षेत्र
बरैनिया,4 क,91,कृषि क्षेत्र
बरैनिया,4 क,92,कृषि क्षेत्र
बरैनिया,4 क,93,कृषि क्षेत्र
बरैनिया,4 क,94,कृषि क्षेत्र
बरैनिया,4 क,96,कृषि क्षेत्र
बरैनिया,4 क,98,कृषि क्षेत्र
बरैनिया,4 क,100,आवासिय क्षेत्र
बरैनिया,4 क,101,कृषि क्षेत्र
बरैनिया,4 क,102,कृषि क्षेत्र
बरैनिया,4 क,103,आवासिय क्षेत्र
बरैनिया,4 क,105,आवासिय क्षेत्र
बरैनिया,4 क,106,आवासिय क्षेत्र
बरैनिया,4 क,108,आवासिय क्षेत्र
बरैनिया,4 क,109,कृषि क्षेत्र
बरैनिया,4 क,110,कृषि क्षेत्र
बरैनिया,4 क,111,कृषि क्षेत्र
बरैनिया,4 क,112,कृषि क्षेत्र
बरैनिया,4 क,114,आवासिय क्षेत्र
बरैनिया,4 क,115,आवासिय क्षेत्र
बरैनिया,4 क,116,आवासिय क्षेत्र
बरैनिया,4 क,117,आवासिय क्षेत्र
बरैनिया,4 क,118,आवासिय क्षेत्र
बरैनिया,4 क,122,आवासिय क्षेत्र
बरैनिया,4 क,123,आवासिय क्षेत्र
बरैनिया,4 क,124,आवासिय क्षेत्र
बरैनिया,4 क,126,कृषि क्षेत्र
बरैनिया,4 क,128,कृषि क्षेत्र
बरैनिया,4 क,132,आवासिय क्षेत्र
बरैनिया,4 क,134,सार्वजनिक उपयोग क्षेत्र
बरैनिया,4 क,136,आवासिय क्षेत्र
बरैनिया,4 क,137,आवासिय क्षेत्र
बरैनिया,4 क,138,आवासिय क्षेत्र
बरैनिया,4 क,140,आवासिय क्षेत्र
बरैनिया,4 क,142,कृषि क्षेत्र
बरैनिया,4 क,145,आवासिय क्षेत्र
बरैनिया,4 क,146,कृषि क्षेत्र
बरैनिया,4 क,147,कृषि क्षेत्र
बरैनिया,4 क,149,कृषि क्षेत्र
बरैनिया,4 क,150,आवासिय क्षेत्र
बरैनिया,4 क,151,आवासिय क्षेत्र
बरैनिया,4 क,152,आवासिय क्षेत्र
बरैनिया,4 क,153,आवासिय क्षेत्र
बरैनिया,4 क,154,आवासिय क्षेत्र
बरैनिया,4 क,156,कृषि क्षेत्र
बरैनिया,4 क,157,कृषि क्षेत्र
बरैनिया,4 क,159,आवासिय क्षेत्र
बरैनिया,4 क,163,आवासिय क्षेत्र
बरैनिया,4 क,164,आवासिय क्षेत्र
बरैनिया,4 क,165,आवासिय क्षेत्र
बरैनिया,4 क,166,आवासिय क्षेत्र
बरैनिया,4 क,168,आवासिय क्षेत्र
बरैनिया,4 क,169,कृषि क्षेत्र
बरैनिया,4 क,170,कृषि क्षेत्र
बरैनिया,4 क,171,कृषि क्षेत्र
बरैनिया,4 क,172,कृषि क्षेत्र
बरैनिया,4 क,173,कृषि क्षेत्र
बरैनिया,4 क,174,आवासिय क्षेत्र
बरैनिया,4 क,176,आवासिय क्षेत्र
बरैनिया,4 क,180,आवासिय क्षेत्र
बरैनिया,4 क,181,आवासिय क्षेत्र
बरैनिया,4 क,183,आवासिय क्षेत्र
बरैनिया,4 क,185,कृषि क्षेत्र
बरैनिया,4 क,206,आवासिय क्षेत्र
बरैनिया,4 क,224,आवासिय क्षेत्र
बरैनिया,4 क,225,आवासिय क्षेत्र
बरैनिया,4 क,226,आवासिय क्षेत्र
बरैनिया,4 क,228,कृषि क्षेत्र
बरैनिया,4 क,229,आवासिय क्षेत्र
बरैनिया,4 क,231,कृषि क्षेत्र
बरैनिया,4 क,233,कृषि क्षेत्र
बरैनिया,4 क,234,कृषि क्षेत्र
बरैनिया,4 क,235,कृषि क्षेत्र
बरैनिया,4 क,236,कृषि क्षेत्र
बरैनिया,4 क,239,कृषि क्षेत्र
बरैनिया,4 क,240,कृषि क्षेत्र
बरैनिया,4 क,241,आवासिय क्षेत्र
बरैनिया,4 क,244,आवासिय क्षेत्र
बरैनिया,4 क,251,कृषि क्षेत्र
बरैनिया,4 क,252,कृषि क्षेत्र
बरैनिया,4 क,253,आवासिय क्षेत्र
बरैनिया,4 क,258,आवासिय क्षेत्र
बरैनिया,4 क,259,आवासिय क्षेत्र
बरैनिया,4 क,260,कृषि क्षेत्र
बरैनिया,4 क,261,कृषि क्षेत्र
बरैनिया,4 क,262,कृषि क्षेत्र
बरैनिया,4 क,265,आवासिय क्षेत्र
बरैनिया,4 क,269,कृषि क्षेत्र
बरैनिया,4 क,270,कृषि क्षेत्र
बरैनिया,4 क,273,आवासिय क्षेत्र
बरैनिया,4 क,274,आवासिय क्षेत्र
बरैनिया,4 क,275,आवासिय क्षेत्र
बरैनिया,4 क,276,आवासिय क्षेत्र
बरैनिया,4 क,282,आवासिय क्षेत्र
बरैनिया,4 क,283,आवासिय क्षेत्र
बरैनिया,4 क,289,आवासिय क्षेत्र
बरैनिया,4 क,292,आवासिय क्षेत्र
बरैनिया,4 क,293,आवासिय क्षेत्र
बरैनिया,4 क,301,आवासिय क्षेत्र
बरैनिया,4 क,306,आवासिय क्षेत्र
बरैनिया,4 क,307,आवासिय क्षेत्र
बरैनिया,4 क,311,कृषि क्षेत्र
बरैनिया,4 क,312,कृषि क्षेत्र
बरैनिया,4 क,313,आवासिय क्षेत्र
बरैनिया,4 क,314,आवासिय क्षेत्र
बरैनिया,4 क,315,आवासिय क्षेत्र
बरैनिया,4 क,317,कृषि क्षेत्र
बरैनिया,4 क,325,आवासिय क्षेत्र
बरैनिया,4 क,326,आवासिय क्षेत्र
बरैनिया,4 क,327,कृषि क्षेत्र
बरैनिया,4 क,328,कृषि क्षेत्र
बरैनिया,4 क,329,कृषि क्षेत्र
बरैनिया,4 क,339,कृषि क्षेत्र
बरैनिया,4 क,340,कृषि क्षेत्र
बरैनिया,4 क,341,कृषि क्षेत्र
बरैनिया,4 क,346,कृषि क्षेत्र
बरैनिया,4 क,356,कृषि क्षेत्र
बरैनिया,4 क,358,कृषि क्षेत्र
बरैनिया,4 क,359,कृषि क्षेत्र
बरैनिया,4 क,373,कृषि क्षेत्र
बरैनिया,4 क,374,कृषि क्षेत्र
बरैनिया,4 क,375,कृषि क्षेत्र
बरैनिया,4 क,376,कृषि क्षेत्र
बरैनिया,4 क,377,आवासिय क्षेत्र
बरैनिया,4 क,383,आवासिय क्षेत्र
बरैनिया,4 क,384,आवासिय क्षेत्र
बरैनिया,4 क,385,आवासिय क्षेत्र
बरैनिया,4 क,386,आवासिय क्षेत्र
बरैनिया,4 क,389,कृषि क्षेत्र
बरैनिया,4 क,390,कृषि क्षेत्र
बरैनिया,4 क,391,कृषि क्षेत्र
बरैनिया,4 क,393,कृषि क्षेत्र
बरैनिया,4 क,399,आवासिय क्षेत्र
बरैनिया,4 क,400,आवासिय क्षेत्र
बरैनिया,4 क,410,आवासिय क्षेत्र
बरैनिया,4 क,411,आवासिय क्षेत्र
बरैनिया,4 क,412,आवासिय क्षेत्र
बरैनिया,4 क,413,आवासिय क्षेत्र
बरैनिया,4 क,414,आवासिय क्षेत्र
बरैनिया,4 क,430,आवासिय क्षेत्र
बरैनिया,4 क,431,आवासिय क्षेत्र
बरैनिया,4 क,563,आवासिय क्षेत्र
बरैनिया,4 क,564,आवासिय क्षेत्र
बरैनिया,4 क,565,आवासिय क्षेत्र
बरैनिया,4 क,566,आवासिय क्षेत्र
बरैनिया,4 क,567,आवासिय क्षेत्र
बरैनिया,4 क,568,आवासिय क्षेत्र
बरैनिया,4 क,569,आवासिय क्षेत्र
बरैनिया,4 क,570,आवासिय क्षेत्र
बरैनिया,4 क,571,आवासिय क्षेत्र
बरैनिया,4 क,594,आवासिय क्षेत्र
बरैनिया,4 क,635,आवासिय क्षेत्र
बरैनिया,4 क,641,आवासिय क्षेत्र
बरैनिया,4 क,642,आवासिय क्षेत्र
बरैनिया,4 क,643,आवासिय क्षेत्र
बरैनिया,4 क,644,आवासिय क्षेत्र
बरैनिया,4 क,645,कृषि क्षेत्र
बरैनिया,4 क,646,कृषि क्षेत्र
बरैनिया,4 क,658,आवासिय क्षेत्र
बरैनिया,4 क,659,आवासिय क्षेत्र
बरैनिया,4 क,660,आवासिय क्षेत्र
बरैनिया,4 क,661,आवासिय क्षेत्र
बरैनिया,4 क,665,कृषि क्षेत्र
बरैनिया,4 क,666,कृषि क्षेत्र
बरैनिया,4 क,666,आवासिय क्षेत्र
बरैनिया,4 क,671,आवासिय क्षेत्र
बरैनिया,4 क,672,आवासिय क्षेत्र
बरैनिया,4 क,676,आवासिय क्षेत्र
बरैनिया,4 क,677,आवासिय क्षेत्र
बरैनिया,4 क,678,आवासिय क्षेत्र
बरैनिया,4 क,679,आवासिय क्षेत्र
बरैनिया,4 क,680,आवासिय क्षेत्र
बरैनिया,4 क,681,आवासिय क्षेत्र
बरैनिया,4 क,682,आवासिय क्षेत्र
बरैनिया,4 क,683,आवासिय क्षेत्र
बरैनिया,4 क,684,आवासिय क्षेत्र
बरैनिया,4 क,687,आवासिय क्षेत्र
बरैनिया,4 क,688,आवासिय क्षेत्र
बरैनिया,4 क,689,आवासिय क्षेत्र
बरैनिया,4 क,690,आवासिय क्षेत्र
बरैनिया,4 क,691,आवासिय क्षेत्र
बरैनिया,4 क,692,आवासिय क्षेत्र
बरैनिया,4 क,693,आवासिय क्षेत्र
बरैनिया,4 क,694,आवासिय क्षेत्र
बरैनिया,4 क,697,कृषि क्षेत्र
बरैनिया,4 क,698,कृषि क्षेत्र
बरैनिया,4 क,699,आवासिय क्षेत्र
बरैनिया,4 क,700,आवासिय क्षेत्र
बरैनिया,4 क,736,आवासिय क्षेत्र
बरैनिया,4 ख गाउँ,1,आवासिय क्षेत्र
बरैनिया,4 ख गाउँ,2,आवासिय क्षेत्र
बरैनिया,4 ख गाउँ,3,आवासिय क्षेत्र
बरैनिया,4 ख गाउँ,4,आवासिय क्षेत्र
बरैनिया,4 ख गाउँ,5,आवासिय क्षेत्र
बरैनिया,4 ख गाउँ,6,आवासिय क्षेत्र
बरैनिया,4 ख गाउँ,7,आवासिय क्षेत्र
बरैनिया,4 ख गाउँ,8,आवासिय क्षेत्र
बरैनिया,4 ख गाउँ,9,आवासिय क्षेत्र
बरैनिया,4 ख गाउँ,10,आवासिय क्षेत्र
बरैनिया,4 ख गाउँ,11,आवासिय क्षेत्र
बरैनिया,4 ख गाउँ,12,आवासिय क्षेत्र
बरैनिया,4 ख गाउँ,13,आवासिय क्षेत्र
बरैनिया,4 ख गाउँ,14,आवासिय क्षेत्र
बरैनिया,4 ख गाउँ,15,आवासिय क्षेत्र
बरैनिया,4 ख गाउँ,16,आवासिय क्षेत्र
बरैनिया,4 ख गाउँ,17,आवासिय क्षेत्र
बरैनिया,4 ख गाउँ,18,आवासिय क्षेत्र
बरैनिया,4 ख गाउँ,19,आवासिय क्षेत्र
बरैनिया,4 ख गाउँ,20,आवासिय क्षेत्र
बरैनिया,4 ख गाउँ,21,आवासिय क्षेत्र
बरैनिया,4 ख गाउँ,22,आवासिय क्षेत्र
बरैनिया,4 ख गाउँ,23,आवासिय क्षेत्र
बरैनिया,4 ख गाउँ,24,आवासिय क्षेत्र
बरैनिया,4 ख गाउँ,25,आवासिय क्षेत्र
बरैनिया,4 ख गाउँ,26,आवासिय क्षेत्र
बरैनिया,4 ख गाउँ,27,आवासिय क्षेत्र
बरैनिया,4 ख गाउँ,28,आवासिय क्षेत्र
बरैनिया,4 ख गाउँ,29,आवासिय क्षेत्र
बरैनिया,4 ख गाउँ,30,आवासिय क्षेत्र
बरैनिया,4 ख गाउँ,31,आवासिय क्षेत्र
बरैनिया,4 ख गाउँ,32,आवासिय क्षेत्र
बरैनिया,4 ख गाउँ,33,आवासिय क्षेत्र
बरैनिया,4 ख गाउँ,35,आवासिय क्षेत्र
बरैनिया,4 ख गाउँ,36,आवासिय क्षेत्र
बरैनिया,4 ख गाउँ,37,आवासिय क्षेत्र
बरैनिया,4 ख गाउँ,38,आवासिय क्षेत्र
बरैनिया,4 ख गाउँ,39,आवासिय क्षेत्र
बरैनिया,4 ख गाउँ,40,आवासिय क्षेत्र
बरैनिया,4 ख गाउँ,41,आवासिय क्षेत्र
बरैनिया,4 ख गाउँ,42,आवासिय क्षेत्र
बरैनिया,4 ख गाउँ,43,आवासिय क्षेत्र
बरैनिया,4 ख गाउँ,44,आवासिय क्षेत्र
बरैनिया,4 ख गाउँ,45,आवासिय क्षेत्र
बरैनिया,4 ख गाउँ,46,आवासिय क्षेत्र
बरैनिया,4 ख गाउँ,47,आवासिय क्षेत्र
बरैनिया,4 ख गाउँ,48,आवासिय क्षेत्र
बरैनिया,4 ख गाउँ,49,आवासिय क्षेत्र
बरैनिया,4 ख गाउँ,50,सार्वजनिक उपयोग क्षेत्र
बरैनिया,4 ख गाउँ,51,आवासिय क्षेत्र
बरैनिया,4 ख गाउँ,52,आवासिय क्षेत्र
बरैनिया,4 नहर,6,आवासिय क्षेत्र
बरैनिया,4 नहर,152,आवासिय क्षेत्र
बरैनिया,4 नहर,153,आवासिय क्षेत्र
बरैनिया,4 नहर,204,सार्वजनिक उपयोग क्षेत्र
बरैनिया,4 नहर,205,आवासिय क्षेत्र
बरैनिया,4 नहर,207,आवासिय क्षेत्र
बरैनिया,4 नहर,210,आवासिय क्षेत्र
बरैनिया,4 नहर,211,आवासिय क्षेत्र
बरैनिया,4 नहर,211,आवासिय क्षेत्र
बरैनिया,4 नहर,211,आवासिय क्षेत्र
बरैनिया,4 नहर,266,आवासिय क्षेत्र
बरैनिया,4 नहर,267,आवासिय क्षेत्र
बरैनिया,4 नहर,284,आवासिय क्षेत्र
बरैनिया,4 नहर,285,आवासिय क्षेत्र
बरैनिया,4 नहर,286,आवासिय क्षेत्र
बरैनिया,4 नहर,287,आवासिय क्षेत्र
बरैनिया,4 नहर,608,आवासिय क्षेत्र
बरैनिया,4 नहर,609,आवासिय क्षेत्र
बरैनिया,4 नहर,667,आवासिय क्षेत्र
बरैनिया,4 नहर,668,आवासिय क्षेत्र
बरैनिया,4 नहर,999992,सार्वजनिक उपयोग क्षेत्र
बरैनिया,5,1,आवासिय क्षेत्र
बरैनिया,5,2,आवासिय क्षेत्र
बरैनिया,5,3,आवासिय क्षेत्र
बरैनिया,5,4,आवासिय क्षेत्र
बरैनिया,5,5,आवासिय क्षेत्र
बरैनिया,5,6,आवासिय क्षेत्र
बरैनिया,5,7,आवासिय क्षेत्र
बरैनिया,5,8,आवासिय क्षेत्र
बरैनिया,5,9,आवासिय क्षेत्र
बरैनिया,5,10,आवासिय क्षेत्र
बरैनिया,5,11,आवासिय क्षेत्र
बरैनिया,5,12,आवासिय क्षेत्र
बरैनिया,5,13,आवासिय क्षेत्र
बरैनिया,5,14,आवासिय क्षेत्र
बरैनिया,5,15,आवासिय क्षेत्र
बरैनिया,5,16,आवासिय क्षेत्र
बरैनिया,5,17,आवासिय क्षेत्र
बरैनिया,5,20,आवासिय क्षेत्र
बरैनिया,5,21,आवासिय क्षेत्र
बरैनिया,5,22,आवासिय क्षेत्र
बरैनिया,5,23,आवासिय क्षेत्र
बरैनिया,5,24,आवासिय क्षेत्र
बरैनिया,5,25,आवासिय क्षेत्र
बरैनिया,5,27,आवासिय क्षेत्र
बरैनिया,5,28,आवासिय क्षेत्र
बरैनिया,5,30,आवासिय क्षेत्र
बरैनिया,5,32,आवासिय क्षेत्र
बरैनिया,5,33,आवासिय क्षेत्र
बरैनिया,5,34,आवासिय क्षेत्र
बरैनिया,5,35,आवासिय क्षेत्र
बरैनिया,5,37,आवासिय क्षेत्र
बरैनिया,5,38,आवासिय क्षेत्र
बरैनिया,5,40,आवासिय क्षेत्र
बरैनिया,5,42,आवासिय क्षेत्र
बरैनिया,5,43,आवासिय क्षेत्र
बरैनिया,5,46,आवासिय क्षेत्र
बरैनिया,5,47,आवासिय क्षेत्र
बरैनिया,5,48,आवासिय क्षेत्र
बरैनिया,5,49,आवासिय क्षेत्र
बरैनिया,5,50,आवासिय क्षेत्र
बरैनिया,5,51,आवासिय क्षेत्र
बरैनिया,5,52,आवासिय क्षेत्र
बरैनिया,5,53,आवासिय क्षेत्र
बरैनिया,5,55,आवासिय क्षेत्र
बरैनिया,5,56,आवासिय क्षेत्र
बरैनिया,5,57,आवासिय क्षेत्र
बरैनिया,5,58,आवासिय क्षेत्र
बरैनिया,5,59,आवासिय क्षेत्र
बरैनिया,5,60,आवासिय क्षेत्र
बरैनिया,5,61,आवासिय क्षेत्र
बरैनिया,5,62,आवासिय क्षेत्र
बरैनिया,5,63,आवासिय क्षेत्र
बरैनिया,5,64,आवासिय क्षेत्र
बरैनिया,5,67,आवासिय क्षेत्र
बरैनिया,5,69,आवासिय क्षेत्र
बरैनिया,5,71,आवासिय क्षेत्र
बरैनिया,5,72,आवासिय क्षेत्र
बरैनिया,5,73,आवासिय क्षेत्र
बरैनिया,5,74,आवासिय क्षेत्र
बरैनिया,5,75,आवासिय क्षेत्र
बरैनिया,5,77,आवासिय क्षेत्र
बरैनिया,5,78,आवासिय क्षेत्र
बरैनिया,5,79,आवासिय क्षेत्र
बरैनिया,5,80,आवासिय क्षेत्र
बरैनिया,5,83,आवासिय क्षेत्र
बरैनिया,5,84,आवासिय क्षेत्र
बरैनिया,5,85,आवासिय क्षेत्र
बरैनिया,5,86,आवासिय क्षेत्र
बरैनिया,5,87,आवासिय क्षेत्र
बरैनिया,5,88,आवासिय क्षेत्र
बरैनिया,5,89,आवासिय क्षेत्र
बरैनिया,5,92,आवासिय क्षेत्र
बरैनिया,5,94,आवासिय क्षेत्र
बरैनिया,5,95,आवासिय क्षेत्र
बरैनिया,5,96,आवासिय क्षेत्र
बरैनिया,5,98,आवासिय क्षेत्र
बरैनिया,5,99,आवासिय क्षेत्र
बरैनिया,5,101,आवासिय क्षेत्र
बरैनिया,5,102,आवासिय क्षेत्र
बरैनिया,5,106,आवासिय क्षेत्र
बरैनिया,5,107,आवासिय क्षेत्र
बरैनिया,5,108,आवासिय क्षेत्र
बरैनिया,5,109,आवासिय क्षेत्र
बरैनिया,5,110,आवासिय क्षेत्र
बरैनिया,5,112,आवासिय क्षेत्र
बरैनिया,5,113,आवासिय क्षेत्र
बरैनिया,5,114,आवासिय क्षेत्र
बरैनिया,5,116,आवासिय क्षेत्र
बरैनिया,5,117,आवासिय क्षेत्र
बरैनिया,5,118,आवासिय क्षेत्र
बरैनिया,5,120,आवासिय क्षेत्र
बरैनिया,5,121,आवासिय क्षेत्र
बरैनिया,5,122,आवासिय क्षेत्र
बरैनिया,5,124,आवासिय क्षेत्र
बरैनिया,5,125,आवासिय क्षेत्र
बरैनिया,5,126,आवासिय क्षेत्र
बरैनिया,5,127,आवासिय क्षेत्र
बरैनिया,5,128,आवासिय क्षेत्र
बरैनिया,5,130,आवासिय क्षेत्र
बरैनिया,5,134,आवासिय क्षेत्र
बरैनिया,5,135,आवासिय क्षेत्र
बरैनिया,5,138,आवासिय क्षेत्र
बरैनिया,5,139,आवासिय क्षेत्र
बरैनिया,5,140,आवासिय क्षेत्र
बरैनिया,5,141,आवासिय क्षेत्र
बरैनिया,5,143,आवासिय क्षेत्र
बरैनिया,5,144,आवासिय क्षेत्र
बरैनिया,5,146,आवासिय क्षेत्र
बरैनिया,5,147,आवासिय क्षेत्र
बरैनिया,5,148,आवासिय क्षेत्र
बरैनिया,5,149,आवासिय क्षेत्र
बरैनिया,5,153,आवासिय क्षेत्र
बरैनिया,5,155,आवासिय क्षेत्र
बरैनिया,5,156,आवासिय क्षेत्र
बरैनिया,5,159,आवासिय क्षेत्र
बरैनिया,5,160,आवासिय क्षेत्र
बरैनिया,5,161,आवासिय क्षेत्र
बरैनिया,5,162,आवासिय क्षेत्र
बरैनिया,5,163,आवासिय क्षेत्र
बरैनिया,5,164,आवासिय क्षेत्र
बरैनिया,5,165,आवासिय क्षेत्र
बरैनिया,5,166,आवासिय क्षेत्र
बरैनिया,5,167,आवासिय क्षेत्र
बरैनिया,5,168,आवासिय क्षेत्र
बरैनिया,5,169,आवासिय क्षेत्र
बरैनिया,5,172,आवासिय क्षेत्र
बरैनिया,5,176,आवासिय क्षेत्र
बरैनिया,5,180,आवासिय क्षेत्र
बरैनिया,5,182,आवासिय क्षेत्र
बरैनिया,5,184,आवासिय क्षेत्र
बरैनिया,5,185,आवासिय क्षेत्र
बरैनिया,5,188,आवासिय क्षेत्र
बरैनिया,5,189,आवासिय क्षेत्र
बरैनिया,5,191,आवासिय क्षेत्र
बरैनिया,5,192,कृषि क्षेत्र
बरैनिया,5,195,"नदी, खोला, ताल, सिमसार क्षेत्र"
बरैनिया,5,195,आवासिय क्षेत्र
बरैनिया,5,197,कृषि क्षेत्र
बरैनिया,5,198,आवासिय क्षेत्र
बरैनिया,5,199,आवासिय क्षेत्र
बरैनिया,5,200,आवासिय क्षेत्र
बरैनिया,5,201,आवासिय क्षेत्र
बरैनिया,5,202,आवासिय क्षेत्र
बरैनिया,5,203,आवासिय क्षेत्र
बरैनिया,5,205,आवासिय क्षेत्र
बरैनिया,5,206,आवासिय क्षेत्र
बरैनिया,5,208,आवासिय क्षेत्र
बरैनिया,5,209,आवासिय क्षेत्र
बरैनिया,5,210,आवासिय क्षेत्र
बरैनिया,5,211,आवासिय क्षेत्र
बरैनिया,5,212,आवासिय क्षेत्र
बरैनिया,5,213,आवासिय क्षेत्र
बरैनिया,5,214,आवासिय क्षेत्र
बरैनिया,5,216,आवासिय क्षेत्र
बरैनिया,5,217,आवासिय क्षेत्र
बरैनिया,5,218,आवासिय क्षेत्र
बरैनिया,5,219,आवासिय क्षेत्र
बरैनिया,5,220,आवासिय क्षेत्र
बरैनिया,5,221,आवासिय क्षेत्र
बरैनिया,5,222,आवासिय क्षेत्र
बरैनिया,5,223,आवासिय क्षेत्र
बरैनिया,5,225,आवासिय क्षेत्र
बरैनिया,5,226,आवासिय क्षेत्र
बरैनिया,5,228,आवासिय क्षेत्र
बरैनिया,5,230,आवासिय क्षेत्र
बरैनिया,5,231,आवासिय क्षेत्र
बरैनिया,5,232,आवासिय क्षेत्र
बरैनिया,5,236,कृषि क्षेत्र
बरैनिया,5,237,आवासिय क्षेत्र
बरैनिया,5,238,आवासिय क्षेत्र
बरैनिया,5,240,कृषि क्षेत्र
बरैनिया,5,242,आवासिय क्षेत्र
बरैनिया,5,243,कृषि क्षेत्र
बरैनिया,5,245,आवासिय क्षेत्र
बरैनिया,5,248,आवासिय क्षेत्र
बरैनिया,5,249,आवासिय क्षेत्र
बरैनिया,5,250,आवासिय क्षेत्र
बरैनिया,5,251,आवासिय क्षेत्र
बरैनिया,5,252,कृषि क्षेत्र
बरैनिया,5,253,कृषि क्षेत्र
बरैनिया,5,253,आवासिय क्षेत्र
बरैनिया,5,255,आवासिय क्षेत्र
बरैनिया,5,257,आवासिय क्षेत्र
बरैनिया,5,258,कृषि क्षेत्र
बरैनिया,5,258,सार्वजनिक उपयोग क्षेत्र
बरैनिया,5,259,आवासिय क्षेत्र
बरैनिया,5,260,आवासिय क्षेत्र
बरैनिया,5,261,आवासिय क्षेत्र
बरैनिया,5,262,आवासिय क्षेत्र
बरैनिया,5,263,आवासिय क्षेत्र
बरैनिया,5,264,कृषि क्षेत्र
बरैनिया,5,266,कृषि क्षेत्र
बरैनिया,5,267,कृषि क्षेत्र
बरैनिया,5,270,आवासिय क्षेत्र
बरैनिया,5,275,आवासिय क्षेत्र
बरैनिया,5,276,आवासिय क्षेत्र
बरैनिया,5,276,आवासिय क्षेत्र
बरैनिया,5,277,आवासिय क्षेत्र
बरैनिया,5,278,आवासिय क्षेत्र
बरैनिया,5,279,सास्कृतिक तथा पुरातात्विक महत्त्वको क्षेत्र
बरैनिया,5,281,आवासिय क्षेत्र
बरैनिया,5,283,आवासिय क्षेत्र
बरैनिया,5,284,आवासिय क्षेत्र
बरैनिया,5,290,कृषि क्षेत्र
बरैनिया,5,291,कृषि क्षेत्र
बरैनिया,5,292,आवासिय क्षेत्र
बरैनिया,5,293,आवासिय क्षेत्र
बरैनिया,5,295,आवासिय क्षेत्र
बरैनिया,5,296,आवासिय क्षेत्र
बरैनिया,5,301,आवासिय क्षेत्र
बरैनिया,5,304,आवासिय क्षेत्र
बरैनिया,5,305,आवासिय क्षेत्र
बरैनिया,5,306,आवासिय क्षेत्र
बरैनिया,5,308,आवासिय क्षेत्र
बरैनिया,5,309,आवासिय क्षेत्र
बरैनिया,5,310,आवासिय क्षेत्र
बरैनिया,5,311,आवासिय क्षेत्र
बरैनिया,5,314,आवासिय क्षेत्र
बरैनिया,5,315,आवासिय क्षेत्र
बरैनिया,5,325,आवासिय क्षेत्र
बरैनिया,5,326,आवासिय क्षेत्र
बरैनिया,5,327,आवासिय क्षेत्र
बरैनिया,5,328,आवासिय क्षेत्र
बरैनिया,5,329,आवासिय क्षेत्र
बरैनिया,5,330,कृषि क्षेत्र
बरैनिया,5,331,आवासिय क्षेत्र
बरैनिया,5,332,आवासिय क्षेत्र
बरैनिया,5,333,आवासिय क्षेत्र
बरैनिया,5,334,आवासिय क्षेत्र
बरैनिया,5,336,आवासिय क्षेत्र
बरैनिया,5,337,आवासिय क्षेत्र
बरैनिया,5,338,आवासिय क्षेत्र
बरैनिया,5,339,आवासिय क्षेत्र
बरैनिया,5,340,आवासिय क्षेत्र
बरैनिया,5,341,कृषि क्षेत्र
बरैनिया,5,342,कृषि क्षेत्र
बरैनिया,5,343,कृषि क्षेत्र
बरैनिया,5,347,कृषि क्षेत्र
बरैनिया,5,348,आवासिय क्षेत्र
बरैनिया,5,349,आवासिय क्षेत्र
बरैनिया,5,350,आवासिय क्षेत्र
बरैनिया,5,352,कृषि क्षेत्र
बरैनिया,5,360,आवासिय क्षेत्र
बरैनिया,5,369,आवासिय क्षेत्र
बरैनिया,5,372,आवासिय क्षेत्र
बरैनिया,5,373,आवासिय क्षेत्र
बरैनिया,5,378,आवासिय क्षेत्र
बरैनिया,5,379,आवासिय क्षेत्र
बरैनिया,5,380,आवासिय क्षेत्र
बरैनिया,5,436,आवासिय क्षेत्र
बरैनिया,5,437,आवासिय क्षेत्र
बरैनिया,5,439,आवासिय क्षेत्र
बरैनिया,5,440,आवासिय क्षेत्र
बरैनिया,5,441,आवासिय क्षेत्र
बरैनिया,5,442,आवासिय क्षेत्र
बरैनिया,5,447,आवासिय क्षेत्र
बरैनिया,5,448,आवासिय क्षेत्र
बरैनिया,5,449,कृषि क्षेत्र
बरैनिया,5,463,आवासिय क्षेत्र
बरैनिया,5,464,आवासिय क्षेत्र
बरैनिया,5,471,आवासिय क्षेत्र
बरैनिया,5,472,आवासिय क्षेत्र
बरैनिया,5,473,आवासिय क्षेत्र
बरैनिया,5,474,आवासिय क्षेत्र
बरैनिया,5,476,आवासिय क्षेत्र
बरैनिया,5,478,आवासिय क्षेत्र
बरैनिया,5,479,आवासिय क्षेत्र
बरैनिया,5,479,आवासिय क्षेत्र
बरैनिया,5,493,कृषि क्षेत्र
बरैनिया,5,494,कृषि क्षेत्र
बरैनिया,5,495,कृषि क्षेत्र
बरैनिया,5,500,आवासिय क्षेत्र
बरैनिया,5,501,आवासिय क्षेत्र
बरैनिया,5,505,आवासिय क्षेत्र
बरैनिया,5,515,आवासिय क्षेत्र
बरैनिया,5,515,आवासिय क्षेत्र
बरैनिया,5,516,आवासिय क्षेत्र
बरैनिया,5,517,आवासिय क्षेत्र
बरैनिया,5,518,आवासिय क्षेत्र
बरैनिया,5,523,आवासिय क्षेत्र
बरैनिया,5,524,आवासिय क्षेत्र
बरैनिया,5,532,आवासिय क्षेत्र
बरैनिया,5,533,आवासिय क्षेत्र
बरैनिया,5,535,आवासिय क्षेत्र
बरैनिया,5,538,आवासिय क्षेत्र
बरैनिया,5,539,आवासिय क्षेत्र
बरैनिया,5,540,आवासिय क्षेत्र
बरैनिया,5,541,आवासिय क्षेत्र
बरैनिया,5,542,आवासिय क्षेत्र
बरैनिया,5,543,आवासिय क्षेत्र
बरैनिया,5,544,आवासिय क्षेत्र
बरैनिया,5,545,आवासिय क्षेत्र
बरैनिया,5,546,आवासिय क्षेत्र
बरैनिया,5,547,आवासिय क्षेत्र
बरैनिया,5,548,कृषि क्षेत्र
बरैनिया,5,556,आवासिय क्षेत्र
बरैनिया,5,557,आवासिय क्षेत्र
बरैनिया,5,562,आवासिय क्षेत्र
बरैनिया,5,564,आवासिय क्षेत्र
बरैनिया,5,565,आवासिय क्षेत्र
बरैनिया,5,566,आवासिय क्षेत्र
बरैनिया,5,568,आवासिय क्षेत्र
बरैनिया,5,569,आवासिय क्षेत्र
बरैनिया,5,569,आवासिय क्षेत्र
बरैनिया,5,570,आवासिय क्षेत्र
बरैनिया,5,571,आवासिय क्षेत्र
बरैनिया,5,572,आवासिय क्षेत्र
बरैनिया,5,578,आवासिय क्षेत्र
बरैनिया,5,579,आवासिय क्षेत्र
बरैनिया,5,580,आवासिय क्षेत्र
बरैनिया,5,581,आवासिय क्षेत्र
बरैनिया,5,582,आवासिय क्षेत्र
बरैनिया,5,586,आवासिय क्षेत्र
बरैनिया,5,587,आवासिय क्षेत्र
बरैनिया,5,595,आवासिय क्षेत्र
बरैनिया,5,596,आवासिय क्षेत्र
बरैनिया,5,597,आवासिय क्षेत्र
बरैनिया,5,598,आवासिय क्षेत्र
बरैनिया,5,602,आवासिय क्षेत्र
बरैनिया,5,603,आवासिय क्षेत्र
बरैनिया,5,636,आवासिय क्षेत्र
बरैनिया,5,636,आवासिय क्षेत्र
बरैनिया,5,637,आवासिय क्षेत्र
बरैनिया,5,657,आवासिय क्षेत्र
बरैनिया,5,658,आवासिय क्षेत्र
बरैनिया,5,659,आवासिय क्षेत्र
बरैनिया,5,664,आवासिय क्षेत्र
बरैनिया,5,665,आवासिय क्षेत्र
बरैनिया,5,666,कृषि क्षेत्र
बरैनिया,5,669,आवासिय क्षेत्र
बरैनिया,5,670,कृषि क्षेत्र
बरैनिया,5,682,आवासिय क्षेत्र
बरैनिया,5,683,आवासिय क्षेत्र
बरैनिया,5,690,आवासिय क्षेत्र
बरैनिया,5,691,आवासिय क्षेत्र
बरैनिया,5,696,कृषि क्षेत्र
बरैनिया,5,697,आवासिय क्षेत्र
बरैनिया,5,698,आवासिय क्षेत्र
बरैनिया,5,699,आवासिय क्षेत्र
बरैनिया,5,704,आवासिय क्षेत्र
बरैनिया,5,704,आवासिय क्षेत्र
बरैनिया,5,706,आवासिय क्षेत्र
बरैनिया,5,707,आवासिय क्षेत्र
बरैनिया,5,712,कृषि क्षेत्र
बरैनिया,5,713,आवासिय क्षेत्र
बरैनिया,5,714,आवासिय क्षेत्र
बरैनिया,5,715,आवासिय क्षेत्र
बरैनिया,5,718,आवासिय क्षेत्र
बरैनिया,5,719,आवासिय क्षेत्र
बरैनिया,5,720,आवासिय क्षेत्र
बरैनिया,5,721,आवासिय क्षेत्र
बरैनिया,5,815,आवासिय क्षेत्र
बरैनिया,5,816,आवासिय क्षेत्र
बरैनिया,5,818,आवासिय क्षेत्र
बरैनिया,5,831,कृषि क्षेत्र
बरैनिया,5,834,आवासिय क्षेत्र
बरैनिया,5,837,कृषि क्षेत्र
बरैनिया,5,840,कृषि क्षेत्र
बरैनिया,5,841,कृषि क्षेत्र
बरैनिया,5,843,आवासिय क्षेत्र
बरैनिया,5,844,आवासिय क्षेत्र
बरैनिया,5,845,आवासिय क्षेत्र
बरैनिया,5,846,आवासिय क्षेत्र
बरैनिया,5,847,आवासिय क्षेत्र
बरैनिया,5,848,कृषि क्षेत्र
बरैनिया,5,902,आवासिय क्षेत्र
बरैनिया,5,903,आवासिय क्षेत्र
बरैनिया,5,906,आवासिय क्षेत्र
बरैनिया,5,907,आवासिय क्षेत्र
बरैनिया,5,908,आवासिय क्षेत्र
बरैनिया,5,951,कृषि क्षेत्र
बरैनिया,5,952,कृषि क्षेत्र
बरैनिया,5,953,आवासिय क्षेत्र
बरैनिया,5,954,आवासिय क्षेत्र
बरैनिया,5,955,कृषि क्षेत्र
बरैनिया,5,956,कृषि क्षेत्र
बरैनिया,5,997,आवासिय क्षेत्र
बरैनिया,5,998,आवासिय क्षेत्र
बरैनिया,5,999,आवासिय क्षेत्र
बरैनिया,5,1000,आवासिय क्षेत्र
बरैनिया,5,1001,आवासिय क्षेत्र
बरैनिया,5,1006,कृषि क्षेत्र
बरैनिया,5,1008,आवासिय क्षेत्र
बरैनिया,5,1009,आवासिय क्षेत्र
बरैनिया,5,1010,आवासिय क्षेत्र
बरैनिया,5,1011,आवासिय क्षेत्र
बरैनिया,5,1012,आवासिय क्षेत्र
बरैनिया,5,1015,आवासिय क्षेत्र
बरैनिया,5,1016,आवासिय क्षेत्र
बरैनिया,5,1017,आवासिय क्षेत्र
बरैनिया,5,1018,कृषि क्षेत्र
बरैनिया,5,1019,आवासिय क्षेत्र
बरैनिया,5,1020,आवासिय क्षेत्र
बरैनिया,5,1021,आवासिय क्षेत्र
बरैनिया,5,1022,आवासिय क्षेत्र
बरैनिया,5,1023,आवासिय क्षेत्र
बरैनिया,5,1024,आवासिय क्षेत्र
बरैनिया,5,1031,आवासिय क्षेत्र
बरैनिया,5,1032,आवासिय क्षेत्र
बरैनिया,5,1033,आवासिय क्षेत्र
बरैनिया,5,1034,आवासिय क्षेत्र
बरैनिया,5,1035,आवासिय क्षेत्र
बरैनिया,5,1036,आवासिय क्षेत्र
बरैनिया,5,1037,आवासिय क्षेत्र
बरैनिया,5,1038,कृषि क्षेत्र
बरैनिया,5,1039,कृषि क्षेत्र
बरैनिया,5,1056,आवासिय क्षेत्र
बरैनिया,5,1057,आवासिय क्षेत्र
बरैनिया,5,1058,आवासिय क्षेत्र
बरैनिया,5,1059,आवासिय क्षेत्र
बरैनिया,5,1060,आवासिय क्षेत्र
बरैनिया,5,1061,आवासिय क्षेत्र
बरैनिया,5,1062,आवासिय क्षेत्र
बरैनिया,5,1063,कृषि क्षेत्र
बरैनिया,5,1064,कृषि क्षेत्र
बरैनिया,5,1065,आवासिय क्षेत्र
बरैनिया,5,1066,आवासिय क्षेत्र
बरैनिया,5,1074,आवासिय क्षेत्र
बरैनिया,5,1076,आवासिय क्षेत्र
बरैनिया,5,1077,आवासिय क्षेत्र
बरैनिया,5,1081,आवासिय क्षेत्र
बरैनिया,5,1082,आवासिय क्षेत्र
बरैनिया,5,1083,आवासिय क्षेत्र
बरैनिया,5,1084,आवासिय क्षेत्र
बरैनिया,5,1085,आवासिय क्षेत्र
बरैनिया,5,1086,आवासिय क्षेत्र
बरैनिया,5,1087,आवासिय क्षेत्र
बरैनिया,5,1088,आवासिय क्षेत्र
बरैनिया,5,1089,आवासिय क्षेत्र
बरैनिया,5,1090,आवासिय क्षेत्र
बरैनिया,5,1091,कृषि क्षेत्र
बरैनिया,5,1092,कृषि क्षेत्र
बरैनिया,5,1099,आवासिय क्षेत्र
बरैनिया,5,1100,आवासिय क्षेत्र
बरैनिया,5,1101,आवासिय क्षेत्र
बरैनिया,5,1102,आवासिय क्षेत्र
बरैनिया,5,1103,आवासिय क्षेत्र
बरैनिया,5,1104,आवासिय क्षेत्र
बरैनिया,5,1105,आवासिय क्षेत्र
बरैनिया,5,999972,सार्वजनिक उपयोग क्षेत्र
बरैनिया,5 गाउँ,1,आवासिय क्षेत्र
बरैनिया,5 गाउँ,2,आवासिय क्षेत्र
बरैनिया,5 गाउँ,3,आवासिय क्षेत्र
बरैनिया,5 गाउँ,4,आवासिय क्षेत्र
बरैनिया,5 गाउँ,5,आवासिय क्षेत्र
बरैनिया,5 गाउँ,6,आवासिय क्षेत्र
बरैनिया,5 गाउँ,7,आवासिय क्षेत्र
बरैनिया,5 गाउँ,8,आवासिय क्षेत्र
बरैनिया,5 गाउँ,9,आवासिय क्षेत्र
बरैनिया,5 गाउँ,10,आवासिय क्षेत्र
बरैनिया,5 गाउँ,11,आवासिय क्षेत्र
बरैनिया,5 गाउँ,12,आवासिय क्षेत्र
बरैनिया,5 गाउँ,13,आवासिय क्षेत्र
बरैनिया,5 गाउँ,14,आवासिय क्षेत्र
बरैनिया,5 गाउँ,15,आवासिय क्षेत्र
बरैनिया,5 गाउँ,16,आवासिय क्षेत्र
बरैनिया,5 गाउँ,17,आवासिय क्षेत्र
बरैनिया,5 गाउँ,18,आवासिय क्षेत्र
बरैनिया,5 गाउँ,19,आवासिय क्षेत्र
बरैनिया,5 गाउँ,20,आवासिय क्षेत्र
बरैनिया,5 गाउँ,21,आवासिय क्षेत्र
बरैनिया,5 गाउँ,22,आवासिय क्षेत्र
बरैनिया,5 गाउँ,23,आवासिय क्षेत्र
बरैनिया,5 गाउँ,24,आवासिय क्षेत्र
बरैनिया,5 गाउँ,25,आवासिय क्षेत्र
बरैनिया,5 गाउँ,26,आवासिय क्षेत्र
बरैनिया,5 गाउँ,27,आवासिय क्षेत्र
बरैनिया,5 गाउँ,28,आवासिय क्षेत्र
बरैनिया,5 गाउँ,29,आवासिय क्षेत्र
बरैनिया,5 गाउँ,30,आवासिय क्षेत्र
बरैनिया,5 गाउँ,31,आवासिय क्षेत्र
बरैनिया,5 गाउँ,32,आवासिय क्षेत्र
बरैनिया,5 गाउँ,33,आवासिय क्षेत्र
बरैनिया,5 गाउँ,34,आवासिय क्षेत्र
बरैनिया,5 गाउँ,35,आवासिय क्षेत्र
बरैनिया,5 गाउँ,36,आवासिय क्षेत्र
बरैनिया,5 गाउँ,37,आवासिय क्षेत्र
बरैनिया,5 गाउँ,38,आवासिय क्षेत्र
बरैनिया,5 गाउँ,39,आवासिय क्षेत्र
बरैनिया,5 गाउँ,40,आवासिय क्षेत्र
बरैनिया,5 गाउँ,41,आवासिय क्षेत्र
बरैनिया,5 गाउँ,42,आवासिय क्षेत्र
बरैनिया,5 गाउँ,43,आवासिय क्षेत्र
बरैनिया,5 गाउँ,44,आवासिय क्षेत्र
बरैनिया,5 गाउँ,45,आवासिय क्षेत्र
बरैनिया,5 गाउँ,46,आवासिय क्षेत्र
बरैनिया,5 गाउँ,47,आवासिय क्षेत्र
बरैनिया,5 गाउँ,48,आवासिय क्षेत्र
बरैनिया,5 गाउँ,49,आवासिय क्षेत्र
बरैनिया,5 गाउँ,50,आवासिय क्षेत्र
बरैनिया,5 गाउँ,51,आवासिय क्षेत्र
बरैनिया,5 गाउँ,52,आवासिय क्षेत्र
बरैनिया,5 गाउँ,53,आवासिय क्षेत्र
बरैनिया,5 गाउँ,54,आवासिय क्षेत्र
बरैनिया,5 गाउँ,55,आवासिय क्षेत्र
बरैनिया,5 गाउँ,56,आवासिय क्षेत्र
बरैनिया,5 गाउँ,57,आवासिय क्षेत्र
बरैनिया,5 गाउँ,58,आवासिय क्षेत्र
बरैनिया,5 गाउँ,59,आवासिय क्षेत्र
बरैनिया,5 गाउँ,60,आवासिय क्षेत्र
बरैनिया,5 गाउँ,61,आवासिय क्षेत्र
बरैनिया,5 गाउँ,62,सार्वजनिक उपयोग क्षेत्र
बरैनिया,5 गाउँ,63,आवासिय क्षेत्र
बरैनिया,5 गाउँ,65,आवासिय क्षेत्र
बरैनिया,5 गाउँ,66,आवासिय क्षेत्र
बरैनिया,5 गाउँ,67,आवासिय क्षेत्र
बरैनिया,5 गाउँ,999995,आवासिय क्षेत्र
बरैनिया,5 नहर,283,आवासिय क्षेत्र
बरैनिया,5 नहर,382,सार्वजनिक उपयोग क्षेत्र
बरैनिया,5 नहर,428,आवासिय क्षेत्र
बरैनिया,5 नहर,430,आवासिय क्षेत्र
बरैनिया,5 नहर,431,आवासिय क्षेत्र
बरैनिया,5 नहर,433,आवासिय क्षेत्र
बरैनिया,5 नहर,434,आवासिय क्षेत्र
बरैनिया,5 नहर,668,आवासिय क्षेत्र
बरैनिया,5 नहर,919,आवासिय क्षेत्र
बरैनिया,5 नहर,920,आवासिय क्षेत्र
बरैनिया,5 नहर,921,आवासिय क्षेत्र
बरैनिया,5 नहर,922,आवासिय क्षेत्र
बरैनिया,5 नहर,923,आवासिय क्षेत्र
बरैनिया,5 नहर,975,आवासिय क्षेत्र
बरैनिया,5 नहर,995,आवासिय क्षेत्र
बरैनिया,5 नहर,996,आवासिय क्षेत्र
बरैनिया,5 नहर,999999,आवासिय क्षेत्र
बरैनिया,5-1 नहर,244,आवासिय क्षेत्र
बरैनिया,5-1 नहर,247,आवासिय क्षेत्र
बरैनिया,5-1 नहर,250,आवासिय क्षेत्र
बरैनिया,5-1 नहर,251,आवासिय क्षेत्र
बरैनिया,5-1 नहर,259,आवासिय क्षेत्र
बरैनिया,5-1 नहर,260,आवासिय क्षेत्र
बरैनिया,5-1 नहर,261,आवासिय क्षेत्र
बरैनिया,5-1 नहर,262,आवासिय क्षेत्र
बरैनिया,5-1 नहर,263,आवासिय क्षेत्र
बरैनिया,5-1 नहर,273,आवासिय क्षेत्र
बरैनिया,5-1 नहर,382,सार्वजनिक उपयोग क्षेत्र
बरैनिया,5-1 नहर,382,सार्वजनिक उपयोग क्षेत्र
बरैनिया,5-1 नहर,387,आवासिय क्षेत्र
बरैनिया,5-1 नहर,388,आवासिय क्षेत्र
बरैनिया,5-1 नहर,390,आवासिय क्षेत्र
बरैनिया,5-1 नहर,391,आवासिय क्षेत्र
बरैनिया,5-1 नहर,392,आवासिय क्षेत्र
बरैनिया,5-1 नहर,393,आवासिय क्षेत्र
बरैनिया,5-1 नहर,394,आवासिय क्षेत्र
बरैनिया,5-1 नहर,395,आवासिय क्षेत्र
बरैनिया,5-1 नहर,399,आवासिय क्षेत्र
बरैनिया,5-1 नहर,400,आवासिय क्षेत्र
बरैनिया,5-1 नहर,401,आवासिय क्षेत्र
बरैनिया,5-1 नहर,402,आवासिय क्षेत्र
बरैनिया,5-1 नहर,403,आवासिय क्षेत्र
बरैनिया,5-1 नहर,404,आवासिय क्षेत्र
बरैनिया,5-1 नहर,405,आवासिय क्षेत्र
बरैनिया,5-1 नहर,406,आवासिय क्षेत्र
बरैनिया,5-1 नहर,407,आवासिय क्षेत्र
बरैनिया,5-1 नहर,410,आवासिय क्षेत्र
बरैनिया,5-1 नहर,411,आवासिय क्षेत्र
बरैनिया,5-1 नहर,412,आवासिय क्षेत्र
बरैनिया,5-1 नहर,413,आवासिय क्षेत्र
बरैनिया,5-1 नहर,414,आवासिय क्षेत्र
बरैनिया,5-1 नहर,415,आवासिय क्षेत्र
बरैनिया,5-1 नहर,416,आवासिय क्षेत्र
बरैनिया,5-1 नहर,417,आवासिय क्षेत्र
बरैनिया,5-1 नहर,418,आवासिय क्षेत्र
बरैनिया,5-1 नहर,419,आवासिय क्षेत्र
बरैनिया,5-1 नहर,420,आवासिय क्षेत्र
बरैनिया,5-1 नहर,421,आवासिय क्षेत्र
बरैनिया,5-1 नहर,422,आवासिय क्षेत्र
बरैनिया,5-1 नहर,423,आवासिय क्षेत्र
बरैनिया,5-1 नहर,424,आवासिय क्षेत्र
बरैनिया,5-1 नहर,425,आवासिय क्षेत्र
बरैनिया,5-1 नहर,426,आवासिय क्षेत्र
बरैनिया,5-1 नहर,427,आवासिय क्षेत्र
बरैनिया,5-1 नहर,458,आवासिय क्षेत्र
बरैनिया,5-1 नहर,459,आवासिय क्षेत्र
बरैनिया,5-1 नहर,460,आवासिय क्षेत्र
बरैनिया,5-1 नहर,461,आवासिय क्षेत्र
बरैनिया,5-1 नहर,625,आवासिय क्षेत्र
बरैनिया,5-1 नहर,627,आवासिय क्षेत्र
बरैनिया,5-1 नहर,628,आवासिय क्षेत्र
बरैनिया,5-1 नहर,630,आवासिय क्षेत्र
बरैनिया,5-1 नहर,631,आवासिय क्षेत्र
बरैनिया,5-1 नहर,634,आवासिय क्षेत्र
बरैनिया,5-1 नहर,635,आवासिय क्षेत्र
बरैनिया,5-1 नहर,639,आवासिय क्षेत्र
बरैनिया,5-1 नहर,641,आवासिय क्षेत्र
बरैनिया,5-1 नहर,644,आवासिय क्षेत्र
बरैनिया,5-1 नहर,645,आवासिय क्षेत्र
बरैनिया,5-1 नहर,646,आवासिय क्षेत्र
बरैनिया,5-1 नहर,648,आवासिय क्षेत्र
बरैनिया,5-1 नहर,825,आवासिय क्षेत्र
बरैनिया,5-1 नहर,859,आवासिय क्षेत्र
बरैनिया,5-1 नहर,886,आवासिय क्षेत्र
बरैनिया,5-1 नहर,887,आवासिय क्षेत्र
बरैनिया,5-1 नहर,888,आवासिय क्षेत्र
बरैनिया,5-1 नहर,889,आवासिय क्षेत्र
बरैनिया,5-1 नहर,890,आवासिय क्षेत्र
बरैनिया,5-1 नहर,891,आवासिय क्षेत्र
बरैनिया,5-1 नहर,892,आवासिय क्षेत्र
बरैनिया,5-1 नहर,893,आवासिय क्षेत्र
बरैनिया,5-1 नहर,894,आवासिय क्षेत्र
बरैनिया,5-1 नहर,896,आवासिय क्षेत्र
बरैनिया,5-1 नहर,897,आवासिय क्षेत्र
बरैनिया,5-1 नहर,898,आवासिय क्षेत्र
बरैनिया,5-1 नहर,1003,आवासिय क्षेत्र
बरैनिया,5-1 नहर,1004,आवासिय क्षेत्र
बरैनिया,5-1 नहर,1005,आवासिय क्षेत्र
बरैनिया,5-1 नहर,1040,आवासिय क्षेत्र
बरैनिया,5-1 नहर,1041,आवासिय क्षेत्र
बरैनिया,5-1 नहर,1042,आवासिय क्षेत्र
बरैनिया,5-1 नहर,1043,आवासिय क्षेत्र
बरैनिया,5-1 नहर,1044,आवासिय क्षेत्र
बरैनिया,5-1 नहर,1045,आवासिय क्षेत्र
बरैनिया,5-1 नहर,1046,आवासिय क्षेत्र
बरैनिया,5-1 नहर,1047,आवासिय क्षेत्र
बरैनिया,5-1 नहर,1048,आवासिय क्षेत्र
बरैनिया,5-1 नहर,1049,आवासिय क्षेत्र
बरैनिया,5-1 नहर,1050,आवासिय क्षेत्र
बरैनिया,5-1 नहर,1051,आवासिय क्षेत्र
बरैनिया,5-1 नहर,1054,आवासिय क्षेत्र
बरैनिया,5-1 नहर,1055,आवासिय क्षेत्र
बरैनिया,5-1 नहर,1067,आवासिय क्षेत्र
बरैनिया,5-1 नहर,1068,आवासिय क्षेत्र
बरैनिया,5-1 नहर,1069,आवासिय क्षेत्र
बरैनिया,5-1 नहर,1070,आवासिय क्षेत्र
बरैनिया,5-1 नहर,1071,आवासिय क्षेत्र
बरैनिया,5-1 नहर,1072,आवासिय क्षेत्र
बरैनिया,5-1 नहर,1073,आवासिय क्षेत्र
बरैनिया,5-1 नहर,1078,आवासिय क्षेत्र
बरैनिया,5-1 नहर,1079,आवासिय क्षेत्र
बरैनिया,5-1 नहर,1080,आवासिय क्षेत्र
बरैनिया,5-1 नहर,1093,आवासिय क्षेत्र
बरैनिया,5-1 नहर,1094,आवासिय क्षेत्र
बरैनिया,5-1 नहर,1095,आवासिय क्षेत्र
बरैनिया,5-1 नहर,1096,आवासिय क्षेत्र
बरैनिया,5-1 नहर,999998,आवासिय क्षेत्र
बरैनिया,5-1 नहर,999999,सार्वजनिक उपयोग क्षेत्र
बरैनिया,6 क,1,कृषि क्षेत्र
बरैनिया,6 क,2,कृषि क्षेत्र
बरैनिया,6 क,4,कृषि क्षेत्र
बरैनिया,6 क,9,आवासिय क्षेत्र
बरैनिया,6 क,10,आवासिय क्षेत्र
बरैनिया,6 क,11,आवासिय क्षेत्र
बरैनिया,6 क,12,आवासिय क्षेत्र
बरैनिया,6 क,13,आवासिय क्षेत्र
बरैनिया,6 क,17,कृषि क्षेत्र
बरैनिया,6 क,18,आवासिय क्षेत्र
बरैनिया,6 क,20,कृषि क्षेत्र
बरैनिया,6 क,21,आवासिय क्षेत्र
बरैनिया,6 क,22,आवासिय क्षेत्र
बरैनिया,6 क,23,आवासिय क्षेत्र
बरैनिया,6 क,24,कृषि क्षेत्र
बरैनिया,6 क,25,कृषि क्षेत्र
बरैनिया,6 क,27,कृषि क्षेत्र
बरैनिया,6 क,31,आवासिय क्षेत्र
बरैनिया,6 क,32,आवासिय क्षेत्र
बरैनिया,6 क,34,कृषि क्षेत्र
बरैनिया,6 क,35,कृषि क्षेत्र
बरैनिया,6 क,36,कृषि क्षेत्र
बरैनिया,6 क,37,कृषि क्षेत्र
बरैनिया,6 क,38,कृषि क्षेत्र
बरैनिया,6 क,40,आवासिय क्षेत्र
बरैनिया,6 क,42,आवासिय क्षेत्र
बरैनिया,6 क,43,आवासिय क्षेत्र
बरैनिया,6 क,44,आवासिय क्षेत्र
बरैनिया,6 क,45,कृषि क्षेत्र
बरैनिया,6 क,48,आवासिय क्षेत्र
बरैनिया,6 क,49,आवासिय क्षेत्र
बरैनिया,6 क,50,आवासिय क्षेत्र
बरैनिया,6 क,51,कृषि क्षेत्र
बरैनिया,6 क,52,कृषि क्षेत्र
बरैनिया,6 क,53,कृषि क्षेत्र
बरैनिया,6 क,55,कृषि क्षेत्र
बरैनिया,6 क,56,कृषि क्षेत्र
बरैनिया,6 क,59,कृषि क्षेत्र
बरैनिया,6 क,60,कृषि क्षेत्र
बरैनिया,6 क,61,कृषि क्षेत्र
बरैनिया,6 क,62,कृषि क्षेत्र
बरैनिया,6 क,63,कृषि क्षेत्र
बरैनिया,6 क,64,कृषि क्षेत्र
बरैनिया,6 क,65,कृषि क्षेत्र
बरैनिया,6 क,66,कृषि क्षेत्र
बरैनिया,6 क,70,कृषि क्षेत्र
बरैनिया,6 क,71,कृषि क्षेत्र
बरैनिया,6 क,72,आवासिय क्षेत्र
बरैनिया,6 क,73,आवासिय क्षेत्र
बरैनिया,6 क,74,कृषि क्षेत्र
बरैनिया,6 क,75,कृषि क्षेत्र
बरैनिया,6 क,76,आवासिय क्षेत्र
बरैनिया,6 क,77,आवासिय क्षेत्र
बरैनिया,6 क,78,आवासिय क्षेत्र
बरैनिया,6 क,79,आवासिय क्षेत्र
बरैनिया,6 क,82,कृषि क्षेत्र
बरैनिया,6 क,83,कृषि क्षेत्र
बरैनिया,6 क,89,आवासिय क्षेत्र
बरैनिया,6 क,90,आवासिय क्षेत्र
बरैनिया,6 क,91,आवासिय क्षेत्र
बरैनिया,6 क,92,आवासिय क्षेत्र
बरैनिया,6 क,95,कृषि क्षेत्र
बरैनिया,6 क,96,कृषि क्षेत्र
बरैनिया,6 क,97,कृषि क्षेत्र
बरैनिया,6 क,99,कृषि क्षेत्र
बरैनिया,6 क,100,कृषि क्षेत्र
बरैनिया,6 क,101,कृषि क्षेत्र
बरैनिया,6 क,102,कृषि क्षेत्र
बरैनिया,6 क,103,कृषि क्षेत्र
बरैनिया,6 क,104,कृषि क्षेत्र
बरैनिया,6 क,105,कृषि क्षेत्र
बरैनिया,6 क,108,आवासिय क्षेत्र
बरैनिया,6 क,109,आवासिय क्षेत्र
बरैनिया,6 क,110,आवासिय क्षेत्र
बरैनिया,6 क,111,कृषि क्षेत्र
बरैनिया,6 क,112,कृषि क्षेत्र
बरैनिया,6 क,113,कृषि क्षेत्र
बरैनिया,6 क,114,कृषि क्षेत्र
बरैनिया,6 क,115,कृषि क्षेत्र
बरैनिया,6 क,116,कृषि क्षेत्र
बरैनिया,6 क,117,कृषि क्षेत्र
बरैनिया,6 क,118,कृषि क्षेत्र
बरैनिया,6 क,119,कृषि क्षेत्र
बरैनिया,6 क,120,कृषि क्षेत्र
बरैनिया,6 क,121,कृषि क्षेत्र
बरैनिया,6 क,122,कृषि क्षेत्र
बरैनिया,6 क,124,कृषि क्षेत्र
बरैनिया,6 क,125,कृषि क्षेत्र
बरैनिया,6 क,126,कृषि क्षेत्र
बरैनिया,6 क,128,कृषि क्षेत्र
बरैनिया,6 क,130,कृषि क्षेत्र
बरैनिया,6 क,131,"नदी, खोला, ताल, सिमसार क्षेत्र"
बरैनिया,6 क,132,आवासिय क्षेत्र
बरैनिया,6 क,133,कृषि क्षेत्र
बरैनिया,6 क,134,कृषि क्षेत्र
बरैनिया,6 क,135,कृषि क्षेत्र
बरैनिया,6 क,136,कृषि क्षेत्र
बरैनिया,6 क,138,कृषि क्षेत्र
बरैनिया,6 क,139,कृषि क्षेत्र
बरैनिया,6 क,140,आवासिय क्षेत्र
बरैनिया,6 क,142,आवासिय क्षेत्र
बरैनिया,6 क,143,आवासिय क्षेत्र
बरैनिया,6 क,144,कृषि क्षेत्र
बरैनिया,6 क,145,कृषि क्षेत्र
बरैनिया,6 क,146,कृषि क्षेत्र
बरैनिया,6 क,147,कृषि क्षेत्र
बरैनिया,6 क,153,आवासिय क्षेत्र
बरैनिया,6 क,154,आवासिय क्षेत्र
बरैनिया,6 क,155,आवासिय क्षेत्र
बरैनिया,6 क,156,आवासिय क्षेत्र
बरैनिया,6 क,159,कृषि क्षेत्र
बरैनिया,6 क,160,कृषि क्षेत्र
बरैनिया,6 क,163,कृषि क्षेत्र
बरैनिया,6 क,164,कृषि क्षेत्र
बरैनिया,6 क,165,कृषि क्षेत्र
बरैनिया,6 क,223,कृषि क्षेत्र
बरैनिया,6 क,224,कृषि क्षेत्र
बरैनिया,6 क,225,कृषि क्षेत्र
बरैनिया,6 क,226,कृषि क्षेत्र
बरैनिया,6 क,227,कृषि क्षेत्र
बरैनिया,6 क,228,कृषि क्षेत्र
बरैनिया,6 क,229,कृषि क्षेत्र
बरैनिया,6 क,230,कृषि क्षेत्र
बरैनिया,6 क,232,कृषि क्षेत्र
बरैनिया,6 क,253,कृषि क्षेत्र
बरैनिया,6 क,254,कृषि क्षेत्र
बरैनिया,6 क,255,आवासिय क्षेत्र
बरैनिया,6 क,261,कृषि क्षेत्र
बरैनिया,6 क,262,कृषि क्षेत्र
बरैनिया,6 क,269,कृषि क्षेत्र
बरैनिया,6 क,270,आवासिय क्षेत्र
बरैनिया,6 क,270,कृषि क्षेत्र
बरैनिया,6 क,271,आवासिय क्षेत्र
बरैनिया,6 क,272,कृषि क्षेत्र
बरैनिया,6 क,273,कृषि क्षेत्र
बरैनिया,6 क,275,आवासिय क्षेत्र
बरैनिया,6 क,276,आवासिय क्षेत्र
बरैनिया,6 क,281,कृषि क्षेत्र
बरैनिया,6 क,282,कृषि क्षेत्र
बरैनिया,6 क,283,कृषि क्षेत्र
बरैनिया,6 क,291,आवासिय क्षेत्र
बरैनिया,6 क,292,आवासिय क्षेत्र
बरैनिया,6 क,296,कृषि क्षेत्र
बरैनिया,6 क,306,कृषि क्षेत्र
बरैनिया,6 क,307,कृषि क्षेत्र
बरैनिया,6 क,312,कृषि क्षेत्र
बरैनिया,6 क,313,कृषि क्षेत्र
बरैनिया,6 क,318,कृषि क्षेत्र
बरैनिया,6 क,319,कृषि क्षेत्र
बरैनिया,6 क,329,कृषि क्षेत्र
बरैनिया,6 क,330,कृषि क्षेत्र
बरैनिया,6 क,331,आवासिय क्षेत्र
बरैनिया,6 क,332,आवासिय क्षेत्र
बरैनिया,6 क,333,कृषि क्षेत्र
बरैनिया,6 क,334,कृषि क्षेत्र
बरैनिया,6 क,335,कृषि क्षेत्र
बरैनिया,6 क,336,कृषि क्षेत्र
बरैनिया,6 क,337,कृषि क्षेत्र
बरैनिया,6 क,338,कृषि क्षेत्र
बरैनिया,6 क,339,कृषि क्षेत्र
बरैनिया,6 क,340,कृषि क्षेत्र
बरैनिया,6 क,355,कृषि क्षेत्र
बरैनिया,6 क,356,कृषि क्षेत्र
बरैनिया,6 क,357,कृषि क्षेत्र
बरैनिया,6 क,358,कृषि क्षेत्र
बरैनिया,6 क,359,आवासिय क्षेत्र
बरैनिया,6 क,360,आवासिय क्षेत्र
बरैनिया,6 क,363,कृषि क्षेत्र
बरैनिया,6 क,364,कृषि क्षेत्र
बरैनिया,6 क,368,कृषि क्षेत्र
बरैनिया,6 क,369,कृषि क्षेत्र
बरैनिया,6 क,504,कृषि क्षेत्र
बरैनिया,6 क,506,कृषि क्षेत्र
बरैनिया,6 क,521,कृषि क्षेत्र
बरैनिया,6 क,522,कृषि क्षेत्र
बरैनिया,6 क,539,कृषि क्षेत्र
बरैनिया,6 क,540,कृषि क्षेत्र
बरैनिया,6 क,560,कृषि क्षेत्र
बरैनिया,6 क,562,कृषि क्षेत्र
बरैनिया,6 क,563,कृषि क्षेत्र
बरैनिया,6 क,564,कृषि क्षेत्र
बरैनिया,6 क,566,कृषि क्षेत्र
बरैनिया,6 क,567,कृषि क्षेत्र
बरैनिया,6 क,999997,कृषि क्षेत्र
बरैनिया,6 क,999998,कृषि क्षेत्र
बरैनिया,6 क,999999,कृषि क्षेत्र
बरैनिया,6 ख गाउँ,1,आवासिय क्षेत्र
बरैनिया,6 ख गाउँ,2,आवासिय क्षेत्र
बरैनिया,6 ख गाउँ,3,आवासिय क्षेत्र
बरैनिया,6 ख गाउँ,4,आवासिय क्षेत्र
बरैनिया,6 ख गाउँ,5,आवासिय क्षेत्र
बरैनिया,6 ख गाउँ,6,आवासिय क्षेत्र
बरैनिया,6 ख गाउँ,7,आवासिय क्षेत्र
बरैनिया,6 ख गाउँ,8,आवासिय क्षेत्र
बरैनिया,6 ख गाउँ,9,आवासिय क्षेत्र
बरैनिया,6 ख गाउँ,10,आवासिय क्षेत्र
बरैनिया,6 ख गाउँ,11,आवासिय क्षेत्र
बरैनिया,6 ख गाउँ,12,आवासिय क्षेत्र
बरैनिया,6 ख गाउँ,13,आवासिय क्षेत्र
बरैनिया,6 ख गाउँ,14,आवासिय क्षेत्र
बरैनिया,6 ख गाउँ,15,आवासिय क्षेत्र
बरैनिया,6 ख गाउँ,16,आवासिय क्षेत्र
बरैनिया,6 ख गाउँ,17,आवासिय क्षेत्र
बरैनिया,6 ख गाउँ,18,आवासिय क्षेत्र
बरैनिया,6 ख गाउँ,19,आवासिय क्षेत्र
बरैनिया,6 ख गाउँ,20,आवासिय क्षेत्र
बरैनिया,6 ख गाउँ,21,आवासिय क्षेत्र
बरैनिया,6 ख गाउँ,22,आवासिय क्षेत्र
बरैनिया,6 ख गाउँ,23,आवासिय क्षेत्र
बरैनिया,6 ख गाउँ,24,आवासिय क्षेत्र
बरैनिया,6 ख गाउँ,25,आवासिय क्षेत्र
बरैनिया,6 ख गाउँ,26,आवासिय क्षेत्र
बरैनिया,6 ख गाउँ,27,आवासिय क्षेत्र
बरैनिया,6 ख गाउँ,28,आवासिय क्षेत्र
बरैनिया,6 ख गाउँ,29,आवासिय क्षेत्र
बरैनिया,6 ख गाउँ,30,आवासिय क्षेत्र
बरैनिया,6 ख गाउँ,32,सार्वजनिक उपयोग क्षेत्र
बरैनिया,6 ग गाउँ,1,आवासिय क्षेत्र
बरैनिया,6 ग गाउँ,2,आवासिय क्षेत्र
बरैनिया,6 ग गाउँ,3,आवासिय क्षेत्र
बरैनिया,6 ग गाउँ,4,आवासिय क्षेत्र
बरैनिया,6 ग गाउँ,5,आवासिय क्षेत्र
बरैनिया,6 ग गाउँ,6,आवासिय क्षेत्र
बरैनिया,6 ग गाउँ,7,आवासिय क्षेत्र
बरैनिया,6 ग गाउँ,8,आवासिय क्षेत्र
बरैनिया,6 ग गाउँ,9,आवासिय क्षेत्र
बरैनिया,6 ग गाउँ,10,आवासिय क्षेत्र
बरैनिया,6 ग गाउँ,11,आवासिय क्षेत्र
बरैनिया,6 ग गाउँ,12,आवासिय क्षेत्र
बरैनिया,6 ग गाउँ,13,आवासिय क्षेत्र
बरैनिया,6 ग गाउँ,14,आवासिय क्षेत्र
बरैनिया,6 ग गाउँ,15,आवासिय क्षेत्र
बरैनिया,6 ग गाउँ,16,आवासिय क्षेत्र
बरैनिया,6 ग गाउँ,17,आवासिय क्षेत्र
बरैनिया,6 ग गाउँ,18,आवासिय क्षेत्र
बरैनिया,6 ग गाउँ,19,आवासिय क्षेत्र
बरैनिया,6 ग गाउँ,20,आवासिय क्षेत्र
बरैनिया,6 ग गाउँ,21,आवासिय क्षेत्र
बरैनिया,6 ग गाउँ,22,आवासिय क्षेत्र
बरैनिया,6 ग गाउँ,23,सार्वजनिक उपयोग क्षेत्र
बरैनिया,6 ग गाउँ,24,आवासिय क्षेत्र
बरैनिया,6 नहर,14,आवासिय क्षेत्र
बरैनिया,6 नहर,42,आवासिय क्षेत्र
बरैनिया,6 नहर,48,आवासिय क्षेत्र
बरैनिया,6 नहर,73,आवासिय क्षेत्र
बरैनिया,6 नहर,77,आवासिय क्षेत्र
बरैनिया,6 नहर,78,आवासिय क्षेत्र
बरैनिया,6 नहर,87,आवासिय क्षेत्र
बरैनिया,6 नहर,90,आवासिय क्षेत्र
बरैनिया,6 नहर,109,आवासिय क्षेत्र
बरैनिया,6 नहर,172,सार्वजनिक उपयोग क्षेत्र
बरैनिया,6 नहर,172,सार्वजनिक उपयोग क्षेत्र
बरैनिया,6 नहर,172,आवासिय क्षेत्र
बरैनिया,6 नहर,175,आवासिय क्षेत्र
बरैनिया,6 नहर,177,आवासिय क्षेत्र
बरैनिया,6 नहर,179,आवासिय क्षेत्र
बरैनिया,6 नहर,180,आवासिय क्षेत्र
बरैनिया,6 नहर,181,आवासिय क्षेत्र
बरैनिया,6 नहर,182,आवासिय क्षेत्र
बरैनिया,6 नहर,183,आवासिय क्षेत्र
बरैनिया,6 नहर,185,आवासिय क्षेत्र
बरैनिया,6 नहर,186,आवासिय क्षेत्र
बरैनिया,6 नहर,187,आवासिय क्षेत्र
बरैनिया,6 नहर,188,आवासिय क्षेत्र
बरैनिया,6 नहर,189,आवासिय क्षेत्र
बरैनिया,6 नहर,190,आवासिय क्षेत्र
बरैनिया,6 नहर,191,सार्वजनिक उपयोग क्षेत्र
बरैनिया,6 नहर,192,आवासिय क्षेत्र
बरैनिया,6 नहर,193,आवासिय क्षेत्र
बरैनिया,6 नहर,194,आवासिय क्षेत्र
बरैनिया,6 नहर,196,आवासिय क्षेत्र
बरैनिया,6 नहर,197,आवासिय क्षेत्र
बरैनिया,6 नहर,198,आवासिय क्षेत्र
बरैनिया,6 नहर,199,आवासिय क्षेत्र
बरैनिया,6 नहर,204,आवासिय क्षेत्र
बरैनिया,6 नहर,205,आवासिय क्षेत्र
बरैनिया,6 नहर,206,आवासिय क्षेत्र
बरैनिया,6 नहर,207,आवासिय क्षेत्र
बरैनिया,6 नहर,208,आवासिय क्षेत्र
बरैनिया,6 नहर,209,आवासिय क्षेत्र
बरैनिया,6 नहर,210,आवासिय क्षेत्र
बरैनिया,6 नहर,211,आवासिय क्षेत्र
बरैनिया,6 नहर,212,आवासिय क्षेत्र
बरैनिया,6 नहर,213,आवासिय क्षेत्र
बरैनिया,6 नहर,214,आवासिय क्षेत्र
बरैनिया,6 नहर,215,आवासिय क्षेत्र
बरैनिया,6 नहर,216,आवासिय क्षेत्र
बरैनिया,6 नहर,217,आवासिय क्षेत्र
बरैनिया,6 नहर,218,आवासिय क्षेत्र
बरैनिया,6 नहर,219,आवासिय क्षेत्र
बरैनिया,6 नहर,220,आवासिय क्षेत्र
बरैनिया,6 नहर,233,आवासिय क्षेत्र
बरैनिया,6 नहर,234,आवासिय क्षेत्र
बरैनिया,6 नहर,259,आवासिय क्षेत्र
बरैनिया,6 नहर,260,आवासिय क्षेत्र
बरैनिया,6 नहर,265,आवासिय क्षेत्र
बरैनिया,6 नहर,266,आवासिय क्षेत्र
बरैनिया,6 नहर,279,आवासिय क्षेत्र
बरैनिया,6 नहर,280,आवासिय क्षेत्र
बरैनिया,6 नहर,347,आवासिय क्षेत्र
बरैनिया,6 नहर,500,आवासिय क्षेत्र
बरैनिया,6 नहर,501,आवासिय क्षेत्र
बरैनिया,6 नहर,502,आवासिय क्षेत्र
बरैनिया,6 नहर,518,आवासिय क्षेत्र
बरैनिया,6 नहर,520,आवासिय क्षेत्र
बरैनिया,6 नहर,521,आवासिय क्षेत्र
बरैनिया,6 नहर,523,आवासिय क्षेत्र
बरैनिया,6 नहर,526,आवासिय क्षेत्र
बरैनिया,6 नहर,545,आवासिय क्षेत्र
बरैनिया,6 नहर,546,आवासिय क्षेत्र
बरैनिया,6 नहर,547,आवासिय क्षेत्र
बरैनिया,6 नहर,548,आवासिय क्षेत्र
बरैनिया,6 नहर,549,आवासिय क्षेत्र
बरैनिया,6 नहर,550,आवासिय क्षेत्र
बरैनिया,6 नहर,551,आवासिय क्षेत्र
बरैनिया,6 नहर,552,आवासिय क्षेत्र
बरैनिया,6 नहर,553,आवासिय क्षेत्र
बरैनिया,6 नहर,554,आवासिय क्षेत्र
बरैनिया,6 नहर,555,आवासिय क्षेत्र
बरैनिया,6 नहर,556,आवासिय क्षेत्र
बरैनिया,6 नहर,557,आवासिय क्षेत्र
बरैनिया,6 नहर,558,आवासिय क्षेत्र
बरैनिया,6 नहर,559,आवासिय क्षेत्र
बरैनिया,6 नहर,999997,आवासिय क्षेत्र
बरैनिया,6 नहर,999998,आवासिय क्षेत्र
बरैनिया,6 नहर,999999,आवासिय क्षेत्र
बरैनिया,7 क,3,कृषि क्षेत्र
बरैनिया,7 क,4,कृषि क्षेत्र
बरैनिया,7 क,5,कृषि क्षेत्र
बरैनिया,7 क,6,कृषि क्षेत्र
बरैनिया,7 क,8,कृषि क्षेत्र
बरैनिया,7 क,9,कृषि क्षेत्र
बरैनिया,7 क,10,कृषि क्षेत्र
बरैनिया,7 क,11,कृषि क्षेत्र
बरैनिया,7 क,12,कृषि क्षेत्र
बरैनिया,7 क,15,कृषि क्षेत्र
बरैनिया,7 क,16,कृषि क्षेत्र
बरैनिया,7 क,20,कृषि क्षेत्र
बरैनिया,7 क,22,कृषि क्षेत्र
बरैनिया,7 क,23,सार्वजनिक उपयोग क्षेत्र
बरैनिया,7 क,24,कृषि क्षेत्र
बरैनिया,7 क,26,कृषि क्षेत्र
बरैनिया,7 क,27,कृषि क्षेत्र
बरैनिया,7 क,29,आवासिय क्षेत्र
बरैनिया,7 क,30,आवासिय क्षेत्र
बरैनिया,7 क,31,आवासिय क्षेत्र
बरैनिया,7 क,32,आवासिय क्षेत्र
बरैनिया,7 क,33,आवासिय क्षेत्र
बरैनिया,7 क,34,आवासिय क्षेत्र
बरैनिया,7 क,35,आवासिय क्षेत्र
बरैनिया,7 क,37,आवासिय क्षेत्र
बरैनिया,7 क,38,आवासिय क्षेत्र
बरैनिया,7 क,39,आवासिय क्षेत्र
बरैनिया,7 क,40,आवासिय क्षेत्र
बरैनिया,7 क,43,आवासिय क्षेत्र
बरैनिया,7 क,44,आवासिय क्षेत्र
बरैनिया,7 क,45,आवासिय क्षेत्र
बरैनिया,7 क,46,आवासिय क्षेत्र
बरैनिया,7 क,48,आवासिय क्षेत्र
बरैनिया,7 क,49,आवासिय क्षेत्र
बरैनिया,7 क,50,आवासिय क्षेत्र
बरैनिया,7 क,51,आवासिय क्षेत्र
बरैनिया,7 क,52,आवासिय क्षेत्र
बरैनिया,7 क,53,आवासिय क्षेत्र
बरैनिया,7 क,54,आवासिय क्षेत्र
बरैनिया,7 क,55,आवासिय क्षेत्र
बरैनिया,7 क,57,आवासिय क्षेत्र
बरैनिया,7 क,60,कृषि क्षेत्र
बरैनिया,7 क,63,आवासिय क्षेत्र
बरैनिया,7 क,64,आवासिय क्षेत्र
बरैनिया,7 क,65,आवासिय क्षेत्र
बरैनिया,7 क,66,"नदी, खोला, ताल, सिमसार क्षेत्र"
बरैनिया,7 क,67,कृषि क्षेत्र
बरैनिया,7 क,68,कृषि क्षेत्र
बरैनिया,7 क,69,आवासिय क्षेत्र
बरैनिया,7 क,70,आवासिय क्षेत्र
बरैनिया,7 क,71,आवासिय क्षेत्र
बरैनिया,7 क,72,आवासिय क्षेत्र
बरैनिया,7 क,73,आवासिय क्षेत्र
बरैनिया,7 क,74,आवासिय क्षेत्र
बरैनिया,7 क,76,आवासिय क्षेत्र
बरैनिया,7 क,77,आवासिय क्षेत्र
बरैनिया,7 क,78,आवासिय क्षेत्र
बरैनिया,7 क,79,आवासिय क्षेत्र
बरैनिया,7 क,81,आवासिय क्षेत्र
बरैनिया,7 क,83,कृषि क्षेत्र
बरैनिया,7 क,84,आवासिय क्षेत्र
बरैनिया,7 क,85,कृषि क्षेत्र
बरैनिया,7 क,86,कृषि क्षेत्र
बरैनिया,7 क,87,कृषि क्षेत्र
बरैनिया,7 क,89,कृषि क्षेत्र
बरैनिया,7 क,90,कृषि क्षेत्र
बरैनिया,7 क,92,कृषि क्षेत्र
बरैनिया,7 क,93,कृषि क्षेत्र
बरैनिया,7 क,94,कृषि क्षेत्र
बरैनिया,7 क,95,कृषि क्षेत्र
बरैनिया,7 क,96,कृषि क्षेत्र
बरैनिया,7 क,98,कृषि क्षेत्र
बरैनिया,7 क,99,कृषि क्षेत्र
बरैनिया,7 क,100,कृषि क्षेत्र
बरैनिया,7 क,101,कृषि क्षेत्र
बरैनिया,7 क,103,कृषि क्षेत्र
बरैनिया,7 क,104,कृषि क्षेत्र
बरैनिया,7 क,105,कृषि क्षेत्र
बरैनिया,7 क,106,कृषि क्षेत्र
बरैनिया,7 क,108,कृषि क्षेत्र
बरैनिया,7 क,109,कृषि क्षेत्र
बरैनिया,7 क,110,कृषि क्षेत्र
बरैनिया,7 क,111,आवासिय क्षेत्र
बरैनिया,7 क,112,आवासिय क्षेत्र
बरैनिया,7 क,113,आवासिय क्षेत्र
बरैनिया,7 क,114,आवासिय क्षेत्र
बरैनिया,7 क,115,आवासिय क्षेत्र
बरैनिया,7 क,116,आवासिय क्षेत्र
बरैनिया,7 क,117,आवासिय क्षेत्र
बरैनिया,7 क,119,आवासिय क्षेत्र
बरैनिया,7 क,120,आवासिय क्षेत्र
बरैनिया,7 क,121,आवासिय क्षेत्र
बरैनिया,7 क,122,आवासिय क्षेत्र
बरैनिया,7 क,123,आवासिय क्षेत्र
बरैनिया,7 क,124,कृषि क्षेत्र
बरैनिया,7 क,125,कृषि क्षेत्र
बरैनिया,7 क,126,कृषि क्षेत्र
बरैनिया,7 क,127,कृषि क्षेत्र
बरैनिया,7 क,128,आवासिय क्षेत्र
बरैनिया,7 क,129,आवासिय क्षेत्र
बरैनिया,7 क,130,आवासिय क्षेत्र
बरैनिया,7 क,131,आवासिय क्षेत्र
बरैनिया,7 क,132,आवासिय क्षेत्र
बरैनिया,7 क,133,आवासिय क्षेत्र
बरैनिया,7 क,134,कृषि क्षेत्र
बरैनिया,7 क,135,आवासिय क्षेत्र
बरैनिया,7 क,137,कृषि क्षेत्र
बरैनिया,7 क,138,कृषि क्षेत्र
बरैनिया,7 क,139,कृषि क्षेत्र
बरैनिया,7 क,140,आवासिय क्षेत्र
बरैनिया,7 क,141,आवासिय क्षेत्र
बरैनिया,7 क,142,आवासिय क्षेत्र
बरैनिया,7 क,143,आवासिय क्षेत्र
बरैनिया,7 क,144,आवासिय क्षेत्र
बरैनिया,7 क,145,आवासिय क्षेत्र
बरैनिया,7 क,146,आवासिय क्षेत्र
बरैनिया,7 क,147,कृषि क्षेत्र
बरैनिया,7 क,150,आवासिय क्षेत्र
बरैनिया,7 क,151,आवासिय क्षेत्र
बरैनिया,7 क,154,कृषि क्षेत्र
बरैनिया,7 क,155,कृषि क्षेत्र
बरैनिया,7 क,156,आवासिय क्षेत्र
बरैनिया,7 क,157,आवासिय क्षेत्र
बरैनिया,7 क,158,आवासिय क्षेत्र
बरैनिया,7 क,159,आवासिय क्षेत्र
बरैनिया,7 क,160,कृषि क्षेत्र
बरैनिया,7 क,162,कृषि क्षेत्र
बरैनिया,7 क,165,कृषि क्षेत्र
बरैनिया,7 क,166,कृषि क्षेत्र
बरैनिया,7 क,167,कृषि क्षेत्र
बरैनिया,7 क,168,आवासिय क्षेत्र
बरैनिया,7 क,169,कृषि क्षेत्र
बरैनिया,7 क,170,कृषि क्षेत्र
बरैनिया,7 क,171,कृषि क्षेत्र
बरैनिया,7 क,173,कृषि क्षेत्र
बरैनिया,7 क,174,कृषि क्षेत्र
बरैनिया,7 क,175,कृषि क्षेत्र
बरैनिया,7 क,176,कृषि क्षेत्र
बरैनिया,7 क,178,कृषि क्षेत्र
बरैनिया,7 क,179,कृषि क्षेत्र
बरैनिया,7 क,182,कृषि क्षेत्र
बरैनिया,7 क,183,कृषि क्षेत्र
बरैनिया,7 क,184,कृषि क्षेत्र
बरैनिया,7 क,186,कृषि क्षेत्र
बरैनिया,7 क,187,कृषि क्षेत्र
बरैनिया,7 क,188,कृषि क्षेत्र
बरैनिया,7 क,191,कृषि क्षेत्र
बरैनिया,7 क,192,कृषि क्षेत्र
बरैनिया,7 क,194,कृषि क्षेत्र
बरैनिया,7 क,195,कृषि क्षेत्र
बरैनिया,7 क,196,कृषि क्षेत्र
बरैनिया,7 क,198,कृषि क्षेत्र
बरैनिया,7 क,200,कृषि क्षेत्र
बरैनिया,7 क,200,कृषि क्षेत्र
बरैनिया,7 क,200,कृषि क्षेत्र
बरैनिया,7 क,203,कृषि क्षेत्र
बरैनिया,7 क,207,कृषि क्षेत्र
बरैनिया,7 क,208,कृषि क्षेत्र
बरैनिया,7 क,209,कृषि क्षेत्र
बरैनिया,7 क,212,आवासिय क्षेत्र
बरैनिया,7 क,213,आवासिय क्षेत्र
बरैनिया,7 क,214,आवासिय क्षेत्र
बरैनिया,7 क,215,आवासिय क्षेत्र
बरैनिया,7 क,216,आवासिय क्षेत्र
बरैनिया,7 क,217,आवासिय क्षेत्र
बरैनिया,7 क,218,आवासिय क्षेत्र
बरैनिया,7 क,219,आवासिय क्षेत्र
बरैनिया,7 क,221,आवासिय क्षेत्र
बरैनिया,7 क,224,आवासिय क्षेत्र
बरैनिया,7 क,225,आवासिय क्षेत्र
बरैनिया,7 क,226,आवासिय क्षेत्र
बरैनिया,7 क,227,आवासिय क्षेत्र
बरैनिया,7 क,229,कृषि क्षेत्र
बरैनिया,7 क,230,कृषि क्षेत्र
बरैनिया,7 क,231,कृषि क्षेत्र
बरैनिया,7 क,232,कृषि क्षेत्र
बरैनिया,7 क,233,कृषि क्षेत्र
बरैनिया,7 क,235,आवासिय क्षेत्र
बरैनिया,7 क,236,आवासिय क्षेत्र
बरैनिया,7 क,240,आवासिय क्षेत्र
बरैनिया,7 क,241,आवासिय क्षेत्र
बरैनिया,7 क,242,आवासिय क्षेत्र
बरैनिया,7 क,243,आवासिय क्षेत्र
बरैनिया,7 क,247,आवासिय क्षेत्र
बरैनिया,7 क,248,कृषि क्षेत्र
बरैनिया,7 क,249,आवासिय क्षेत्र
बरैनिया,7 क,250,"नदी, खोला, ताल, सिमसार क्षेत्र"
बरैनिया,7 क,254,कृषि क्षेत्र
बरैनिया,7 क,255,आवासिय क्षेत्र
बरैनिया,7 क,256,कृषि क्षेत्र
बरैनिया,7 क,259,कृषि क्षेत्र
बरैनिया,7 क,260,कृषि क्षेत्र
बरैनिया,7 क,262,कृषि क्षेत्र
बरैनिया,7 क,275,कृषि क्षेत्र
बरैनिया,7 क,276,कृषि क्षेत्र
बरैनिया,7 क,282,कृषि क्षेत्र
बरैनिया,7 क,286,आवासिय क्षेत्र
बरैनिया,7 क,287,आवासिय क्षेत्र
बरैनिया,7 क,289,कृषि क्षेत्र
बरैनिया,7 क,290,कृषि क्षेत्र
बरैनिया,7 क,291,कृषि क्षेत्र
बरैनिया,7 क,292,आवासिय क्षेत्र
बरैनिया,7 क,293,आवासिय क्षेत्र
बरैनिया,7 क,294,आवासिय क्षेत्र
बरैनिया,7 क,315,कृषि क्षेत्र
बरैनिया,7 क,335,कृषि क्षेत्र
बरैनिया,7 क,350,आवासिय क्षेत्र
बरैनिया,7 क,351,आवासिय क्षेत्र
बरैनिया,7 क,352,आवासिय क्षेत्र
बरैनिया,7 क,353,आवासिय क्षेत्र
बरैनिया,7 क,355,कृषि क्षेत्र
बरैनिया,7 क,360,आवासिय क्षेत्र
बरैनिया,7 क,362,आवासिय क्षेत्र
बरैनिया,7 क,363,आवासिय क्षेत्र
बरैनिया,7 क,364,आवासिय क्षेत्र
बरैनिया,7 क,365,कृषि क्षेत्र
बरैनिया,7 क,365,कृषि क्षेत्र
बरैनिया,7 क,366,कृषि क्षेत्र
बरैनिया,7 क,366,कृषि क्षेत्र
बरैनिया,7 क,367,कृषि क्षेत्र
बरैनिया,7 क,368,कृषि क्षेत्र
बरैनिया,7 क,372,कृषि क्षेत्र
बरैनिया,7 क,373,कृषि क्षेत्र
बरैनिया,7 क,374,कृषि क्षेत्र
बरैनिया,7 क,398,आवासिय क्षेत्र
बरैनिया,7 क,407,कृषि क्षेत्र
बरैनिया,7 क,422,आवासिय क्षेत्र
बरैनिया,7 क,426,कृषि क्षेत्र
बरैनिया,7 क,429,कृषि क्षेत्र
बरैनिया,7 क,441,कृषि क्षेत्र
बरैनिया,7 क,442,कृषि क्षेत्र
बरैनिया,7 क,445,कृषि क्षेत्र
बरैनिया,7 क,446,कृषि क्षेत्र
बरैनिया,7 क,447,आवासिय क्षेत्र
बरैनिया,7 क,448,कृषि क्षेत्र
बरैनिया,7 क,453,कृषि क्षेत्र
बरैनिया,7 क,454,कृषि क्षेत्र
बरैनिया,7 क,455,आवासिय क्षेत्र
बरैनिया,7 क,456,आवासिय क्षेत्र
बरैनिया,7 क,457,कृषि क्षेत्र
बरैनिया,7 क,463,आवासिय क्षेत्र
बरैनिया,7 क,464,आवासिय क्षेत्र
बरैनिया,7 क,465,आवासिय क्षेत्र
बरैनिया,7 क,466,आवासिय क्षेत्र
बरैनिया,7 क,475,आवासिय क्षेत्र
बरैनिया,7 क,476,कृषि क्षेत्र
बरैनिया,7 क,477,कृषि क्षेत्र
बरैनिया,7 क,478,आवासिय क्षेत्र
बरैनिया,7 क,480,कृषि क्षेत्र
बरैनिया,7 क,482,आवासिय क्षेत्र
बरैनिया,7 क,483,कृषि क्षेत्र
बरैनिया,7 क,486,कृषि क्षेत्र
बरैनिया,7 क,487,आवासिय क्षेत्र
बरैनिया,7 क,495,कृषि क्षेत्र
बरैनिया,7 क,496,कृषि क्षेत्र
बरैनिया,7 क,497,कृषि क्षेत्र
बरैनिया,7 क,500,कृषि क्षेत्र
बरैनिया,7 क,523,कृषि क्षेत्र
बरैनिया,7 क,524,कृषि क्षेत्र
बरैनिया,7 क,533,आवासिय क्षेत्र
बरैनिया,7 क,534,आवासिय क्षेत्र
बरैनिया,7 क,535,आवासिय क्षेत्र
बरैनिया,7 क,536,आवासिय क्षेत्र
बरैनिया,7 क,537,आवासिय क्षेत्र
बरैनिया,7 क,540,आवासिय क्षेत्र
बरैनिया,7 क,541,आवासिय क्षेत्र
बरैनिया,7 क,546,आवासिय क्षेत्र
बरैनिया,7 क,549,आवासिय क्षेत्र
बरैनिया,7 क,565,आवासिय क्षेत्र
बरैनिया,7 क,569,आवासिय क्षेत्र
बरैनिया,7 क,570,कृषि क्षेत्र
बरैनिया,7 क,600,आवासिय क्षेत्र
बरैनिया,7 क,601,आवासिय क्षेत्र
बरैनिया,7 क,602,आवासिय क्षेत्र
बरैनिया,7 क,603,आवासिय क्षेत्र
बरैनिया,7 क,608,कृषि क्षेत्र
बरैनिया,7 क,627,आवासिय क्षेत्र
बरैनिया,7 क,628,आवासिय क्षेत्र
बरैनिया,7 क,630,आवासिय क्षेत्र
बरैनिया,7 क,631,आवासिय क्षेत्र
बरैनिया,7 क,633,कृषि क्षेत्र
बरैनिया,7 क,634,आवासिय क्षेत्र
बरैनिया,7 क,636,आवासिय क्षेत्र
बरैनिया,7 क,637,आवासिय क्षेत्र
बरैनिया,7 क,644,आवासिय क्षेत्र
बरैनिया,7 क,651,कृषि क्षेत्र
बरैनिया,7 क,655,आवासिय क्षेत्र
बरैनिया,7 क,656,आवासिय क्षेत्र
बरैनिया,7 क,658,आवासिय क्षेत्र
बरैनिया,7 क,669,आवासिय क्षेत्र
बरैनिया,7 क,670,आवासिय क्षेत्र
बरैनिया,7 क,671,आवासिय क्षेत्र
बरैनिया,7 क,672,कृषि क्षेत्र
बरैनिया,7 क,673,आवासिय क्षेत्र
बरैनिया,7 क,674,आवासिय क्षेत्र
बरैनिया,7 क,675,कृषि क्षेत्र
बरैनिया,7 क,676,कृषि क्षेत्र
बरैनिया,7 क,699,कृषि क्षेत्र
बरैनिया,7 क,700,कृषि क्षेत्र
बरैनिया,7 क,701,कृषि क्षेत्र
बरैनिया,7 क,702,कृषि क्षेत्र
बरैनिया,7 क,719,कृषि क्षेत्र
बरैनिया,7 क,720,कृषि क्षेत्र
बरैनिया,7 क,726,आवासिय क्षेत्र
बरैनिया,7 क,727,आवासिय क्षेत्र
बरैनिया,7 क,728,आवासिय क्षेत्र
बरैनिया,7 क,736,कृषि क्षेत्र
बरैनिया,7 क,737,कृषि क्षेत्र
बरैनिया,7 क,762,कृषि क्षेत्र
बरैनिया,7 क,763,कृषि क्षेत्र
बरैनिया,7 क,770,आवासिय क्षेत्र
बरैनिया,7 क,912,कृषि क्षेत्र
बरैनिया,7 क,913,कृषि क्षेत्र
बरैनिया,7 क,914,कृषि क्षेत्र
बरैनिया,7 क,915,कृषि क्षेत्र
बरैनिया,7 क,916,कृषि क्षेत्र
बरैनिया,7 क,917,कृषि क्षेत्र
बरैनिया,7 क,935,आवासिय क्षेत्र
बरैनिया,7 क,936,आवासिय क्षेत्र
बरैनिया,7 क,937,आवासिय क्षेत्र
बरैनिया,7 क,944,कृषि क्षेत्र
बरैनिया,7 क,945,कृषि क्षेत्र
बरैनिया,7 क,946,कृषि क्षेत्र
बरैनिया,7 क,969,कृषि क्षेत्र
बरैनिया,7 क,970,कृषि क्षेत्र
बरैनिया,7 क,971,आवासिय क्षेत्र
बरैनिया,7 क,985,आवासिय क्षेत्र
बरैनिया,7 क,986,आवासिय क्षेत्र
बरैनिया,7 क,987,आवासिय क्षेत्र
बरैनिया,7 क,988,आवासिय क्षेत्र
बरैनिया,7 क,1027,आवासिय क्षेत्र
बरैनिया,7 क,1029,आवासिय क्षेत्र
बरैनिया,7 क,1076,आवासिय क्षेत्र
बरैनिया,7 क,1077,आवासिय क्षेत्र
बरैनिया,7 क,1084,कृषि क्षेत्र
बरैनिया,7 क,1085,कृषि क्षेत्र
बरैनिया,7 क,1087,कृषि क्षेत्र
बरैनिया,7 क,1090,कृषि क्षेत्र
बरैनिया,7 क,1091,कृषि क्षेत्र
बरैनिया,7 क,1112,आवासिय क्षेत्र
बरैनिया,7 क,1113,आवासिय क्षेत्र
बरैनिया,7 क,1116,कृषि क्षेत्र
बरैनिया,7 क,1118,आवासिय क्षेत्र
बरैनिया,7 क,1119,आवासिय क्षेत्र
बरैनिया,7 क,1140,कृषि क्षेत्र
बरैनिया,7 क,1141,कृषि क्षेत्र
बरैनिया,7 क,1142,कृषि क्षेत्र
बरैनिया,7 क,1143,आवासिय क्षेत्र
बरैनिया,7 क,1144,आवासिय क्षेत्र
बरैनिया,7 क,1145,कृषि क्षेत्र
बरैनिया,7 क,1162,कृषि क्षेत्र
बरैनिया,7 क,1163,कृषि क्षेत्र
बरैनिया,7 क,1168,आवासिय क्षेत्र
बरैनिया,7 क,1183,आवासिय क्षेत्र
बरैनिया,7 क,1184,आवासिय क्षेत्र
बरैनिया,7 क,1185,आवासिय क्षेत्र
बरैनिया,7 क,1186,आवासिय क्षेत्र
बरैनिया,7 क,1187,आवासिय क्षेत्र
बरैनिया,7 क,1188,आवासिय क्षेत्र
बरैनिया,7 क,1189,आवासिय क्षेत्र
बरैनिया,7 क,1190,आवासिय क्षेत्र
बरैनिया,7 क,1190,आवासिय क्षेत्र
बरैनिया,7 क,1192,कृषि क्षेत्र
बरैनिया,7 क,1194,कृषि क्षेत्र
बरैनिया,7 क,1195,कृषि क्षेत्र
बरैनिया,7 क,1196,कृषि क्षेत्र
बरैनिया,7 क,1203,कृषि क्षेत्र
बरैनिया,7 क,1204,कृषि क्षेत्र
बरैनिया,7 क,1205,कृषि क्षेत्र
बरैनिया,7 क,1206,कृषि क्षेत्र
बरैनिया,7 क,1207,कृषि क्षेत्र
बरैनिया,7 क,1212,कृषि क्षेत्र
बरैनिया,7 क,1214,कृषि क्षेत्र
बरैनिया,7 क,1218,कृषि क्षेत्र
बरैनिया,7 क,1225,आवासिय क्षेत्र
बरैनिया,7 क,1226,आवासिय क्षेत्र
बरैनिया,7 क,1227,आवासिय क्षेत्र
बरैनिया,7 क,1228,आवासिय क्षेत्र
बरैनिया,7 क,1229,आवासिय क्षेत्र
बरैनिया,7 क,1230,आवासिय क्षेत्र
बरैनिया,7 क,1231,आवासिय क्षेत्र
बरैनिया,7 क,1232,आवासिय क्षेत्र
बरैनिया,7 क,1233,आवासिय क्षेत्र
बरैनिया,7 क,1235,आवासिय क्षेत्र
बरैनिया,7 क,1236,आवासिय क्षेत्र
बरैनिया,7 क,1237,आवासिय क्षेत्र
बरैनिया,7 क,1238,आवासिय क्षेत्र
बरैनिया,7 क,1239,आवासिय क्षेत्र
बरैनिया,7 क,1242,आवासिय क्षेत्र
बरैनिया,7 क,1243,आवासिय क्षेत्र
बरैनिया,7 क,1244,कृषि क्षेत्र
बरैनिया,7 क,1245,कृषि क्षेत्र
बरैनिया,7 क,1252,आवासिय क्षेत्र
बरैनिया,7 क,1253,आवासिय क्षेत्र
बरैनिया,7 क,1254,कृषि क्षेत्र
बरैनिया,7 क,1255,कृषि क्षेत्र
बरैनिया,7 क,1256,आवासिय क्षेत्र
बरैनिया,7 क,1257,आवासिय क्षेत्र
बरैनिया,7 क,1258,आवासिय क्षेत्र
बरैनिया,7 क,1259,कृषि क्षेत्र
बरैनिया,7 क,1260,कृषि क्षेत्र
बरैनिया,7 क,1261,कृषि क्षेत्र
बरैनिया,7 क,1262,कृषि क्षेत्र
बरैनिया,7 क,999980,कृषि क्षेत्र
बरैनिया,7 क गाउँ,1,आवासिय क्षेत्र
बरैनिया,7 क गाउँ,2,आवासिय क्षेत्र
बरैनिया,7 क गाउँ,3,आवासिय क्षेत्र
बरैनिया,7 क गाउँ,4,आवासिय क्षेत्र
बरैनिया,7 क गाउँ,5,आवासिय क्षेत्र
बरैनिया,7 क गाउँ,6,आवासिय क्षेत्र
बरैनिया,7 क गाउँ,7,आवासिय क्षेत्र
बरैनिया,7 क गाउँ,8,आवासिय क्षेत्र
बरैनिया,7 क गाउँ,9,आवासिय क्षेत्र
बरैनिया,7 क गाउँ,11,आवासिय क्षेत्र
बरैनिया,7 क गाउँ,12,आवासिय क्षेत्र
बरैनिया,7 क गाउँ,13,आवासिय क्षेत्र
बरैनिया,7 क गाउँ,14,आवासिय क्षेत्र
बरैनिया,7 क गाउँ,15,आवासिय क्षेत्र
बरैनिया,7 क गाउँ,16,आवासिय क्षेत्र
बरैनिया,7 क गाउँ,17,आवासिय क्षेत्र
बरैनिया,7 क गाउँ,18,आवासिय क्षेत्र
बरैनिया,7 क गाउँ,19,आवासिय क्षेत्र
बरैनिया,7 क गाउँ,20,आवासिय क्षेत्र
बरैनिया,7 क गाउँ,21,आवासिय क्षेत्र
बरैनिया,7 क गाउँ,22,आवासिय क्षेत्र
बरैनिया,7 क गाउँ,23,आवासिय क्षेत्र
बरैनिया,7 क गाउँ,25,आवासिय क्षेत्र
बरैनिया,7 क गाउँ,26,आवासिय क्षेत्र
बरैनिया,7 क गाउँ,27,आवासिय क्षेत्र
बरैनिया,7 क गाउँ,28,आवासिय क्षेत्र
बरैनिया,7 क गाउँ,29,आवासिय क्षेत्र
बरैनिया,7 क गाउँ,30,आवासिय क्षेत्र
बरैनिया,7 क गाउँ,31,आवासिय क्षेत्र
बरैनिया,7 क गाउँ,32,आवासिय क्षेत्र
बरैनिया,7 क गाउँ,34,आवासिय क्षेत्र
बरैनिया,7 क गाउँ,36,आवासिय क्षेत्र
बरैनिया,7 क गाउँ,38,आवासिय क्षेत्र
बरैनिया,7 क गाउँ,39,आवासिय क्षेत्र
बरैनिया,7 क गाउँ,40,आवासिय क्षेत्र
बरैनिया,7 क गाउँ,41,आवासिय क्षेत्र
बरैनिया,7 क गाउँ,42,आवासिय क्षेत्र
बरैनिया,7 क गाउँ,43,आवासिय क्षेत्र
बरैनिया,7 क गाउँ,44,आवासिय क्षेत्र
बरैनिया,7 क गाउँ,45,आवासिय क्षेत्र
बरैनिया,7 क गाउँ,46,आवासिय क्षेत्र
बरैनिया,7 क गाउँ,47,आवासिय क्षेत्र
बरैनिया,7 क गाउँ,48,आवासिय क्षेत्र
बरैनिया,7 क गाउँ,49,आवासिय क्षेत्र
बरैनिया,7 क गाउँ,50,आवासिय क्षेत्र
बरैनिया,7 क गाउँ,51,आवासिय क्षेत्र
बरैनिया,7 क गाउँ,52,आवासिय क्षेत्र
बरैनिया,7 क गाउँ,54,आवासिय क्षेत्र
बरैनिया,7 क गाउँ,55,आवासिय क्षेत्र
बरैनिया,7 क गाउँ,62,आवासिय क्षेत्र
बरैनिया,7 क गाउँ,63,आवासिय क्षेत्र
बरैनिया,7 क गाउँ,64,आवासिय क्षेत्र
बरैनिया,7 क गाउँ,65,आवासिय क्षेत्र
बरैनिया,7 क गाउँ,66,आवासिय क्षेत्र
बरैनिया,7 क गाउँ,67,आवासिय क्षेत्र
बरैनिया,7 क गाउँ,68,आवासिय क्षेत्र
बरैनिया,7 क गाउँ,70,आवासिय क्षेत्र
बरैनिया,7 क गाउँ,71,आवासिय क्षेत्र
बरैनिया,7 क गाउँ,72,आवासिय क्षेत्र
बरैनिया,7 क गाउँ,73,आवासिय क्षेत्र
बरैनिया,7 क गाउँ,80,आवासिय क्षेत्र
बरैनिया,7 क गाउँ,81,आवासिय क्षेत्र
बरैनिया,7 क गाउँ,82,आवासिय क्षेत्र
बरैनिया,7 ख गाउँ,1,आवासिय क्षेत्र
बरैनिया,7 ख गाउँ,2,आवासिय क्षेत्र
बरैनिया,7 ख गाउँ,3,आवासिय क्षेत्र
बरैनिया,7 ख गाउँ,4,आवासिय क्षेत्र
बरैनिया,7 ख गाउँ,5,आवासिय क्षेत्र
बरैनिया,7 ख गाउँ,6,आवासिय क्षेत्र
बरैनिया,7 ख गाउँ,7,आवासिय क्षेत्र
बरैनिया,7 ख गाउँ,8,आवासिय क्षेत्र
बरैनिया,7 ख गाउँ,9,आवासिय क्षेत्र
बरैनिया,7 ख गाउँ,10,आवासिय क्षेत्र
बरैनिया,7 ख गाउँ,11,आवासिय क्षेत्र
बरैनिया,7 ख गाउँ,12,आवासिय क्षेत्र
बरैनिया,7 ख गाउँ,13,आवासिय क्षेत्र
बरैनिया,7 ख गाउँ,15,आवासिय क्षेत्र
बरैनिया,7 ख गाउँ,16,आवासिय क्षेत्र
बरैनिया,7 ख गाउँ,17,आवासिय क्षेत्र
बरैनिया,7 ख गाउँ,18,आवासिय क्षेत्र
बरैनिया,7 ख गाउँ,19,आवासिय क्षेत्र
बरैनिया,7 ख गाउँ,20,आवासिय क्षेत्र
बरैनिया,7 ख गाउँ,21,आवासिय क्षेत्र
बरैनिया,7 ख गाउँ,23,आवासिय क्षेत्र
बरैनिया,7 ख गाउँ,24,आवासिय क्षेत्र
बरैनिया,7 ख गाउँ,25,आवासिय क्षेत्र
बरैनिया,7 ख गाउँ,26,आवासिय क्षेत्र
बरैनिया,7 ख गाउँ,27,आवासिय क्षेत्र
बरैनिया,7 ख गाउँ,34,आवासिय क्षेत्र
बरैनिया,7 ख गाउँ,35,आवासिय क्षेत्र
बरैनिया,7 ख गाउँ,35,आवासिय क्षेत्र
बरैनिया,7 ख गाउँ,36,आवासिय क्षेत्र
बरैनिया,7 ख गाउँ,37,आवासिय क्षेत्र
बरैनिया,7 ख गाउँ,83,आवासिय क्षेत्र
बरैनिया,7 ख गाउँ,84,आवासिय क्षेत्र
बरैनिया,7 ख गाउँ,999999,सार्वजनिक उपयोग क्षेत्र
बरैनिया,7 नहर,0,सार्वजनिक उपयोग क्षेत्र
बरैनिया,7 नहर,0,आवासिय क्षेत्र
बरैनिया,7 नहर,0,आवासिय क्षेत्र
बरैनिया,7 नहर,0,आवासिय क्षेत्र
बरैनिया,7 नहर,0,आवासिय क्षेत्र
बरैनिया,7 नहर,0,आवासिय क्षेत्र
बरैनिया,7 नहर,0,आवासिय क्षेत्र
बरैनिया,7 नहर,0,आवासिय क्षेत्र
बरैनिया,7 नहर,0,आवासिय क्षेत्र
बरैनिया,7 नहर,0,सार्वजनिक उपयोग क्षेत्र
बरैनिया,7 नहर,0,आवासिय क्षेत्र
बरैनिया,7 नहर,294,सार्वजनिक उपयोग क्षेत्र
बरैनिया,7 नहर,298,आवासिय क्षेत्र
बरैनिया,7 नहर,299,आवासिय क्षेत्र
बरैनिया,7 नहर,301,आवासिय क्षेत्र
बरैनिया,7 नहर,302,आवासिय क्षेत्र
बरैनिया,7 नहर,305,आवासिय क्षेत्र
बरैनिया,7 नहर,306,आवासिय क्षेत्र
बरैनिया,7 नहर,307,आवासिय क्षेत्र
बरैनिया,7 नहर,308,आवासिय क्षेत्र
बरैनिया,7 नहर,309,आवासिय क्षेत्र
बरैनिया,7 नहर,310,आवासिय क्षेत्र
बरैनिया,7 नहर,311,आवासिय क्षेत्र
बरैनिया,7 नहर,313,आवासिय क्षेत्र
बरैनिया,7 नहर,314,आवासिय क्षेत्र
बरैनिया,7 नहर,315,आवासिय क्षेत्र
बरैनिया,7 नहर,316,आवासिय क्षेत्र
बरैनिया,7 नहर,317,आवासिय क्षेत्र
बरैनिया,7 नहर,318,आवासिय क्षेत्र
बरैनिया,7 नहर,320,आवासिय क्षेत्र
बरैनिया,7 नहर,322,आवासिय क्षेत्र
बरैनिया,7 नहर,323,आवासिय क्षेत्र
बरैनिया,7 नहर,324,आवासिय क्षेत्र
बरैनिया,7 नहर,326,आवासिय क्षेत्र
बरैनिया,7 नहर,327,आवासिय क्षेत्र
बरैनिया,7 नहर,328,आवासिय क्षेत्र
बरैनिया,7 नहर,329,आवासिय क्षेत्र
बरैनिया,7 नहर,330,आवासिय क्षेत्र
बरैनिया,7 नहर,331,आवासिय क्षेत्र
बरैनिया,7 नहर,333,आवासिय क्षेत्र
बरैनिया,7 नहर,334,आवासिय क्षेत्र
बरैनिया,7 नहर,335,आवासिय क्षेत्र
बरैनिया,7 नहर,336,आवासिय क्षेत्र
बरैनिया,7 नहर,337,आवासिय क्षेत्र
बरैनिया,7 नहर,337,आवासिय क्षेत्र
बरैनिया,7 नहर,339,आवासिय क्षेत्र
बरैनिया,7 नहर,340,आवासिय क्षेत्र
बरैनिया,7 नहर,341,आवासिय क्षेत्र
बरैनिया,7 नहर,342,आवासिय क्षेत्र
बरैनिया,7 नहर,349,आवासिय क्षेत्र
बरैनिया,7 नहर,413,आवासिय क्षेत्र
बरैनिया,7 नहर,414,आवासिय क्षेत्र
बरैनिया,7 नहर,459,आवासिय क्षेत्र
बरैनिया,7 नहर,461,आवासिय क्षेत्र
बरैनिया,7 नहर,462,आवासिय क्षेत्र
बरैनिया,7 नहर,502,आवासिय क्षेत्र
बरैनिया,7 नहर,503,आवासिय क्षेत्र
बरैनिया,7 नहर,504,आवासिय क्षेत्र
बरैनिया,7 नहर,505,आवासिय क्षेत्र
बरैनिया,7 नहर,586,आवासिय क्षेत्र
बरैनिया,7 नहर,587,आवासिय क्षेत्र
बरैनिया,7 नहर,588,आवासिय क्षेत्र
बरैनिया,7 नहर,589,आवासिय क्षेत्र
बरैनिया,7 नहर,590,आवासिय क्षेत्र
बरैनिया,7 नहर,591,आवासिय क्षेत्र
बरैनिया,7 नहर,592,आवासिय क्षेत्र
बरैनिया,7 नहर,593,आवासिय क्षेत्र
बरैनिया,7 नहर,617,आवासिय क्षेत्र
बरैनिया,7 नहर,618,आवासिय क्षेत्र
बरैनिया,7 नहर,619,आवासिय क्षेत्र
बरैनिया,7 नहर,620,आवासिय क्षेत्र
बरैनिया,7 नहर,625,आवासिय क्षेत्र
बरैनिया,7 नहर,626,आवासिय क्षेत्र
बरैनिया,7 नहर,627,आवासिय क्षेत्र
बरैनिया,7 नहर,628,आवासिय क्षेत्र
बरैनिया,7 नहर,629,आवासिय क्षेत्र
बरैनिया,7 नहर,653,आवासिय क्षेत्र
बरैनिया,7 नहर,654,आवासिय क्षेत्र
बरैनिया,7 नहर,679,आवासिय क्षेत्र
बरैनिया,7 नहर,680,आवासिय क्षेत्र
बरैनिया,7 नहर,681,आवासिय क्षेत्र
बरैनिया,7 नहर,682,आवासिय क्षेत्र
बरैनिया,7 नहर,683,आवासिय क्षेत्र
बरैनिया,7 नहर,684,आवासिय क्षेत्र
बरैनिया,7 नहर,760,आवासिय क्षेत्र
बरैनिया,7 नहर,761,आवासिय क्षेत्र
बरैनिया,7 नहर,1078,आवासिय क्षेत्र
बरैनिया,7 नहर,1079,आवासिय क्षेत्र
बरैनिया,7 नहर,1080,आवासिय क्षेत्र
बरैनिया,7 नहर,1106,आवासिय क्षेत्र
बरैनिया,7 नहर,1107,आवासिय क्षेत्र
बरैनिया,7 नहर,1108,आवासिय क्षेत्र
बरैनिया,7 नहर,1215,आवासिय क्षेत्र
बरैनिया,7 नहर,1216,आवासिय क्षेत्र
बरैनिया,7 नहर,9999,आवासिय क्षेत्र
बरैनिया,7 नहर,9999,आवासिय क्षेत्र
बरैनिया,8 क,2,आवासिय क्षेत्र
बरैनिया,8 क,4,आवासिय क्षेत्र
बरैनिया,8 क,6,आवासिय क्षेत्र
बरैनिया,8 क,7,आवासिय क्षेत्र
बरैनिया,8 क,11,आवासिय क्षेत्र
बरैनिया,8 क,12,आवासिय क्षेत्र
बरैनिया,8 क,14,आवासिय क्षेत्र
बरैनिया,8 क,17,कृषि क्षेत्र
बरैनिया,8 क,19,कृषि क्षेत्र
बरैनिया,8 क,22,आवासिय क्षेत्र
बरैनिया,8 क,24,आवासिय क्षेत्र
बरैनिया,8 क,28,कृषि क्षेत्र
बरैनिया,8 क,29,आवासिय क्षेत्र
बरैनिया,8 क,32,आवासिय क्षेत्र
बरैनिया,8 क,34,आवासिय क्षेत्र
बरैनिया,8 क,36,आवासिय क्षेत्र
बरैनिया,8 क,37,आवासिय क्षेत्र
बरैनिया,8 क,38,आवासिय क्षेत्र
बरैनिया,8 क,40,आवासिय क्षेत्र
बरैनिया,8 क,41,आवासिय क्षेत्र
बरैनिया,8 क,42,आवासिय क्षेत्र
बरैनिया,8 क,43,आवासिय क्षेत्र
बरैनिया,8 क,44,कृषि क्षेत्र
बरैनिया,8 क,45,कृषि क्षेत्र
बरैनिया,8 क,47,कृषि क्षेत्र
बरैनिया,8 क,48,आवासिय क्षेत्र
बरैनिया,8 क,53,कृषि क्षेत्र
बरैनिया,8 क,54,कृषि क्षेत्र
बरैनिया,8 क,55,आवासिय क्षेत्र
बरैनिया,8 क,56,कृषि क्षेत्र
बरैनिया,8 क,57,कृषि क्षेत्र
बरैनिया,8 क,58,आवासिय क्षेत्र
बरैनिया,8 क,59,आवासिय क्षेत्र
बरैनिया,8 क,60,आवासिय क्षेत्र
बरैनिया,8 क,61,आवासिय क्षेत्र
बरैनिया,8 क,66,कृषि क्षेत्र
बरैनिया,8 क,68,कृषि क्षेत्र
बरैनिया,8 क,69,कृषि क्षेत्र
बरैनिया,8 क,69,कृषि क्षेत्र
बरैनिया,8 क,70,कृषि क्षेत्र
बरैनिया,8 क,76,आवासिय क्षेत्र
बरैनिया,8 क,77,आवासिय क्षेत्र
बरैनिया,8 क,78,आवासिय क्षेत्र
बरैनिया,8 क,79,आवासिय क्षेत्र
बरैनिया,8 क,82,आवासिय क्षेत्र
बरैनिया,8 क,83,आवासिय क्षेत्र
बरैनिया,8 क,84,कृषि क्षेत्र
बरैनिया,8 क,86,आवासिय क्षेत्र
बरैनिया,8 क,87,आवासिय क्षेत्र
बरैनिया,8 क,89,कृषि क्षेत्र
बरैनिया,8 क,91,कृषि क्षेत्र
बरैनिया,8 क,93,आवासिय क्षेत्र
बरैनिया,8 क,94,कृषि क्षेत्र
बरैनिया,8 क,95,कृषि क्षेत्र
बरैनिया,8 क,96,कृषि क्षेत्र
बरैनिया,8 क,97,कृषि क्षेत्र
बरैनिया,8 क,98,कृषि क्षेत्र
बरैनिया,8 क,100,आवासिय क्षेत्र
बरैनिया,8 क,101,कृषि क्षेत्र
बरैनिया,8 क,102,कृषि क्षेत्र
बरैनिया,8 क,103,कृषि क्षेत्र
बरैनिया,8 क,104,कृषि क्षेत्र
बरैनिया,8 क,108,आवासिय क्षेत्र
बरैनिया,8 क,109,कृषि क्षेत्र
बरैनिया,8 क,110,कृषि क्षेत्र
बरैनिया,8 क,112,कृषि क्षेत्र
बरैनिया,8 क,114,कृषि क्षेत्र
बरैनिया,8 क,115,आवासिय क्षेत्र
बरैनिया,8 क,116,आवासिय क्षेत्र
बरैनिया,8 क,117,आवासिय क्षेत्र
बरैनिया,8 क,121,कृषि क्षेत्र
बरैनिया,8 क,122,कृषि क्षेत्र
बरैनिया,8 क,123,कृषि क्षेत्र
बरैनिया,8 क,124,आवासिय क्षेत्र
बरैनिया,8 क,125,कृषि क्षेत्र
बरैनिया,8 क,126,आवासिय क्षेत्र
बरैनिया,8 क,127,आवासिय क्षेत्र
बरैनिया,8 क,128,आवासिय क्षेत्र
बरैनिया,8 क,130,कृषि क्षेत्र
बरैनिया,8 क,131,आवासिय क्षेत्र
बरैनिया,8 क,132,आवासिय क्षेत्र
बरैनिया,8 क,133,कृषि क्षेत्र
बरैनिया,8 क,135,आवासिय क्षेत्र
बरैनिया,8 क,136,आवासिय क्षेत्र
बरैनिया,8 क,139,आवासिय क्षेत्र
बरैनिया,8 क,140,आवासिय क्षेत्र
बरैनिया,8 क,141,आवासिय क्षेत्र
बरैनिया,8 क,143,आवासिय क्षेत्र
बरैनिया,8 क,144,आवासिय क्षेत्र
बरैनिया,8 क,145,कृषि क्षेत्र
बरैनिया,8 क,146,कृषि क्षेत्र
बरैनिया,8 क,147,कृषि क्षेत्र
बरैनिया,8 क,148,कृषि क्षेत्र
बरैनिया,8 क,149,कृषि क्षेत्र
बरैनिया,8 क,150,कृषि क्षेत्र
बरैनिया,8 क,152,कृषि क्षेत्र
बरैनिया,8 क,153,कृषि क्षेत्र
बरैनिया,8 क,154,आवासिय क्षेत्र
बरैनिया,8 क,155,कृषि क्षेत्र
बरैनिया,8 क,156,कृषि क्षेत्र
बरैनिया,8 क,157,कृषि क्षेत्र
बरैनिया,8 क,160,कृषि क्षेत्र
बरैनिया,8 क,161,आवासिय क्षेत्र
बरैनिया,8 क,162,कृषि क्षेत्र
बरैनिया,8 क,163,कृषि क्षेत्र
बरैनिया,8 क,166,कृषि क्षेत्र
बरैनिया,8 क,167,कृषि क्षेत्र
बरैनिया,8 क,168,कृषि क्षेत्र
बरैनिया,8 क,170,कृषि क्षेत्र
बरैनिया,8 क,171,कृषि क्षेत्र
बरैनिया,8 क,173,आवासिय क्षेत्र
बरैनिया,8 क,174,आवासिय क्षेत्र
बरैनिया,8 क,175,आवासिय क्षेत्र
बरैनिया,8 क,176,आवासिय क्षेत्र
बरैनिया,8 क,177,आवासिय क्षेत्र
बरैनिया,8 क,178,आवासिय क्षेत्र
बरैनिया,8 क,179,आवासिय क्षेत्र
बरैनिया,8 क,181,कृषि क्षेत्र
बरैनिया,8 क,182,आवासिय क्षेत्र
बरैनिया,8 क,183,आवासिय क्षेत्र
बरैनिया,8 क,186,आवासिय क्षेत्र
बरैनिया,8 क,187,आवासिय क्षेत्र
बरैनिया,8 क,190,आवासिय क्षेत्र
बरैनिया,8 क,195,कृषि क्षेत्र
बरैनिया,8 क,196,कृषि क्षेत्र
बरैनिया,8 क,197,आवासिय क्षेत्र
बरैनिया,8 क,198,आवासिय क्षेत्र
बरैनिया,8 क,199,कृषि क्षेत्र
बरैनिया,8 क,200,कृषि क्षेत्र
बरैनिया,8 क,202,कृषि क्षेत्र
बरैनिया,8 क,203,कृषि क्षेत्र
बरैनिया,8 क,204,कृषि क्षेत्र
बरैनिया,8 क,205,कृषि क्षेत्र
बरैनिया,8 क,206,कृषि क्षेत्र
बरैनिया,8 क,207,कृषि क्षेत्र
बरैनिया,8 क,209,कृषि क्षेत्र
बरैनिया,8 क,211,कृषि क्षेत्र
बरैनिया,8 क,213,कृषि क्षेत्र
बरैनिया,8 क,217,कृषि क्षेत्र
बरैनिया,8 क,218,कृषि क्षेत्र
बरैनिया,8 क,220,कृषि क्षेत्र
बरैनिया,8 क,221,कृषि क्षेत्र
बरैनिया,8 क,222,कृषि क्षेत्र
बरैनिया,8 क,223,कृषि क्षेत्र
बरैनिया,8 क,225,कृषि क्षेत्र
बरैनिया,8 क,226,कृषि क्षेत्र
बरैनिया,8 क,228,कृषि क्षेत्र
बरैनिया,8 क,229,कृषि क्षेत्र
बरैनिया,8 क,230,कृषि क्षेत्र
बरैनिया,8 क,231,कृषि क्षेत्र
बरैनिया,8 क,232,कृषि क्षेत्र
बरैनिया,8 क,234,कृषि क्षेत्र
बरैनिया,8 क,235,कृषि क्षेत्र
बरैनिया,8 क,236,कृषि क्षेत्र
बरैनिया,8 क,237,कृषि क्षेत्र
बरैनिया,8 क,238,कृषि क्षेत्र
बरैनिया,8 क,243,कृषि क्षेत्र
बरैनिया,8 क,244,कृषि क्षेत्र
बरैनिया,8 क,245,कृषि क्षेत्र
बरैनिया,8 क,246,कृषि क्षेत्र
बरैनिया,8 क,250,कृषि क्षेत्र
बरैनिया,8 क,251,कृषि क्षेत्र
बरैनिया,8 क,253,आवासिय क्षेत्र
बरैनिया,8 क,254,आवासिय क्षेत्र
बरैनिया,8 क,255,कृषि क्षेत्र
बरैनिया,8 क,257,कृषि क्षेत्र
बरैनिया,8 क,258,कृषि क्षेत्र
बरैनिया,8 क,259,कृषि क्षेत्र
बरैनिया,8 क,260,कृषि क्षेत्र
बरैनिया,8 क,262,कृषि क्षेत्र
बरैनिया,8 क,263,कृषि क्षेत्र
बरैनिया,8 क,264,कृषि क्षेत्र
बरैनिया,8 क,265,आवासिय क्षेत्र
बरैनिया,8 क,266,कृषि क्षेत्र
बरैनिया,8 क,267,"नदी, खोला, ताल, सिमसार क्षेत्र"
बरैनिया,8 क,270,कृषि क्षेत्र
बरैनिया,8 क,271,आवासिय क्षेत्र
बरैनिया,8 क,272,कृषि क्षेत्र
बरैनिया,8 क,273,कृषि क्षेत्र
बरैनिया,8 क,274,कृषि क्षेत्र
बरैनिया,8 क,275,कृषि क्षेत्र
बरैनिया,8 क,276,कृषि क्षेत्र
बरैनिया,8 क,280,आवासिय क्षेत्र
बरैनिया,8 क,281,कृषि क्षेत्र
बरैनिया,8 क,284,आवासिय क्षेत्र
बरैनिया,8 क,285,आवासिय क्षेत्र
बरैनिया,8 क,286,आवासिय क्षेत्र
बरैनिया,8 क,287,कृषि क्षेत्र
बरैनिया,8 क,288,कृषि क्षेत्र
बरैनिया,8 क,289,कृषि क्षेत्र
बरैनिया,8 क,290,कृषि क्षेत्र
बरैनिया,8 क,291,कृषि क्षेत्र
बरैनिया,8 क,292,कृषि क्षेत्र
बरैनिया,8 क,293,कृषि क्षेत्र
बरैनिया,8 क,297,कृषि क्षेत्र
बरैनिया,8 क,297,कृषि क्षेत्र
बरैनिया,8 क,299,कृषि क्षेत्र
बरैनिया,8 क,300,कृषि क्षेत्र
बरैनिया,8 क,301,कृषि क्षेत्र
बरैनिया,8 क,302,आवासिय क्षेत्र
बरैनिया,8 क,303,आवासिय क्षेत्र
बरैनिया,8 क,304,कृषि क्षेत्र
बरैनिया,8 क,305,कृषि क्षेत्र
बरैनिया,8 क,306,कृषि क्षेत्र
बरैनिया,8 क,308,कृषि क्षेत्र
बरैनिया,8 क,309,कृषि क्षेत्र
बरैनिया,8 क,314,कृषि क्षेत्र
बरैनिया,8 क,315,कृषि क्षेत्र
बरैनिया,8 क,316,कृषि क्षेत्र
बरैनिया,8 क,317,कृषि क्षेत्र
बरैनिया,8 क,319,कृषि क्षेत्र
बरैनिया,8 क,320,आवासिय क्षेत्र
बरैनिया,8 क,321,कृषि क्षेत्र
बरैनिया,8 क,322,कृषि क्षेत्र
बरैनिया,8 क,323,आवासिय क्षेत्र
बरैनिया,8 क,325,आवासिय क्षेत्र
बरैनिया,8 क,326,आवासिय क्षेत्र
बरैनिया,8 क,329,कृषि क्षेत्र
बरैनिया,8 क,331,कृषि क्षेत्र
बरैनिया,8 क,332,कृषि क्षेत्र
बरैनिया,8 क,333,कृषि क्षेत्र
बरैनिया,8 क,334,कृषि क्षेत्र
बरैनिया,8 क,338,आवासिय क्षेत्र
बरैनिया,8 क,339,कृषि क्षेत्र
बरैनिया,8 क,340,कृषि क्षेत्र
बरैनिया,8 क,341,कृषि क्षेत्र
बरैनिया,8 क,342,कृषि क्षेत्र
बरैनिया,8 क,343,कृषि क्षेत्र
बरैनिया,8 क,344,कृषि क्षेत्र
बरैनिया,8 क,345,आवासिय क्षेत्र
बरैनिया,8 क,346,आवासिय क्षेत्र
बरैनिया,8 क,347,आवासिय क्षेत्र
बरैनिया,8 क,348,आवासिय क्षेत्र
बरैनिया,8 क,351,कृषि क्षेत्र
बरैनिया,8 क,353,कृषि क्षेत्र
बरैनिया,8 क,375,आवासिय क्षेत्र
बरैनिया,8 क,386,कृषि क्षेत्र
बरैनिया,8 क,387,कृषि क्षेत्र
बरैनिया,8 क,401,कृषि क्षेत्र
बरैनिया,8 क,402,कृषि क्षेत्र
बरैनिया,8 क,403,कृषि क्षेत्र
बरैनिया,8 क,404,कृषि क्षेत्र
बरैनिया,8 क,411,कृषि क्षेत्र
बरैनिया,8 क,419,कृषि क्षेत्र
बरैनिया,8 क,420,कृषि क्षेत्र
बरैनिया,8 क,431,कृषि क्षेत्र
बरैनिया,8 क,432,कृषि क्षेत्र
बरैनिया,8 क,435,कृषि क्षेत्र
बरैनिया,8 क,436,कृषि क्षेत्र
बरैनिया,8 क,438,कृषि क्षेत्र
बरैनिया,8 क,440,आवासिय क्षेत्र
बरैनिया,8 क,441,आवासिय क्षेत्र
बरैनिया,8 क,446,आवासिय क्षेत्र
बरैनिया,8 क,448,आवासिय क्षेत्र
बरैनिया,8 क,449,आवासिय क्षेत्र
बरैनिया,8 क,450,आवासिय क्षेत्र
बरैनिया,8 क,451,आवासिय क्षेत्र
बरैनिया,8 क,452,आवासिय क्षेत्र
बरैनिया,8 क,453,आवासिय क्षेत्र
बरैनिया,8 क,454,आवासिय क्षेत्र
बरैनिया,8 क,455,आवासिय क्षेत्र
बरैनिया,8 क,456,कृषि क्षेत्र
बरैनिया,8 क,462,कृषि क्षेत्र
बरैनिया,8 क,466,कृषि क्षेत्र
बरैनिया,8 क,471,कृषि क्षेत्र
बरैनिया,8 क,473,कृषि क्षेत्र
बरैनिया,8 क,474,कृषि क्षेत्र
बरैनिया,8 क,475,कृषि क्षेत्र
बरैनिया,8 क,476,कृषि क्षेत्र
बरैनिया,8 क,477,कृषि क्षेत्र
बरैनिया,8 क,478,कृषि क्षेत्र
बरैनिया,8 क,480,कृषि क्षेत्र
बरैनिया,8 क,491,कृषि क्षेत्र
बरैनिया,8 क,491,कृषि क्षेत्र
बरैनिया,8 क,492,कृषि क्षेत्र
बरैनिया,8 क,497,कृषि क्षेत्र
बरैनिया,8 क,498,कृषि क्षेत्र
बरैनिया,8 क,500,कृषि क्षेत्र
बरैनिया,8 क,504,कृषि क्षेत्र
बरैनिया,8 क,505,आवासिय क्षेत्र
बरैनिया,8 क,506,कृषि क्षेत्र
बरैनिया,8 क,507,कृषि क्षेत्र
बरैनिया,8 क,509,कृषि क्षेत्र
बरैनिया,8 क,513,कृषि क्षेत्र
बरैनिया,8 क,520,कृषि क्षेत्र
बरैनिया,8 क,521,कृषि क्षेत्र
बरैनिया,8 क,523,आवासिय क्षेत्र
बरैनिया,8 क,525,कृषि क्षेत्र
बरैनिया,8 क,526,आवासिय क्षेत्र
बरैनिया,8 क,527,आवासिय क्षेत्र
बरैनिया,8 क,536,आवासिय क्षेत्र
बरैनिया,8 क,538,आवासिय क्षेत्र
बरैनिया,8 क,539,आवासिय क्षेत्र
बरैनिया,8 क,541,आवासिय क्षेत्र
बरैनिया,8 क,543,कृषि क्षेत्र
बरैनिया,8 क,544,आवासिय क्षेत्र
बरैनिया,8 क,557,कृषि क्षेत्र
बरैनिया,8 क,558,आवासिय क्षेत्र
बरैनिया,8 क,587,आवासिय क्षेत्र
बरैनिया,8 क,588,आवासिय क्षेत्र
बरैनिया,8 क,589,कृषि क्षेत्र
बरैनिया,8 क,597,आवासिय क्षेत्र
बरैनिया,8 क,598,आवासिय क्षेत्र
बरैनिया,8 क,599,आवासिय क्षेत्र
बरैनिया,8 क,600,आवासिय क्षेत्र
बरैनिया,8 क,601,कृषि क्षेत्र
बरैनिया,8 क,602,आवासिय क्षेत्र
बरैनिया,8 क,603,आवासिय क्षेत्र
बरैनिया,8 क,604,आवासिय क्षेत्र
बरैनिया,8 क,604,कृषि क्षेत्र
बरैनिया,8 क,605,आवासिय क्षेत्र
बरैनिया,8 क,606,आवासिय क्षेत्र
बरैनिया,8 क,607,आवासिय क्षेत्र
बरैनिया,8 क,608,आवासिय क्षेत्र
बरैनिया,8 क,612,कृषि क्षेत्र
बरैनिया,8 क,613,कृषि क्षेत्र
बरैनिया,8 क,619,आवासिय क्षेत्र
बरैनिया,8 क,620,आवासिय क्षेत्र
बरैनिया,8 क,621,कृषि क्षेत्र
बरैनिया,8 क,625,आवासिय क्षेत्र
बरैनिया,8 क,627,कृषि क्षेत्र
बरैनिया,8 क,629,आवासिय क्षेत्र
बरैनिया,8 क,632,आवासिय क्षेत्र
बरैनिया,8 क,636,कृषि क्षेत्र
बरैनिया,8 क,638,आवासिय क्षेत्र
बरैनिया,8 क,639,आवासिय क्षेत्र
बरैनिया,8 क,642,आवासिय क्षेत्र
बरैनिया,8 क,643,आवासिय क्षेत्र
बरैनिया,8 क,644,आवासिय क्षेत्र
बरैनिया,8 क,644,कृषि क्षेत्र
बरैनिया,8 क,645,कृषि क्षेत्र
बरैनिया,8 क,646,कृषि क्षेत्र
बरैनिया,8 क,647,कृषि क्षेत्र
बरैनिया,8 क,648,आवासिय क्षेत्र
बरैनिया,8 क,649,आवासिय क्षेत्र
बरैनिया,8 क,661,कृषि क्षेत्र
बरैनिया,8 क,662,कृषि क्षेत्र
बरैनिया,8 क,663,कृषि क्षेत्र
बरैनिया,8 क,664,कृषि क्षेत्र
बरैनिया,8 क,665,कृषि क्षेत्र
बरैनिया,8 क,666,कृषि क्षेत्र
बरैनिया,8 क,675,कृषि क्षेत्र
बरैनिया,8 क,676,कृषि क्षेत्र
बरैनिया,8 क,677,कृषि क्षेत्र
बरैनिया,8 क,678,कृषि क्षेत्र
बरैनिया,8 क,679,कृषि क्षेत्र
बरैनिया,8 क,680,कृषि क्षेत्र
बरैनिया,8 क,681,कृषि क्षेत्र
बरैनिया,8 क,682,आवासिय क्षेत्र
बरैनिया,8 क,689,आवासिय क्षेत्र
बरैनिया,8 क,690,आवासिय क्षेत्र
बरैनिया,8 क,691,आवासिय क्षेत्र
बरैनिया,8 क,693,कृषि क्षेत्र
बरैनिया,8 क,694,कृषि क्षेत्र
बरैनिया,8 क,695,कृषि क्षेत्र
बरैनिया,8 क,696,कृषि क्षेत्र
बरैनिया,8 क,698,कृषि क्षेत्र
बरैनिया,8 क,699,कृषि क्षेत्र
बरैनिया,8 क,700,कृषि क्षेत्र
बरैनिया,8 क,701,कृषि क्षेत्र
बरैनिया,8 क,702,आवासिय क्षेत्र
बरैनिया,8 क,703,आवासिय क्षेत्र
बरैनिया,8 क,704,कृषि क्षेत्र
बरैनिया,8 क,704,आवासिय क्षेत्र
बरैनिया,8 क,705,आवासिय क्षेत्र
बरैनिया,8 क,705,कृषि क्षेत्र
बरैनिया,8 क,705,कृषि क्षेत्र
बरैनिया,8 क,716,कृषि क्षेत्र
बरैनिया,8 क,717,कृषि क्षेत्र
बरैनिया,8 क,722,कृषि क्षेत्र
बरैनिया,8 क,724,कृषि क्षेत्र
बरैनिया,8 क,728,आवासिय क्षेत्र
बरैनिया,8 क,765,आवासिय क्षेत्र
बरैनिया,8 क,766,आवासिय क्षेत्र
बरैनिया,8 क,776,कृषि क्षेत्र
बरैनिया,8 क,777,कृषि क्षेत्र
बरैनिया,8 क,779,कृषि क्षेत्र
बरैनिया,8 क,780,आवासिय क्षेत्र
बरैनिया,8 क,783,कृषि क्षेत्र
बरैनिया,8 क,800,आवासिय क्षेत्र
बरैनिया,8 क,801,आवासिय क्षेत्र
बरैनिया,8 क,814,कृषि क्षेत्र
बरैनिया,8 क,815,कृषि क्षेत्र
बरैनिया,8 क,816,कृषि क्षेत्र
बरैनिया,8 क,821,कृषि क्षेत्र
बरैनिया,8 क,822,कृषि क्षेत्र
बरैनिया,8 क,823,कृषि क्षेत्र
बरैनिया,8 क,824,कृषि क्षेत्र
बरैनिया,8 क,836,कृषि क्षेत्र
बरैनिया,8 क,837,कृषि क्षेत्र
बरैनिया,8 क,838,कृषि क्षेत्र
बरैनिया,8 क,839,कृषि क्षेत्र
बरैनिया,8 क,840,कृषि क्षेत्र
बरैनिया,8 क,841,आवासिय क्षेत्र
बरैनिया,8 क,842,आवासिय क्षेत्र
बरैनिया,8 क,843,कृषि क्षेत्र
बरैनिया,8 क,844,कृषि क्षेत्र
बरैनिया,8 क,845,कृषि क्षेत्र
बरैनिया,8 क,846,आवासिय क्षेत्र
बरैनिया,8 क,847,आवासिय क्षेत्र
बरैनिया,8 क,848,कृषि क्षेत्र
बरैनिया,8 क,849,कृषि क्षेत्र
बरैनिया,8 क,850,आवासिय क्षेत्र
बरैनिया,8 क,851,आवासिय क्षेत्र
बरैनिया,8 क,852,कृषि क्षेत्र
बरैनिया,8 क,853,कृषि क्षेत्र
बरैनिया,8 क,854,आवासिय क्षेत्र
बरैनिया,8 क,855,आवासिय क्षेत्र
बरैनिया,8 क,856,कृषि क्षेत्र
बरैनिया,8 क,857,आवासिय क्षेत्र
बरैनिया,8 क,858,आवासिय क्षेत्र
बरैनिया,8 क,859,आवासिय क्षेत्र
बरैनिया,8 क,860,कृषि क्षेत्र
बरैनिया,8 क,861,कृषि क्षेत्र
बरैनिया,8 क,862,आवासिय क्षेत्र
बरैनिया,8 क,863,आवासिय क्षेत्र
बरैनिया,8 क,864,आवासिय क्षेत्र
बरैनिया,8 क,865,आवासिय क्षेत्र
बरैनिया,8 क,866,कृषि क्षेत्र
बरैनिया,8 क,870,कृषि क्षेत्र
बरैनिया,8 क,871,कृषि क्षेत्र
बरैनिया,8 क,872,कृषि क्षेत्र
बरैनिया,8 क,873,आवासिय क्षेत्र
बरैनिया,8 क,874,आवासिय क्षेत्र
बरैनिया,8 क,875,आवासिय क्षेत्र
बरैनिया,8 क,876,आवासिय क्षेत्र
बरैनिया,8 क,877,कृषि क्षेत्र
बरैनिया,8 क,878,कृषि क्षेत्र
बरैनिया,8 क,879,कृषि क्षेत्र
बरैनिया,8 क,880,कृषि क्षेत्र
बरैनिया,8 क,881,आवासिय क्षेत्र
बरैनिया,8 क,882,आवासिय क्षेत्र
बरैनिया,8 क,885,कृषि क्षेत्र
बरैनिया,8 क,887,कृषि क्षेत्र
बरैनिया,8 क,888,कृषि क्षेत्र
बरैनिया,8 क,889,कृषि क्षेत्र
बरैनिया,8 क,890,कृषि क्षेत्र
बरैनिया,8 क,891,कृषि क्षेत्र
बरैनिया,8 क,892,कृषि क्षेत्र
बरैनिया,8 क,893,कृषि क्षेत्र
बरैनिया,8 क,894,कृषि क्षेत्र
बरैनिया,8 क,901,कृषि क्षेत्र
बरैनिया,8 क,902,कृषि क्षेत्र
बरैनिया,8 क,905,आवासिय क्षेत्र
बरैनिया,8 क,906,कृषि क्षेत्र
बरैनिया,8 क,909,आवासिय क्षेत्र
बरैनिया,8 क,910,आवासिय क्षेत्र
बरैनिया,8 क,911,आवासिय क्षेत्र
बरैनिया,8 क,912,आवासिय क्षेत्र
बरैनिया,8 क,915,कृषि क्षेत्र
बरैनिया,8 क,916,कृषि क्षेत्र
बरैनिया,8 क,942,आवासिय क्षेत्र
बरैनिया,8 क नहर,139,आवासिय क्षेत्र
बरैनिया,8 क नहर,188,आवासिय क्षेत्र
बरैनिया,8 क नहर,190,आवासिय क्षेत्र
बरैनिया,8 क नहर,349,सार्वजनिक उपयोग क्षेत्र
बरैनिया,8 क नहर,349,आवासिय क्षेत्र
बरैनिया,8 क नहर,349,आवासिय क्षेत्र
बरैनिया,8 क नहर,350,आवासिय क्षेत्र
बरैनिया,8 क नहर,351,आवासिय क्षेत्र
बरैनिया,8 क नहर,355,आवासिय क्षेत्र
बरैनिया,8 क नहर,356,आवासिय क्षेत्र
बरैनिया,8 क नहर,357,आवासिय क्षेत्र
बरैनिया,8 क नहर,358,आवासिय क्षेत्र
बरैनिया,8 क नहर,360,आवासिय क्षेत्र
बरैनिया,8 क नहर,361,आवासिय क्षेत्र
बरैनिया,8 क नहर,362,आवासिय क्षेत्र
बरैनिया,8 क नहर,362,आवासिय क्षेत्र
बरैनिया,8 क नहर,363,आवासिय क्षेत्र
बरैनिया,8 क नहर,364,आवासिय क्षेत्र
बरैनिया,8 क नहर,365,आवासिय क्षेत्र
बरैनिया,8 क नहर,366,आवासिय क्षेत्र
बरैनिया,8 क नहर,369,आवासिय क्षेत्र
बरैनिया,8 क नहर,370,आवासिय क्षेत्र
बरैनिया,8 क नहर,372,आवासिय क्षेत्र
बरैनिया,8 क नहर,373,आवासिय क्षेत्र
बरैनिया,8 क नहर,376,आवासिय क्षेत्र
बरैनिया,8 क नहर,377,आवासिय क्षेत्र
बरैनिया,8 क नहर,378,आवासिय क्षेत्र
बरैनिया,8 क नहर,415,आवासिय क्षेत्र
बरैनिया,8 क नहर,416,आवासिय क्षेत्र
बरैनिया,8 क नहर,417,आवासिय क्षेत्र
बरैनिया,8 क नहर,516,आवासिय क्षेत्र
बरैनिया,8 क नहर,518,आवासिय क्षेत्र
बरैनिया,8 क नहर,519,आवासिय क्षेत्र
बरैनिया,8 क नहर,671,आवासिय क्षेत्र
बरैनिया,8 क नहर,672,आवासिय क्षेत्र
बरैनिया,8 क नहर,673,आवासिय क्षेत्र
बरैनिया,8 क नहर,674,आवासिय क्षेत्र
बरैनिया,8 क नहर,770,आवासिय क्षेत्र
बरैनिया,8 क नहर,771,आवासिय क्षेत्र
बरैनिया,8 क नहर,772,आवासिय क्षेत्र
बरैनिया,8 क नहर,773,आवासिय क्षेत्र
बरैनिया,8 क नहर,774,आवासिय क्षेत्र
बरैनिया,8 क नहर,775,आवासिय क्षेत्र
बरैनिया,8 क नहर,895,आवासिय क्षेत्र
बरैनिया,8 क नहर,896,आवासिय क्षेत्र
बरैनिया,8 क नहर,913,आवासिय क्षेत्र
बरैनिया,8 क नहर,914,आवासिय क्षेत्र
बरैनिया,8 क नहर,917,आवासिय क्षेत्र
बरैनिया,8 क नहर,918,आवासिय क्षेत्र
बरैनिया,8 क नहर,999998,आवासिय क्षेत्र
बरैनिया,8 क नहर,999999,सार्वजनिक उपयोग क्षेत्र
बरैनिया,8 ख गाउँ,1,आवासिय क्षेत्र
बरैनिया,8 ख गाउँ,2,आवासिय क्षेत्र
बरैनिया,8 ख गाउँ,4,आवासिय क्षेत्र
बरैनिया,8 ख गाउँ,8,आवासिय क्षेत्र
बरैनिया,8 ख गाउँ,9,आवासिय क्षेत्र
बरैनिया,8 ख गाउँ,10,आवासिय क्षेत्र
बरैनिया,8 ख गाउँ,11,आवासिय क्षेत्र
बरैनिया,8 ख गाउँ,12,आवासिय क्षेत्र
बरैनिया,8 ख गाउँ,13,आवासिय क्षेत्र
बरैनिया,8 ख गाउँ,14,आवासिय क्षेत्र
बरैनिया,8 ख गाउँ,15,आवासिय क्षेत्र
बरैनिया,8 ख गाउँ,17,आवासिय क्षेत्र
बरैनिया,8 ख गाउँ,18,आवासिय क्षेत्र
बरैनिया,8 ख गाउँ,19,आवासिय क्षेत्र
बरैनिया,8 ख गाउँ,20,आवासिय क्षेत्र
बरैनिया,8 ख गाउँ,21,आवासिय क्षेत्र
बरैनिया,8 ख गाउँ,22,आवासिय क्षेत्र
बरैनिया,8 ख गाउँ,23,आवासिय क्षेत्र
बरैनिया,8 ख गाउँ,24,आवासिय क्षेत्र
बरैनिया,8 ख गाउँ,25,आवासिय क्षेत्र
बरैनिया,8 ख गाउँ,26,आवासिय क्षेत्र
बरैनिया,8 ख गाउँ,27,आवासिय क्षेत्र
बरैनिया,8 ख गाउँ,28,आवासिय क्षेत्र
बरैनिया,8 ख गाउँ,29,आवासिय क्षेत्र
बरैनिया,8 ख गाउँ,30,आवासिय क्षेत्र
बरैनिया,8 ख गाउँ,31,आवासिय क्षेत्र
बरैनिया,8 ख गाउँ,32,आवासिय क्षेत्र
बरैनिया,8 ख गाउँ,33,आवासिय क्षेत्र
बरैनिया,8 ख गाउँ,34,आवासिय क्षेत्र
बरैनिया,8 ख गाउँ,35,आवासिय क्षेत्र
बरैनिया,8 ख गाउँ,36,आवासिय क्षेत्र
बरैनिया,8 ख गाउँ,38,आवासिय क्षेत्र
बरैनिया,8 ख गाउँ,39,आवासिय क्षेत्र
बरैनिया,8 ख गाउँ,40,आवासिय क्षेत्र
बरैनिया,8 ख गाउँ,41,आवासिय क्षेत्र
बरैनिया,8 ख गाउँ,42,आवासिय क्षेत्र
बरैनिया,8 ख गाउँ,43,आवासिय क्षेत्र
बरैनिया,8 ख गाउँ,44,आवासिय क्षेत्र
बरैनिया,8 ख गाउँ,46,आवासिय क्षेत्र
बरैनिया,8 ख गाउँ,47,आवासिय क्षेत्र
बरैनिया,8 ख गाउँ,48,आवासिय क्षेत्र
बरैनिया,8 ख गाउँ,49,आवासिय क्षेत्र
बरैनिया,8 ख गाउँ,50,आवासिय क्षेत्र
बरैनिया,8 ख गाउँ,51,आवासिय क्षेत्र
बरैनिया,8 ख गाउँ,52,आवासिय क्षेत्र
बरैनिया,8 ख गाउँ,53,आवासिय क्षेत्र
बरैनिया,8 ख गाउँ,54,आवासिय क्षेत्र
बरैनिया,8 ख गाउँ,55,आवासिय क्षेत्र
बरैनिया,8 ख गाउँ,56,आवासिय क्षेत्र
बरैनिया,8 ख गाउँ,57,आवासिय क्षेत्र
बरैनिया,8 ख गाउँ,58,आवासिय क्षेत्र
बरैनिया,8 ख गाउँ,59,आवासिय क्षेत्र
बरैनिया,8 ख गाउँ,60,आवासिय क्षेत्र
बरैनिया,8 ख गाउँ,61,आवासिय क्षेत्र
बरैनिया,8 ख गाउँ,62,आवासिय क्षेत्र
बरैनिया,8 ख गाउँ,63,आवासिय क्षेत्र
बरैनिया,8 ख गाउँ,64,आवासिय क्षेत्र
बरैनिया,8 ख गाउँ,65,आवासिय क्षेत्र
बरैनिया,8 ख गाउँ,66,आवासिय क्षेत्र
बरैनिया,8 ख गाउँ,67,आवासिय क्षेत्र
बरैनिया,8 ख गाउँ,68,आवासिय क्षेत्र
बरैनिया,8 ख गाउँ,69,आवासिय क्षेत्र
बरैनिया,8 ख गाउँ,71,आवासिय क्षेत्र
बरैनिया,8 ख गाउँ,72,आवासिय क्षेत्र
बरैनिया,8 ख गाउँ,73,आवासिय क्षेत्र
बरैनिया,8 ख गाउँ,74,आवासिय क्षेत्र
बरैनिया,8 ख गाउँ,75,आवासिय क्षेत्र
बरैनिया,8 ख गाउँ,76,आवासिय क्षेत्र
बरैनिया,8 ख गाउँ,77,आवासिय क्षेत्र
बरैनिया,8 ख गाउँ,78,आवासिय क्षेत्र
बरैनिया,8 ख गाउँ,79,आवासिय क्षेत्र
बरैनिया,8 ख गाउँ,80,आवासिय क्षेत्र
बरैनिया,8 ख गाउँ,81,आवासिय क्षेत्र
बरैनिया,8 ख गाउँ,82,आवासिय क्षेत्र
बरैनिया,8 ख गाउँ,83,आवासिय क्षेत्र
बरैनिया,8 ख गाउँ,84,आवासिय क्षेत्र
बरैनिया,8 ख गाउँ,84,आवासिय क्षेत्र
बरैनिया,8 ख गाउँ,100,आवासिय क्षेत्र
बरैनिया,8 ख गाउँ,101,आवासिय क्षेत्र
बरैनिया,8 ख गाउँ,102,आवासिय क्षेत्र
बरैनिया,8 ख गाउँ,162,आवासिय क्षेत्र
बरैनिया,8 ख गाउँ,370,आवासिय क्षेत्र
बरैनिया,8 ख गाउँ,702,आवासिय क्षेत्र
बरैनिया,8 ख गाउँ,999988,आवासिय क्षेत्र
बरैनिया,9,2,कृषि क्षेत्र
बरैनिया,9,3,कृषि क्षेत्र
बरैनिया,9,4,आवासिय क्षेत्र
बरैनिया,9,5,कृषि क्षेत्र
बरैनिया,9,6,आवासिय क्षेत्र
बरैनिया,9,7,आवासिय क्षेत्र
बरैनिया,9,8,कृषि क्षेत्र
बरैनिया,9,9,आवासिय क्षेत्र
बरैनिया,9,10,आवासिय क्षेत्र
बरैनिया,9,11,आवासिय क्षेत्र
बरैनिया,9,12,आवासिय क्षेत्र
बरैनिया,9,14,आवासिय क्षेत्र
बरैनिया,9,15,आवासिय क्षेत्र
बरैनिया,9,16,आवासिय क्षेत्र
बरैनिया,9,20,आवासिय क्षेत्र
बरैनिया,9,21,आवासिय क्षेत्र
बरैनिया,9,22,कृषि क्षेत्र
बरैनिया,9,23,आवासिय क्षेत्र
बरैनिया,9,24,कृषि क्षेत्र
बरैनिया,9,25,कृषि क्षेत्र
बरैनिया,9,26,आवासिय क्षेत्र
बरैनिया,9,28,कृषि क्षेत्र
बरैनिया,9,29,आवासिय क्षेत्र
बरैनिया,9,30,कृषि क्षेत्र
बरैनिया,9,31,कृषि क्षेत्र
बरैनिया,9,32,आवासिय क्षेत्र
बरैनिया,9,35,आवासिय क्षेत्र
बरैनिया,9,36,आवासिय क्षेत्र
बरैनिया,9,37,कृषि क्षेत्र
बरैनिया,9,38,कृषि क्षेत्र
बरैनिया,9,39,आवासिय क्षेत्र
बरैनिया,9,40,कृषि क्षेत्र
बरैनिया,9,44,कृषि क्षेत्र
बरैनिया,9,45,कृषि क्षेत्र
बरैनिया,9,47,कृषि क्षेत्र
बरैनिया,9,48,कृषि क्षेत्र
बरैनिया,9,50,कृषि क्षेत्र
बरैनिया,9,51,कृषि क्षेत्र
बरैनिया,9,52,कृषि क्षेत्र
बरैनिया,9,53,कृषि क्षेत्र
बरैनिया,9,54,कृषि क्षेत्र
बरैनिया,9,55,कृषि क्षेत्र
बरैनिया,9,57,कृषि क्षेत्र
बरैनिया,9,58,कृषि क्षेत्र
बरैनिया,9,60,कृषि क्षेत्र
बरैनिया,9,61,कृषि क्षेत्र
बरैनिया,9,63,कृषि क्षेत्र
बरैनिया,9,65,कृषि क्षेत्र
बरैनिया,9,67,कृषि क्षेत्र
बरैनिया,9,68,कृषि क्षेत्र
बरैनिया,9,71,कृषि क्षेत्र
बरैनिया,9,77,कृषि क्षेत्र
बरैनिया,9,78,कृषि क्षेत्र
बरैनिया,9,79,कृषि क्षेत्र
बरैनिया,9,81,कृषि क्षेत्र
बरैनिया,9,82,कृषि क्षेत्र
बरैनिया,9,85,कृषि क्षेत्र
बरैनिया,9,86,कृषि क्षेत्र
बरैनिया,9,87,आवासिय क्षेत्र
बरैनिया,9,88,आवासिय क्षेत्र
बरैनिया,9,89,कृषि क्षेत्र
बरैनिया,9,90,आवासिय क्षेत्र
बरैनिया,9,91,आवासिय क्षेत्र
बरैनिया,9,92,आवासिय क्षेत्र
बरैनिया,9,93,कृषि क्षेत्र
बरैनिया,9,94,आवासिय क्षेत्र
बरैनिया,9,95,कृषि क्षेत्र
बरैनिया,9,96,आवासिय क्षेत्र
बरैनिया,9,97,आवासिय क्षेत्र
बरैनिया,9,99,कृषि क्षेत्र
बरैनिया,9,100,कृषि क्षेत्र
बरैनिया,9,101,कृषि क्षेत्र
बरैनिया,9,103,कृषि क्षेत्र
बरैनिया,9,104,कृषि क्षेत्र
बरैनिया,9,108,कृषि क्षेत्र
बरैनिया,9,109,कृषि क्षेत्र
बरैनिया,9,110,कृषि क्षेत्र
बरैनिया,9,112,कृषि क्षेत्र
बरैनिया,9,114,कृषि क्षेत्र
बरैनिया,9,117,कृषि क्षेत्र
बरैनिया,9,118,कृषि क्षेत्र
बरैनिया,9,119,कृषि क्षेत्र
बरैनिया,9,121,कृषि क्षेत्र
बरैनिया,9,122,कृषि क्षेत्र
बरैनिया,9,123,आवासिय क्षेत्र
बरैनिया,9,124,कृषि क्षेत्र
बरैनिया,9,125,आवासिय क्षेत्र
बरैनिया,9,127,आवासिय क्षेत्र
बरैनिया,9,131,कृषि क्षेत्र
बरैनिया,9,132,कृषि क्षेत्र
बरैनिया,9,133,आवासिय क्षेत्र
बरैनिया,9,134,आवासिय क्षेत्र
बरैनिया,9,136,कृषि क्षेत्र
बरैनिया,9,137,आवासिय क्षेत्र
बरैनिया,9,138,आवासिय क्षेत्र
बरैनिया,9,139,कृषि क्षेत्र
बरैनिया,9,140,आवासिय क्षेत्र
बरैनिया,9,142,आवासिय क्षेत्र
बरैनिया,9,144,आवासिय क्षेत्र
बरैनिया,9,145,आवासिय क्षेत्र
बरैनिया,9,146,कृषि क्षेत्र
बरैनिया,9,147,कृषि क्षेत्र
बरैनिया,9,148,कृषि क्षेत्र
बरैनिया,9,149,आवासिय क्षेत्र
बरैनिया,9,151,कृषि क्षेत्र
बरैनिया,9,153,"नदी, खोला, ताल, सिमसार क्षेत्र"
बरैनिया,9,154,आवासिय क्षेत्र
बरैनिया,9,155,कृषि क्षेत्र
बरैनिया,9,159,आवासिय क्षेत्र
बरैनिया,9,161,आवासिय क्षेत्र
बरैनिया,9,162,आवासिय क्षेत्र
बरैनिया,9,163,आवासिय क्षेत्र
बरैनिया,9,165,आवासिय क्षेत्र
बरैनिया,9,166,कृषि क्षेत्र
बरैनिया,9,167,आवासिय क्षेत्र
बरैनिया,9,170,आवासिय क्षेत्र
बरैनिया,9,170,कृषि क्षेत्र
बरैनिया,9,173,आवासिय क्षेत्र
बरैनिया,9,174,आवासिय क्षेत्र
बरैनिया,9,176,आवासिय क्षेत्र
बरैनिया,9,178,आवासिय क्षेत्र
बरैनिया,9,179,आवासिय क्षेत्र
बरैनिया,9,180,आवासिय क्षेत्र
बरैनिया,9,181,आवासिय क्षेत्र
बरैनिया,9,182,कृषि क्षेत्र
बरैनिया,9,183,कृषि क्षेत्र
बरैनिया,9,183,कृषि क्षेत्र
बरैनिया,9,184,कृषि क्षेत्र
बरैनिया,9,188,कृषि क्षेत्र
बरैनिया,9,189,कृषि क्षेत्र
बरैनिया,9,192,कृषि क्षेत्र
बरैनिया,9,194,कृषि क्षेत्र
बरैनिया,9,195,आवासिय क्षेत्र
बरैनिया,9,197,कृषि क्षेत्र
बरैनिया,9,198,कृषि क्षेत्र
बरैनिया,9,199,आवासिय क्षेत्र
बरैनिया,9,200,आवासिय क्षेत्र
बरैनिया,9,201,आवासिय क्षेत्र
बरैनिया,9,202,आवासिय क्षेत्र
बरैनिया,9,205,कृषि क्षेत्र
बरैनिया,9,206,कृषि क्षेत्र
बरैनिया,9,208,कृषि क्षेत्र
बरैनिया,9,209,आवासिय क्षेत्र
बरैनिया,9,210,आवासिय क्षेत्र
बरैनिया,9,256,कृषि क्षेत्र
बरैनिया,9,257,कृषि क्षेत्र
बरैनिया,9,258,कृषि क्षेत्र
बरैनिया,9,260,कृषि क्षेत्र
बरैनिया,9,261,कृषि क्षेत्र
बरैनिया,9,262,कृषि क्षेत्र
बरैनिया,9,263,कृषि क्षेत्र
बरैनिया,9,274,कृषि क्षेत्र
बरैनिया,9,275,कृषि क्षेत्र
बरैनिया,9,276,आवासिय क्षेत्र
बरैनिया,9,283,कृषि क्षेत्र
बरैनिया,9,284,कृषि क्षेत्र
बरैनिया,9,285,कृषि क्षेत्र
बरैनिया,9,286,कृषि क्षेत्र
बरैनिया,9,287,कृषि क्षेत्र
बरैनिया,9,288,कृषि क्षेत्र
बरैनिया,9,296,कृषि क्षेत्र
बरैनिया,9,297,कृषि क्षेत्र
बरैनिया,9,300,आवासिय क्षेत्र
बरैनिया,9,303,कृषि क्षेत्र
बरैनिया,9,309,आवासिय क्षेत्र
बरैनिया,9,310,आवासिय क्षेत्र
बरैनिया,9,311,आवासिय क्षेत्र
बरैनिया,9,312,आवासिय क्षेत्र
बरैनिया,9,313,आवासिय क्षेत्र
बरैनिया,9,315,कृषि क्षेत्र
बरैनिया,9,316,कृषि क्षेत्र
बरैनिया,9,317,आवासिय क्षेत्र
बरैनिया,9,318,आवासिय क्षेत्र
बरैनिया,9,319,आवासिय क्षेत्र
बरैनिया,9,321,कृषि क्षेत्र
बरैनिया,9,323,कृषि क्षेत्र
बरैनिया,9,324,कृषि क्षेत्र
बरैनिया,9,335,कृषि क्षेत्र
बरैनिया,9,336,कृषि क्षेत्र
बरैनिया,9,337,कृषि क्षेत्र
बरैनिया,9,338,कृषि क्षेत्र
बरैनिया,9,339,कृषि क्षेत्र
बरैनिया,9,340,कृषि क्षेत्र
बरैनिया,9,361,आवासिय क्षेत्र
बरैनिया,9,362,आवासिय क्षेत्र
बरैनिया,9,363,कृषि क्षेत्र
बरैनिया,9,364,कृषि क्षेत्र
बरैनिया,9,365,कृषि क्षेत्र
बरैनिया,9,370,आवासिय क्षेत्र
बरैनिया,9,372,आवासिय क्षेत्र
बरैनिया,9,373,आवासिय क्षेत्र
बरैनिया,9,377,कृषि क्षेत्र
बरैनिया,9,378,कृषि क्षेत्र
बरैनिया,9,379,कृषि क्षेत्र
बरैनिया,9,381,कृषि क्षेत्र
बरैनिया,9,382,कृषि क्षेत्र
बरैनिया,9,391,कृषि क्षेत्र
बरैनिया,9,392,कृषि क्षेत्र
बरैनिया,9,393,कृषि क्षेत्र
बरैनिया,9,393,कृषि क्षेत्र
बरैनिया,9,394,कृषि क्षेत्र
बरैनिया,9,454,कृषि क्षेत्र
बरैनिया,9,455,कृषि क्षेत्र
बरैनिया,9,456,कृषि क्षेत्र
बरैनिया,9,457,कृषि क्षेत्र
बरैनिया,9,462,आवासिय क्षेत्र
बरैनिया,9,463,आवासिय क्षेत्र
बरैनिया,9,464,आवासिय क्षेत्र
बरैनिया,9,465,आवासिय क्षेत्र
बरैनिया,9,475,कृषि क्षेत्र
बरैनिया,9,476,कृषि क्षेत्र
बरैनिया,9,477,कृषि क्षेत्र
बरैनिया,9,478,कृषि क्षेत्र
बरैनिया,9,483,आवासिय क्षेत्र
बरैनिया,9,485,आवासिय क्षेत्र
बरैनिया,9,486,कृषि क्षेत्र
बरैनिया,9,489,कृषि क्षेत्र
बरैनिया,9,490,कृषि क्षेत्र
बरैनिया,9,491,कृषि क्षेत्र
बरैनिया,9,492,आवासिय क्षेत्र
बरैनिया,9,493,कृषि क्षेत्र
बरैनिया,9,494,कृषि क्षेत्र
बरैनिया,9,495,कृषि क्षेत्र
बरैनिया,9,498,कृषि क्षेत्र
बरैनिया,9,503,कृषि क्षेत्र
बरैनिया,9,504,कृषि क्षेत्र
बरैनिया,9,505,कृषि क्षेत्र
बरैनिया,9,506,आवासिय क्षेत्र
बरैनिया,9,507,कृषि क्षेत्र
बरैनिया,9,508,कृषि क्षेत्र
बरैनिया,9,509,आवासिय क्षेत्र
बरैनिया,9,512,कृषि क्षेत्र
बरैनिया,9,513,कृषि क्षेत्र
बरैनिया,9,514,कृषि क्षेत्र
बरैनिया,9,515,कृषि क्षेत्र
बरैनिया,9,516,कृषि क्षेत्र
बरैनिया,9,521,कृषि क्षेत्र
बरैनिया,9,522,कृषि क्षेत्र
बरैनिया,9,523,कृषि क्षेत्र
बरैनिया,9,526,आवासिय क्षेत्र
बरैनिया,9,527,कृषि क्षेत्र
बरैनिया,9,537,आवासिय क्षेत्र
बरैनिया,9,538,आवासिय क्षेत्र
बरैनिया,9,539,कृषि क्षेत्र
बरैनिया,9,540,कृषि क्षेत्र
बरैनिया,9,545,आवासिय क्षेत्र
बरैनिया,9,550,कृषि क्षेत्र
बरैनिया,9,553,आवासिय क्षेत्र
बरैनिया,9,555,कृषि क्षेत्र
बरैनिया,9,557,कृषि क्षेत्र
बरैनिया,9,559,कृषि क्षेत्र
बरैनिया,9,560,कृषि क्षेत्र
बरैनिया,9,561,कृषि क्षेत्र
बरैनिया,9,562,कृषि क्षेत्र
बरैनिया,9,586,कृषि क्षेत्र
बरैनिया,9,587,आवासिय क्षेत्र
बरैनिया,9,588,कृषि क्षेत्र
बरैनिया,9,589,कृषि क्षेत्र
बरैनिया,9,597,कृषि क्षेत्र
बरैनिया,9,603,कृषि क्षेत्र
बरैनिया,9,604,कृषि क्षेत्र
बरैनिया,9,611,कृषि क्षेत्र
बरैनिया,9,612,कृषि क्षेत्र
बरैनिया,9,629,कृषि क्षेत्र
बरैनिया,9,630,कृषि क्षेत्र
बरैनिया,9,631,कृषि क्षेत्र
बरैनिया,9,632,कृषि क्षेत्र
बरैनिया,9,633,कृषि क्षेत्र
बरैनिया,9,634,कृषि क्षेत्र
बरैनिया,9,738,कृषि क्षेत्र
बरैनिया,9,739,कृषि क्षेत्र
बरैनिया,9,740,कृषि क्षेत्र
बरैनिया,9,744,आवासिय क्षेत्र
बरैनिया,9,745,आवासिय क्षेत्र
बरैनिया,9,746,आवासिय क्षेत्र
बरैनिया,9,747,आवासिय क्षेत्र
बरैनिया,9,750,कृषि क्षेत्र
बरैनिया,9,751,कृषि क्षेत्र
बरैनिया,9,752,आवासिय क्षेत्र
बरैनिया,9,753,आवासिय क्षेत्र
बरैनिया,9,754,आवासिय क्षेत्र
बरैनिया,9,756,कृषि क्षेत्र
बरैनिया,9,757,कृषि क्षेत्र
बरैनिया,9,758,आवासिय क्षेत्र
बरैनिया,9,759,कृषि क्षेत्र
बरैनिया,9,760,कृषि क्षेत्र
बरैनिया,9,771,कृषि क्षेत्र
बरैनिया,9,772,कृषि क्षेत्र
बरैनिया,9,775,कृषि क्षेत्र
बरैनिया,9,776,कृषि क्षेत्र
बरैनिया,9,777,कृषि क्षेत्र
बरैनिया,9,778,कृषि क्षेत्र
बरैनिया,9,781,कृषि क्षेत्र
बरैनिया,9,782,कृषि क्षेत्र
बरैनिया,9,783,कृषि क्षेत्र
बरैनिया,9,784,कृषि क्षेत्र
बरैनिया,9,785,कृषि क्षेत्र
बरैनिया,9,786,कृषि क्षेत्र
बरैनिया,9,787,कृषि क्षेत्र
बरैनिया,9,788,कृषि क्षेत्र
बरैनिया,9,789,कृषि क्षेत्र
बरैनिया,9,790,कृषि क्षेत्र
बरैनिया,9,791,कृषि क्षेत्र
बरैनिया,9,792,कृषि क्षेत्र
बरैनिया,9,795,आवासिय क्षेत्र
बरैनिया,9,796,आवासिय क्षेत्र
बरैनिया,9,797,आवासिय क्षेत्र
बरैनिया,9,798,आवासिय क्षेत्र
बरैनिया,9,799,कृषि क्षेत्र
बरैनिया,9,800,कृषि क्षेत्र
बरैनिया,9,801,कृषि क्षेत्र
बरैनिया,9,802,कृषि क्षेत्र
बरैनिया,9,803,कृषि क्षेत्र
बरैनिया,9,804,कृषि क्षेत्र
बरैनिया,9,819,आवासिय क्षेत्र
बरैनिया,9,820,आवासिय क्षेत्र
बरैनिया,9,999992,आवासिय क्षेत्र
बरैनिया,9 गाउँ,1,आवासिय क्षेत्र
बरैनिया,9 गाउँ,2,आवासिय क्षेत्र
बरैनिया,9 गाउँ,3,आवासिय क्षेत्र
बरैनिया,9 गाउँ,4,आवासिय क्षेत्र
बरैनिया,9 गाउँ,5,आवासिय क्षेत्र
बरैनिया,9 गाउँ,6,आवासिय क्षेत्र
बरैनिया,9 गाउँ,7,आवासिय क्षेत्र
बरैनिया,9 गाउँ,8,आवासिय क्षेत्र
बरैनिया,9 गाउँ,9,आवासिय क्षेत्र
बरैनिया,9 गाउँ,10,आवासिय क्षेत्र
बरैनिया,9 गाउँ,11,आवासिय क्षेत्र
बरैनिया,9 गाउँ,13,आवासिय क्षेत्र
बरैनिया,9 गाउँ,15,आवासिय क्षेत्र
बरैनिया,9 गाउँ,16,आवासिय क्षेत्र
बरैनिया,9 गाउँ,17,आवासिय क्षेत्र
बरैनिया,9 गाउँ,18,आवासिय क्षेत्र
बरैनिया,9 गाउँ,19,आवासिय क्षेत्र
बरैनिया,9 गाउँ,20,आवासिय क्षेत्र
बरैनिया,9 गाउँ,21,आवासिय क्षेत्र
बरैनिया,9 गाउँ,22,आवासिय क्षेत्र
बरैनिया,9 गाउँ,23,आवासिय क्षेत्र
बरैनिया,9 गाउँ,24,आवासिय क्षेत्र
बरैनिया,9 गाउँ,25,आवासिय क्षेत्र
बरैनिया,9 गाउँ,26,आवासिय क्षेत्र
बरैनिया,9 गाउँ,27,आवासिय क्षेत्र
बरैनिया,9 गाउँ,28,आवासिय क्षेत्र
बरैनिया,9 गाउँ,29,आवासिय क्षेत्र
बरैनिया,9 गाउँ,30,आवासिय क्षेत्र
बरैनिया,9 गाउँ,31,आवासिय क्षेत्र
बरैनिया,9 गाउँ,32,आवासिय क्षेत्र
बरैनिया,9 गाउँ,33,आवासिय क्षेत्र
बरैनिया,9 गाउँ,34,आवासिय क्षेत्र
बरैनिया,9 गाउँ,35,आवासिय क्षेत्र
बरैनिया,9 गाउँ,36,आवासिय क्षेत्र
बरैनिया,9 गाउँ,37,आवासिय क्षेत्र
बरैनिया,9 गाउँ,38,आवासिय क्षेत्र
बरैनिया,9 गाउँ,39,आवासिय क्षेत्र
बरैनिया,9 गाउँ,42,आवासिय क्षेत्र
बरैनिया,9 गाउँ,43,आवासिय क्षेत्र
बरैनिया,9 गाउँ,44,आवासिय क्षेत्र
बरैनिया,9 गाउँ,46,आवासिय क्षेत्र
बरैनिया,9 गाउँ,47,आवासिय क्षेत्र
बरैनिया,9 गाउँ,49,आवासिय क्षेत्र
बरैनिया,9 गाउँ,50,आवासिय क्षेत्र
बरैनिया,9 गाउँ,51,आवासिय क्षेत्र
बरैनिया,9 गाउँ,52,आवासिय क्षेत्र
बरैनिया,9 गाउँ,55,आवासिय क्षेत्र
बरैनिया,9 गाउँ,56,आवासिय क्षेत्र
बरैनिया,9 गाउँ,57,आवासिय क्षेत्र
बरैनिया,9 गाउँ,61,आवासिय क्षेत्र
बरैनिया,9 गाउँ,63,आवासिय क्षेत्र
बरैनिया,9 गाउँ,64,आवासिय क्षेत्र
बरैनिया,9 गाउँ,66,आवासिय क्षेत्र
बरैनिया,9 गाउँ,67,आवासिय क्षेत्र
बरैनिया,9 गाउँ,69,आवासिय क्षेत्र
बरैनिया,9 गाउँ,71,आवासिय क्षेत्र
बरैनिया,9 गाउँ,72,आवासिय क्षेत्र
बरैनिया,9 गाउँ,74,आवासिय क्षेत्र
बरैनिया,9 गाउँ,75,आवासिय क्षेत्र
बरैनिया,9 गाउँ,76,आवासिय क्षेत्र
बरैनिया,9 गाउँ,77,आवासिय क्षेत्र
बरैनिया,9 गाउँ,80,आवासिय क्षेत्र
बरैनिया,9 गाउँ,83,आवासिय क्षेत्र
बरैनिया,9 गाउँ,85,आवासिय क्षेत्र
बरैनिया,9 गाउँ,86,आवासिय क्षेत्र
बरैनिया,9 गाउँ,88,आवासिय क्षेत्र
बरैनिया,9 गाउँ,89,आवासिय क्षेत्र
बरैनिया,9 गाउँ,98,आवासिय क्षेत्र
बरैनिया,9 गाउँ,99,आवासिय क्षेत्र
बरैनिया,9 गाउँ,102,आवासिय क्षेत्र
बरैनिया,9 गाउँ,103,आवासिय क्षेत्र
बरैनिया,9 गाउँ,104,आवासिय क्षेत्र
बरैनिया,9 गाउँ,105,आवासिय क्षेत्र
बरैनिया,9 गाउँ,106,आवासिय क्षेत्र
बरैनिया,9 गाउँ,107,आवासिय क्षेत्र
बरैनिया,9 गाउँ,113,आवासिय क्षेत्र
बरैनिया,9 गाउँ,114,आवासिय क्षेत्र
बरैनिया,9 गाउँ,115,आवासिय क्षेत्र
बरैनिया,9 गाउँ,116,आवासिय क्षेत्र
बरैनिया,9 गाउँ,117,आवासिय क्षेत्र
बरैनिया,9 गाउँ,118,आवासिय क्षेत्र
बरैनिया,9 गाउँ,119,आवासिय क्षेत्र
बरैनिया,9 गाउँ,120,आवासिय क्षेत्र
बरैनिया,9 गाउँ,121,आवासिय क्षेत्र
बरैनिया,9 गाउँ,122,आवासिय क्षेत्र
बरैनिया,9 गाउँ,123,आवासिय क्षेत्र
बरैनिया,9 गाउँ,124,आवासिय क्षेत्र
बरैनिया,9 गाउँ,202,आवासिय क्षेत्र
बरैनिया,9 गाउँ,203,आवासिय क्षेत्र
बरैनिया,9 गाउँ,204,आवासिय क्षेत्र
बरैनिया,9 गाउँ,205,आवासिय क्षेत्र
बरैनिया,9 गाउँ,208,आवासिय क्षेत्र
बरैनिया,9 गाउँ,209,आवासिय क्षेत्र
बरैनिया,9 गाउँ,218,आवासिय क्षेत्र
बरैनिया,9 गाउँ,219,आवासिय क्षेत्र
बरैनिया,9 गाउँ,220,आवासिय क्षेत्र
बरैनिया,9 गाउँ,221,आवासिय क्षेत्र
बरैनिया,9 गाउँ,222,आवासिय क्षेत्र
बरैनिया,9 गाउँ,223,आवासिय क्षेत्र
बरैनिया,9 गाउँ,224,आवासिय क्षेत्र
बरैनिया,9 गाउँ,225,आवासिय क्षेत्र
बरैनिया,9 गाउँ,226,आवासिय क्षेत्र
बरैनिया,9 गाउँ,227,आवासिय क्षेत्र
बरैनिया,9 गाउँ,228,आवासिय क्षेत्र
बरैनिया,9 गाउँ,520005,आवासिय क्षेत्र
बरैनिया,9 नहर,0,आवासिय क्षेत्र
बरैनिया,9 नहर,0,आवासिय क्षेत्र
बरैनिया,9 नहर,0,आवासिय क्षेत्र
बरैनिया,9 नहर,27,आवासिय क्षेत्र
बरैनिया,9 नहर,32,आवासिय क्षेत्र
बरैनिया,9 नहर,35,आवासिय क्षेत्र
बरैनिया,9 नहर,36,आवासिय क्षेत्र
बरैनिया,9 नहर,39,आवासिय क्षेत्र
बरैनिया,9 नहर,90,आवासिय क्षेत्र
बरैनिया,9 नहर,181,आवासिय क्षेत्र
बरैनिया,9 नहर,200,आवासिय क्षेत्र
बरैनिया,9 नहर,211,सार्वजनिक उपयोग क्षेत्र
बरैनिया,9 नहर,214,आवासिय क्षेत्र
बरैनिया,9 नहर,215,आवासिय क्षेत्र
बरैनिया,9 नहर,216,आवासिय क्षेत्र
बरैनिया,9 नहर,217,आवासिय क्षेत्र
बरैनिया,9 नहर,219,आवासिय क्षेत्र
बरैनिया,9 नहर,221,आवासिय क्षेत्र
बरैनिया,9 नहर,222,आवासिय क्षेत्र
बरैनिया,9 नहर,223,आवासिय क्षेत्र
बरैनिया,9 नहर,224,आवासिय क्षेत्र
बरैनिया,9 नहर,225,आवासिय क्षेत्र
बरैनिया,9 नहर,226,आवासिय क्षेत्र
बरैनिया,9 नहर,231,आवासिय क्षेत्र
बरैनिया,9 नहर,232,आवासिय क्षेत्र
बरैनिया,9 नहर,236,आवासिय क्षेत्र
बरैनिया,9 नहर,240,आवासिय क्षेत्र
बरैनिया,9 नहर,241,आवासिय क्षेत्र
बरैनिया,9 नहर,242,आवासिय क्षेत्र
बरैनिया,9 नहर,243,आवासिय क्षेत्र
बरैनिया,9 नहर,244,आवासिय क्षेत्र
बरैनिया,9 नहर,246,आवासिय क्षेत्र
बरैनिया,9 नहर,247,आवासिय क्षेत्र
बरैनिया,9 नहर,249,आवासिय क्षेत्र
बरैनिया,9 नहर,250,आवासिय क्षेत्र
बरैनिया,9 नहर,253,आवासिय क्षेत्र
बरैनिया,9 नहर,255,आवासिय क्षेत्र
बरैनिया,9 नहर,264,आवासिय क्षेत्र
बरैनिया,9 नहर,265,आवासिय क्षेत्र
बरैनिया,9 नहर,266,आवासिय क्षेत्र
बरैनिया,9 नहर,267,आवासिय क्षेत्र
बरैनिया,9 नहर,268,आवासिय क्षेत्र
बरैनिया,9 नहर,269,आवासिय क्षेत्र
बरैनिया,9 नहर,270,आवासिय क्षेत्र
बरैनिया,9 नहर,271,आवासिय क्षेत्र
बरैनिया,9 नहर,272,आवासिय क्षेत्र
बरैनिया,9 नहर,273,आवासिय क्षेत्र
बरैनिया,9 नहर,274,आवासिय क्षेत्र
बरैनिया,9 नहर,276,आवासिय क्षेत्र
बरैनिया,9 नहर,277,आवासिय क्षेत्र
बरैनिया,9 नहर,278,आवासिय क्षेत्र
बरैनिया,9 नहर,279,आवासिय क्षेत्र
बरैनिया,9 नहर,280,आवासिय क्षेत्र
बरैनिया,9 नहर,282,आवासिय क्षेत्र
बरैनिया,9 नहर,438,आवासिय क्षेत्र
बरैनिया,9 नहर,439,आवासिय क्षेत्र
बरैनिया,9 नहर,440,आवासिय क्षेत्र
बरैनिया,9 नहर,441,आवासिय क्षेत्र
बरैनिया,9 नहर,442,आवासिय क्षेत्र
बरैनिया,9 नहर,479,आवासिय क्षेत्र
बरैनिया,9 नहर,480,आवासिय क्षेत्र
बरैनिया,9 नहर,487,आवासिय क्षेत्र
बरैनिया,9 नहर,528,आवासिय क्षेत्र
बरैनिया,9 नहर,529,आवासिय क्षेत्र
बरैनिया,9 नहर,539,आवासिय क्षेत्र
बरैनिया,9 नहर,540,आवासिय क्षेत्र
बरैनिया,9 नहर,563,आवासिय क्षेत्र
बरैनिया,9 नहर,564,आवासिय क्षेत्र
बरैनिया,9 नहर,601,आवासिय क्षेत्र
बरैनिया,9 नहर,602,आवासिय क्षेत्र
बरैनिया,9 नहर,605,आवासिय क्षेत्र
बरैनिया,9 नहर,606,आवासिय क्षेत्र
बरैनिया,9 नहर,619,आवासिय क्षेत्र
बरैनिया,9 नहर,620,आवासिय क्षेत्र
बरैनिया,9 नहर,761,आवासिय क्षेत्र
बरैनिया,9 नहर,762,आवासिय क्षेत्र
बरैनिया,9 नहर,763,आवासिय क्षेत्र
बरैनिया,9 नहर,764,आवासिय क्षेत्र
बरैनिया,9 नहर,767,आवासिय क्षेत्र
बरैनिया,9 नहर,773,आवासिय क्षेत्र
बरैनिया,9 नहर,774,आवासिय क्षेत्र
बरैनिया,9 नहर,779,आवासिय क्षेत्र
बरैनिया,9 नहर,793,आवासिय क्षेत्र
बरैनिया,9 नहर,794,आवासिय क्षेत्र
बरैनिया,9 नहर,805,आवासिय क्षेत्र
बरैनिया,9 नहर,806,आवासिय क्षेत्र
बरैनिया,9 नहर,807,आवासिय क्षेत्र
बरैनिया,9 नहर,808,आवासिय क्षेत्र
बरैनिया,9 नहर,815,आवासिय क्षेत्र
बरैनिया,9 नहर,816,आवासिय क्षेत्र
बरैनिया,9 नहर,817,आवासिय क्षेत्र
बरैनिया,9 नहर,818,आवासिय क्षेत्र
बरैनिया,9 नहर,2333,आवासिय क्षेत्र
बरैनिया,9 नहर,99999,आवासिय क्षेत्र
बिश्मभरपुर,9,154,आवासिय क्षेत्र
बिश्मभरपुर,9,159,कृषि क्षेत्र
बिश्मभरपुर,9,167,कृषि क्षेत्र
बिश्मभरपुर,9,180,कृषि क्षेत्र
बिश्मभरपुर,9,181,कृषि क्षेत्र
बिश्मभरपुर,9,184,कृषि क्षेत्र
बिश्मभरपुर,9,185,कृषि क्षेत्र
बिश्मभरपुर,9,188,कृषि क्षेत्र
बिश्मभरपुर,9,189,कृषि क्षेत्र
बिश्मभरपुर,9,192,कृषि क्षेत्र
बिश्मभरपुर,9,193,कृषि क्षेत्र
बिश्मभरपुर,9,195,कृषि क्षेत्र
बिश्मभरपुर,9,196,कृषि क्षेत्र
बिश्मभरपुर,9,197,कृषि क्षेत्र
बिश्मभरपुर,9,198,कृषि क्षेत्र
बिश्मभरपुर,9,198,कृषि क्षेत्र
बिश्मभरपुर,9,199,कृषि क्षेत्र
बिश्मभरपुर,9,199,कृषि क्षेत्र
बिश्मभरपुर,9,203,कृषि क्षेत्र
बिश्मभरपुर,9,204,कृषि क्षेत्र
बिश्मभरपुर,9,205,कृषि क्षेत्र
बिश्मभरपुर,9,206,कृषि क्षेत्र
बिश्मभरपुर,9,213,कृषि क्षेत्र
बिश्मभरपुर,9,216,कृषि क्षेत्र
बिश्मभरपुर,9,218,कृषि क्षेत्र
बिश्मभरपुर,9,218,कृषि क्षेत्र
बिश्मभरपुर,9,219,कृषि क्षेत्र
बिश्मभरपुर,9,221,कृषि क्षेत्र
बिश्मभरपुर,9,225,कृषि क्षेत्र
बिश्मभरपुर,9,225,कृषि क्षेत्र
बिश्मभरपुर,9,226,कृषि क्षेत्र
बिश्मभरपुर,9,226,कृषि क्षेत्र
बिश्मभरपुर,9,227,कृषि क्षेत्र
बिश्मभरपुर,9,228,कृषि क्षेत्र
बिश्मभरपुर,9,229,कृषि क्षेत्र
बिश्मभरपुर,9,231,कृषि क्षेत्र
बिश्मभरपुर,9,232,कृषि क्षेत्र
बिश्मभरपुर,9,236,कृषि क्षेत्र
बिश्मभरपुर,9,247,कृषि क्षेत्र
बिश्मभरपुर,9,248,कृषि क्षेत्र
बिश्मभरपुर,9,257,कृषि क्षेत्र
बिश्मभरपुर,9,260,कृषि क्षेत्र
बिश्मभरपुर,9,261,आवासिय क्षेत्र
बिश्मभरपुर,9,263,आवासिय क्षेत्र
बिश्मभरपुर,9,263,कृषि क्षेत्र
बिश्मभरपुर,9,264,आवासिय क्षेत्र
बिश्मभरपुर,9,264,कृषि क्षेत्र
बिश्मभरपुर,9,265,आवासिय क्षेत्र
बिश्मभरपुर,9,265,कृषि क्षेत्र
बिश्मभरपुर,9,266,आवासिय क्षेत्र
बिश्मभरपुर,9,268,कृषि क्षेत्र
बिश्मभरपुर,9,270,कृषि क्षेत्र
बिश्मभरपुर,9,273,आवासिय क्षेत्र
बिश्मभरपुर,9,275,कृषि क्षेत्र
बिश्मभरपुर,9,282,आवासिय क्षेत्र
बिश्मभरपुर,9,288,कृषि क्षेत्र
बिश्मभरपुर,9,297,कृषि क्षेत्र
बिश्मभरपुर,9,298,कृषि क्षेत्र
बिश्मभरपुर,9,304,कृषि क्षेत्र
बिश्मभरपुर,9,306,कृषि क्षेत्र
बिश्मभरपुर,9,307,कृषि क्षेत्र
बिश्मभरपुर,9,308,कृषि क्षेत्र
बिश्मभरपुर,9,309,आवासिय क्षेत्र
बिश्मभरपुर,9,310,आवासिय क्षेत्र
बिश्मभरपुर,9,312,आवासिय क्षेत्र
बिश्मभरपुर,9,314,आवासिय क्षेत्र
बिश्मभरपुर,9,316,कृषि क्षेत्र
बिश्मभरपुर,9,331,कृषि क्षेत्र
बिश्मभरपुर,9,339,आवासिय क्षेत्र
बिश्मभरपुर,9,341,कृषि क्षेत्र
बिश्मभरपुर,9,342,आवासिय क्षेत्र
बिश्मभरपुर,9,344,आवासिय क्षेत्र
बिश्मभरपुर,9,345,आवासिय क्षेत्र
बिश्मभरपुर,9,346,कृषि क्षेत्र
बिश्मभरपुर,9,349,आवासिय क्षेत्र
बिश्मभरपुर,9,352,आवासिय क्षेत्र
बिश्मभरपुर,9,352,कृषि क्षेत्र
बिश्मभरपुर,9,353,आवासिय क्षेत्र
बिश्मभरपुर,9,354,कृषि क्षेत्र
बिश्मभरपुर,9,355,कृषि क्षेत्र
बिश्मभरपुर,9,358,कृषि क्षेत्र
बिश्मभरपुर,9,358,कृषि क्षेत्र
बिश्मभरपुर,9,359,आवासिय क्षेत्र
बिश्मभरपुर,9,362,कृषि क्षेत्र
बिश्मभरपुर,9,363,कृषि क्षेत्र
बिश्मभरपुर,9,363,कृषि क्षेत्र
बिश्मभरपुर,9,363,कृषि क्षेत्र
बिश्मभरपुर,9,365,कृषि क्षेत्र
बिश्मभरपुर,9,370,कृषि क्षेत्र
बिश्मभरपुर,9,371,कृषि क्षेत्र
बिश्मभरपुर,9,372,कृषि क्षेत्र
बिश्मभरपुर,9,373,कृषि क्षेत्र
बिश्मभरपुर,9,374,कृषि क्षेत्र
बिश्मभरपुर,9,375,कृषि क्षेत्र
बिश्मभरपुर,9,376,कृषि क्षेत्र
बिश्मभरपुर,9,377,कृषि क्षेत्र
बिश्मभरपुर,9,379,कृषि क्षेत्र
बिश्मभरपुर,9,381,कृषि क्षेत्र
बिश्मभरपुर,9,382,कृषि क्षेत्र
बिश्मभरपुर,9,384,कृषि क्षेत्र
बिश्मभरपुर,9,385,कृषि क्षेत्र
बिश्मभरपुर,9,386,कृषि क्षेत्र
बिश्मभरपुर,9,387,कृषि क्षेत्र
बिश्मभरपुर,9,388,कृषि क्षेत्र
बिश्मभरपुर,9,393,कृषि क्षेत्र
बिश्मभरपुर,9,399,कृषि क्षेत्र
बिश्मभरपुर,9,400,कृषि क्षेत्र
बिश्मभरपुर,9,402,कृषि क्षेत्र
बिश्मभरपुर,9,403,कृषि क्षेत्र
बिश्मभरपुर,9,405,कृषि क्षेत्र
बिश्मभरपुर,9,406,कृषि क्षेत्र
बिश्मभरपुर,9,407,कृषि क्षेत्र
बिश्मभरपुर,9,408,कृषि क्षेत्र
बिश्मभरपुर,9,414,आवासिय क्षेत्र
बिश्मभरपुर,9,415,आवासिय क्षेत्र
बिश्मभरपुर,9,421,कृषि क्षेत्र
बिश्मभरपुर,9,424,कृषि क्षेत्र
बिश्मभरपुर,9,425,कृषि क्षेत्र
बिश्मभरपुर,9,426,कृषि क्षेत्र
बिश्मभरपुर,9,427,कृषि क्षेत्र
बिश्मभरपुर,9,428,कृषि क्षेत्र
बिश्मभरपुर,9,429,कृषि क्षेत्र
बिश्मभरपुर,9,430,कृषि क्षेत्र
बिश्मभरपुर,9,431,कृषि क्षेत्र
बिश्मभरपुर,9,432,कृषि क्षेत्र
बिश्मभरपुर,9,433,कृषि क्षेत्र
बिश्मभरपुर,9,434,कृषि क्षेत्र
बिश्मभरपुर,9,435,कृषि क्षेत्र
बिश्मभरपुर,9,436,कृषि क्षेत्र
बिश्मभरपुर,9,437,कृषि क्षेत्र
बिश्मभरपुर,9,438,कृषि क्षेत्र
बिश्मभरपुर,9,440,आवासिय क्षेत्र
बिश्मभरपुर,9,441,आवासिय क्षेत्र
बिश्मभरपुर,9,447,कृषि क्षेत्र
बिश्मभरपुर,9,448,कृषि क्षेत्र
बिश्मभरपुर,9,449,कृषि क्षेत्र
बिश्मभरपुर,9,452,कृषि क्षेत्र
बिश्मभरपुर,9,458,कृषि क्षेत्र
बिश्मभरपुर,9,460,कृषि क्षेत्र
बिश्मभरपुर,9,465,कृषि क्षेत्र
बिश्मभरपुर,9,466,कृषि क्षेत्र
बिश्मभरपुर,9,472,कृषि क्षेत्र
बिश्मभरपुर,9,476,आवासिय क्षेत्र
बिश्मभरपुर,9,478,आवासिय क्षेत्र
बिश्मभरपुर,9,479,कृषि क्षेत्र
बिश्मभरपुर,9,480,कृषि क्षेत्र
बिश्मभरपुर,9,481,कृषि क्षेत्र
बिश्मभरपुर,9,482,कृषि क्षेत्र
बिश्मभरपुर,9,486,कृषि क्षेत्र
बिश्मभरपुर,9,487,आवासिय क्षेत्र
बिश्मभरपुर,9,489,आवासिय क्षेत्र
बिश्मभरपुर,9,490,आवासिय क्षेत्र
बिश्मभरपुर,9,492,आवासिय क्षेत्र
बिश्मभरपुर,9,494,आवासिय क्षेत्र
बिश्मभरपुर,9,495,आवासिय क्षेत्र
बिश्मभरपुर,9,496,आवासिय क्षेत्र
बिश्मभरपुर,9,497,आवासिय क्षेत्र
बिश्मभरपुर,9,502,आवासिय क्षेत्र
बिश्मभरपुर,9,503,आवासिय क्षेत्र
बिश्मभरपुर,9,504,आवासिय क्षेत्र
बिश्मभरपुर,9,504,आवासिय क्षेत्र
बिश्मभरपुर,9,506,आवासिय क्षेत्र
बिश्मभरपुर,9,507,आवासिय क्षेत्र
बिश्मभरपुर,9,510,आवासिय क्षेत्र
बिश्मभरपुर,9,511,आवासिय क्षेत्र
बिश्मभरपुर,9,512,आवासिय क्षेत्र
बिश्मभरपुर,9,513,आवासिय क्षेत्र
बिश्मभरपुर,9,514,आवासिय क्षेत्र
बिश्मभरपुर,9,516,आवासिय क्षेत्र
बिश्मभरपुर,9,517,आवासिय क्षेत्र
बिश्मभरपुर,9,524,आवासिय क्षेत्र
बिश्मभरपुर,9,526,आवासिय क्षेत्र
बिश्मभरपुर,9,533,कृषि क्षेत्र
बिश्मभरपुर,9,539,कृषि क्षेत्र
बिश्मभरपुर,9,540,कृषि क्षेत्र
बिश्मभरपुर,9,545,कृषि क्षेत्र
बिश्मभरपुर,9,546,कृषि क्षेत्र
बिश्मभरपुर,9,551,कृषि क्षेत्र
बिश्मभरपुर,9,552,"नदी, खोला, ताल, सिमसार क्षेत्र"
बिश्मभरपुर,9,553,"नदी, खोला, ताल, सिमसार क्षेत्र"
बिश्मभरपुर,9,554,कृषि क्षेत्र
बिश्मभरपुर,9,555,"नदी, खोला, ताल, सिमसार क्षेत्र"
बिश्मभरपुर,9,558,कृषि क्षेत्र
बिश्मभरपुर,9,569,कृषि क्षेत्र
बिश्मभरपुर,9,570,कृषि क्षेत्र
बिश्मभरपुर,9,571,कृषि क्षेत्र
बिश्मभरपुर,9,572,कृषि क्षेत्र
बिश्मभरपुर,9,576,कृषि क्षेत्र
बिश्मभरपुर,9,577,आवासिय क्षेत्र
बिश्मभरपुर,9,578,आवासिय क्षेत्र
बिश्मभरपुर,9,579,आवासिय क्षेत्र
बिश्मभरपुर,9,580,आवासिय क्षेत्र
बिश्मभरपुर,9,582,आवासिय क्षेत्र
बिश्मभरपुर,9,583,आवासिय क्षेत्र
बिश्मभरपुर,9,584,आवासिय क्षेत्र
बिश्मभरपुर,9,585,आवासिय क्षेत्र
बिश्मभरपुर,9,589,आवासिय क्षेत्र
बिश्मभरपुर,9,593,आवासिय क्षेत्र
बिश्मभरपुर,9,594,आवासिय क्षेत्र
बिश्मभरपुर,9,595,कृषि क्षेत्र
बिश्मभरपुर,9,596,आवासिय क्षेत्र
बिश्मभरपुर,9,597,आवासिय क्षेत्र
बिश्मभरपुर,9,598,आवासिय क्षेत्र
बिश्मभरपुर,9,599,आवासिय क्षेत्र
बिश्मभरपुर,9,600,आवासिय क्षेत्र
बिश्मभरपुर,9,607,कृषि क्षेत्र
बिश्मभरपुर,9,608,कृषि क्षेत्र
बिश्मभरपुर,9,613,कृषि क्षेत्र
बिश्मभरपुर,9,614,कृषि क्षेत्र
बिश्मभरपुर,9,615,कृषि क्षेत्र
बिश्मभरपुर,9,616,कृषि क्षेत्र
बिश्मभरपुर,9,622,कृषि क्षेत्र
बिश्मभरपुर,9,623,कृषि क्षेत्र
बिश्मभरपुर,9,626,आवासिय क्षेत्र
बिश्मभरपुर,9,628,कृषि क्षेत्र
बिश्मभरपुर,9,630,कृषि क्षेत्र
बिश्मभरपुर,9,631,कृषि क्षेत्र
बिश्मभरपुर,9,633,कृषि क्षेत्र
बिश्मभरपुर,9,645,कृषि क्षेत्र
बिश्मभरपुर,9,646,कृषि क्षेत्र
बिश्मभरपुर,9,647,कृषि क्षेत्र
बिश्मभरपुर,9,648,कृषि क्षेत्र
बिश्मभरपुर,9,648,कृषि क्षेत्र
बिश्मभरपुर,9,648,कृषि क्षेत्र
बिश्मभरपुर,9,648,कृषि क्षेत्र
बिश्मभरपुर,9,648,कृषि क्षेत्र
बिश्मभरपुर,9,648,कृषि क्षेत्र
बिश्मभरपुर,9,650,कृषि क्षेत्र
बिश्मभरपुर,9,651,कृषि क्षेत्र
बिश्मभरपुर,9,657,कृषि क्षेत्र
बिश्मभरपुर,9,658,कृषि क्षेत्र
बिश्मभरपुर,9,659,कृषि क्षेत्र
बिश्मभरपुर,9,661,कृषि क्षेत्र
बिश्मभरपुर,9,669,कृषि क्षेत्र
बिश्मभरपुर,9,670,कृषि क्षेत्र
बिश्मभरपुर,9,671,कृषि क्षेत्र
बिश्मभरपुर,9,675,कृषि क्षेत्र
बिश्मभरपुर,9,676,कृषि क्षेत्र
बिश्मभरपुर,9,677,कृषि क्षेत्र
बिश्मभरपुर,9,678,कृषि क्षेत्र
बिश्मभरपुर,9,693,कृषि क्षेत्र
बिश्मभरपुर,9,694,कृषि क्षेत्र
बिश्मभरपुर,9,703,कृषि क्षेत्र
बिश्मभरपुर,9,704,कृषि क्षेत्र
बिश्मभरपुर,9,707,कृषि क्षेत्र
बिश्मभरपुर,9,711,कृषि क्षेत्र
बिश्मभरपुर,9,712,कृषि क्षेत्र
बिश्मभरपुर,9,717,कृषि क्षेत्र
बिश्मभरपुर,9,724,आवासिय क्षेत्र
बिश्मभरपुर,9,725,आवासिय क्षेत्र
बिश्मभरपुर,9,726,आवासिय क्षेत्र
बिश्मभरपुर,9,727,आवासिय क्षेत्र
बिश्मभरपुर,9,728,आवासिय क्षेत्र
बिश्मभरपुर,9,732,कृषि क्षेत्र
बिश्मभरपुर,9,733,कृषि क्षेत्र
बिश्मभरपुर,9,762,आवासिय क्षेत्र
बिश्मभरपुर,9,770,कृषि क्षेत्र
बिश्मभरपुर,9,771,कृषि क्षेत्र
बिश्मभरपुर,9,772,कृषि क्षेत्र
बिश्मभरपुर,9,773,कृषि क्षेत्र
बिश्मभरपुर,9,773,कृषि क्षेत्र
बिश्मभरपुर,9,783,कृषि क्षेत्र
बिश्मभरपुर,9,784,कृषि क्षेत्र
बिश्मभरपुर,9,794,आवासिय क्षेत्र
बिश्मभरपुर,9,801,आवासिय क्षेत्र
बिश्मभरपुर,9,802,आवासिय क्षेत्र
बिश्मभरपुर,9,803,आवासिय क्षेत्र
बिश्मभरपुर,9,804,आवासिय क्षेत्र
बिश्मभरपुर,9,805,आवासिय क्षेत्र
बिश्मभरपुर,9,806,आवासिय क्षेत्र
बिश्मभरपुर,9,807,आवासिय क्षेत्र
बिश्मभरपुर,9,809,आवासिय क्षेत्र
बिश्मभरपुर,9,816,आवासिय क्षेत्र
बिश्मभरपुर,9,819,आवासिय क्षेत्र
बिश्मभरपुर,9,822,कृषि क्षेत्र
बिश्मभरपुर,9,823,कृषि क्षेत्र
बिश्मभरपुर,9,823,कृषि क्षेत्र
बिश्मभरपुर,9,824,कृषि क्षेत्र
बिश्मभरपुर,9,824,कृषि क्षेत्र
बिश्मभरपुर,9,825,कृषि क्षेत्र
बिश्मभरपुर,9,826,कृषि क्षेत्र
बिश्मभरपुर,9,830,आवासिय क्षेत्र
बिश्मभरपुर,9,831,कृषि क्षेत्र
बिश्मभरपुर,9,831,कृषि क्षेत्र
बिश्मभरपुर,9,832,कृषि क्षेत्र
बिश्मभरपुर,9,833,कृषि क्षेत्र
बिश्मभरपुर,9,842,कृषि क्षेत्र
बिश्मभरपुर,9,843,कृषि क्षेत्र
बिश्मभरपुर,9,898,कृषि क्षेत्र
बिश्मभरपुर,9,899,कृषि क्षेत्र
बिश्मभरपुर,9,905,आवासिय क्षेत्र
बिश्मभरपुर,9,906,आवासिय क्षेत्र
बिश्मभरपुर,9,908,कृषि क्षेत्र
बिश्मभरपुर,9,909,कृषि क्षेत्र
बिश्मभरपुर,9,910,कृषि क्षेत्र
बिश्मभरपुर,9,911,कृषि क्षेत्र
बिश्मभरपुर,9,912,कृषि क्षेत्र
बिश्मभरपुर,9,913,कृषि क्षेत्र
बिश्मभरपुर,9,914,कृषि क्षेत्र
बिश्मभरपुर,9,915,कृषि क्षेत्र
बिश्मभरपुर,9,916,कृषि क्षेत्र
बिश्मभरपुर,9,917,कृषि क्षेत्र
बिश्मभरपुर,9,918,कृषि क्षेत्र
बिश्मभरपुर,9,922,कृषि क्षेत्र
बिश्मभरपुर,9,925,कृषि क्षेत्र
बिश्मभरपुर,9,926,कृषि क्षेत्र
बिश्मभरपुर,9,928,कृषि क्षेत्र
बिश्मभरपुर,9,935,कृषि क्षेत्र
बिश्मभरपुर,9,936,कृषि क्षेत्र
बिश्मभरपुर,9,939,कृषि क्षेत्र
बिश्मभरपुर,9,942,कृषि क्षेत्र
बिश्मभरपुर,9,943,कृषि क्षेत्र
बिश्मभरपुर,9,945,कृषि क्षेत्र
बिश्मभरपुर,9,947,कृषि क्षेत्र
बिश्मभरपुर,9,948,कृषि क्षेत्र
बिश्मभरपुर,9,953,कृषि क्षेत्र
बिश्मभरपुर,9,954,कृषि क्षेत्र
बिश्मभरपुर,9,959,कृषि क्षेत्र
बिश्मभरपुर,9,960,कृषि क्षेत्र
बिश्मभरपुर,9,962,कृषि क्षेत्र
बिश्मभरपुर,9,963,कृषि क्षेत्र
बिश्मभरपुर,9,964,कृषि क्षेत्र
बिश्मभरपुर,9,965,आवासिय क्षेत्र
बिश्मभरपुर,9,966,आवासिय क्षेत्र
बिश्मभरपुर,9,972,कृषि क्षेत्र
बिश्मभरपुर,9,973,कृषि क्षेत्र
बिश्मभरपुर,9,973,कृषि क्षेत्र
बिश्मभरपुर,9,991,कृषि क्षेत्र
बिश्मभरपुर,9,992,कृषि क्षेत्र
बिश्मभरपुर,9,997,कृषि क्षेत्र
बिश्मभरपुर,9,998,कृषि क्षेत्र
बिश्मभरपुर,9,999,कृषि क्षेत्र
बिश्मभरपुर,9,1002,कृषि क्षेत्र
बिश्मभरपुर,9,1010,कृषि क्षेत्र
बिश्मभरपुर,9,1011,कृषि क्षेत्र
बिश्मभरपुर,9,1014,आवासिय क्षेत्र
बिश्मभरपुर,9,1031,कृषि क्षेत्र
बिश्मभरपुर,9,1032,कृषि क्षेत्र
बिश्मभरपुर,9,1034,आवासिय क्षेत्र
बिश्मभरपुर,9,1045,कृषि क्षेत्र
बिश्मभरपुर,9,1046,कृषि क्षेत्र
बिश्मभरपुर,9,1052,आवासिय क्षेत्र
बिश्मभरपुर,9,1052,कृषि क्षेत्र
बिश्मभरपुर,9,1077,कृषि क्षेत्र
बिश्मभरपुर,9,1078,कृषि क्षेत्र
बिश्मभरपुर,9,1083,आवासिय क्षेत्र
बिश्मभरपुर,9,1084,आवासिय क्षेत्र
बिश्मभरपुर,9,1095,कृषि क्षेत्र
बिश्मभरपुर,9,1096,कृषि क्षेत्र
बिश्मभरपुर,9,1097,कृषि क्षेत्र
बिश्मभरपुर,9,1098,कृषि क्षेत्र
बिश्मभरपुर,9,1113,कृषि क्षेत्र
बिश्मभरपुर,9,1114,कृषि क्षेत्र
बिश्मभरपुर,9,1120,आवासिय क्षेत्र
बिश्मभरपुर,9,1121,आवासिय क्षेत्र
बिश्मभरपुर,9,1127,कृषि क्षेत्र
बिश्मभरपुर,9,1128,कृषि क्षेत्र
बिश्मभरपुर,9,1129,कृषि क्षेत्र
बिश्मभरपुर,9,1130,कृषि क्षेत्र
बिश्मभरपुर,9,1131,कृषि क्षेत्र
बिश्मभरपुर,9,1133,कृषि क्षेत्र
बिश्मभरपुर,9,1139,कृषि क्षेत्र
बिश्मभरपुर,9,1142,कृषि क्षेत्र
बिश्मभरपुर,9,1143,कृषि क्षेत्र
बिश्मभरपुर,9,1144,कृषि क्षेत्र
बिश्मभरपुर,9,1145,कृषि क्षेत्र
बिश्मभरपुर,9,1146,आवासिय क्षेत्र
बिश्मभरपुर,9,1168,कृषि क्षेत्र
बिश्मभरपुर,9,1169,कृषि क्षेत्र
बिश्मभरपुर,9,1172,कृषि क्षेत्र
बिश्मभरपुर,9,1173,कृषि क्षेत्र
बिश्मभरपुर,9,1174,कृषि क्षेत्र
बिश्मभरपुर,9,1180,कृषि क्षेत्र
बिश्मभरपुर,9,1181,कृषि क्षेत्र
बिश्मभरपुर,9,1183,कृषि क्षेत्र
बिश्मभरपुर,9,1188,कृषि क्षेत्र
बिश्मभरपुर,9,1190,कृषि क्षेत्र
बिश्मभरपुर,9,1205,कृषि क्षेत्र
बिश्मभरपुर,9,1220,कृषि क्षेत्र
बिश्मभरपुर,9,1244,आवासिय क्षेत्र
बिश्मभरपुर,9,1245,आवासिय क्षेत्र
बिश्मभरपुर,9,1259,कृषि क्षेत्र
बिश्मभरपुर,9,1260,कृषि क्षेत्र
बिश्मभरपुर,9,1334,कृषि क्षेत्र
बिश्मभरपुर,9,1335,कृषि क्षेत्र
बिश्मभरपुर,9,1338,कृषि क्षेत्र
बिश्मभरपुर,9,1339,कृषि क्षेत्र
बिश्मभरपुर,9,1340,कृषि क्षेत्र
बिश्मभरपुर,9,1341,कृषि क्षेत्र
बिश्मभरपुर,9,1347,कृषि क्षेत्र
बिश्मभरपुर,9,1348,कृषि क्षेत्र
बिश्मभरपुर,9,1352,कृषि क्षेत्र
बिश्मभरपुर,9,1353,कृषि क्षेत्र
बिश्मभरपुर,9,1380,कृषि क्षेत्र
बिश्मभरपुर,9,1381,कृषि क्षेत्र
बिश्मभरपुर,9,1392,कृषि क्षेत्र
बिश्मभरपुर,9,1393,कृषि क्षेत्र
बिश्मभरपुर,9,1394,कृषि क्षेत्र
बिश्मभरपुर,9,1395,कृषि क्षेत्र
बिश्मभरपुर,9,1396,कृषि क्षेत्र
बिश्मभरपुर,9,1396,आवासिय क्षेत्र
बिश्मभरपुर,9,1397,आवासिय क्षेत्र
बिश्मभरपुर,9,1397,कृषि क्षेत्र
बिश्मभरपुर,9,1398,कृषि क्षेत्र
बिश्मभरपुर,9,1419,आवासिय क्षेत्र
बिश्मभरपुर,9,1428,कृषि क्षेत्र
बिश्मभरपुर,9,1433,कृषि क्षेत्र
बिश्मभरपुर,9,1440,कृषि क्षेत्र
बिश्मभरपुर,9,1441,कृषि क्षेत्र
बिश्मभरपुर,9,1442,कृषि क्षेत्र
बिश्मभरपुर,9,1443,कृषि क्षेत्र
बिश्मभरपुर,9,1445,कृषि क्षेत्र
बिश्मभरपुर,9,1455,कृषि क्षेत्र
बिश्मभरपुर,9,1456,कृषि क्षेत्र
बिश्मभरपुर,9,1488,आवासिय क्षेत्र
बिश्मभरपुर,9,1489,कृषि क्षेत्र
बिश्मभरपुर,9,1489,आवासिय क्षेत्र
बिश्मभरपुर,9,1494,कृषि क्षेत्र
बिश्मभरपुर,9,1495,कृषि क्षेत्र
बिश्मभरपुर,9,1498,कृषि क्षेत्र
बिश्मभरपुर,9,1499,कृषि क्षेत्र
बिश्मभरपुर,9,1500,कृषि क्षेत्र
बिश्मभरपुर,9,1519,आवासिय क्षेत्र
बिश्मभरपुर,9,1520,आवासिय क्षेत्र
बिश्मभरपुर,9,1559,कृषि क्षेत्र
बिश्मभरपुर,9,1560,कृषि क्षेत्र
बिश्मभरपुर,9,1561,कृषि क्षेत्र
बिश्मभरपुर,9,1562,कृषि क्षेत्र
बिश्मभरपुर,9,1563,कृषि क्षेत्र
बिश्मभरपुर,9,1565,कृषि क्षेत्र
बिश्मभरपुर,9,1571,आवासिय क्षेत्र
बिश्मभरपुर,9,1573,कृषि क्षेत्र
बिश्मभरपुर,9,1574,कृषि क्षेत्र
बिश्मभरपुर,9,1593,आवासिय क्षेत्र
बिश्मभरपुर,9,1594,कृषि क्षेत्र
बिश्मभरपुर,9,1598,कृषि क्षेत्र
बिश्मभरपुर,9,1599,कृषि क्षेत्र
बिश्मभरपुर,9,1603,कृषि क्षेत्र
बिश्मभरपुर,9,1604,कृषि क्षेत्र
बिश्मभरपुर,9,1605,कृषि क्षेत्र
बिश्मभरपुर,9,1613,कृषि क्षेत्र
बिश्मभरपुर,9,1614,कृषि क्षेत्र
बिश्मभरपुर,9,1617,आवासिय क्षेत्र
बिश्मभरपुर,9,1618,कृषि क्षेत्र
बिश्मभरपुर,9,1619,कृषि क्षेत्र
बिश्मभरपुर,9,1663,कृषि क्षेत्र
बिश्मभरपुर,9,1671,कृषि क्षेत्र
बिश्मभरपुर,9,1671,कृषि क्षेत्र
बिश्मभरपुर,9,1672,आवासिय क्षेत्र
बिश्मभरपुर,9,1681,आवासिय क्षेत्र
बिश्मभरपुर,9,1685,कृषि क्षेत्र
बिश्मभरपुर,9,1687,आवासिय क्षेत्र
बिश्मभरपुर,9,1688,आवासिय क्षेत्र
बिश्मभरपुर,9,1704,कृषि क्षेत्र
बिश्मभरपुर,9,1714,कृषि क्षेत्र
बिश्मभरपुर,9,1715,कृषि क्षेत्र
बिश्मभरपुर,9,1728,आवासिय क्षेत्र
बिश्मभरपुर,9,1744,कृषि क्षेत्र
बिश्मभरपुर,9,1745,कृषि क्षेत्र
बिश्मभरपुर,9,1746,कृषि क्षेत्र
बिश्मभरपुर,9,1754,कृषि क्षेत्र
बिश्मभरपुर,9,1755,कृषि क्षेत्र
बिश्मभरपुर,9,1784,कृषि क्षेत्र
बिश्मभरपुर,9,1785,कृषि क्षेत्र
बिश्मभरपुर,9,1786,कृषि क्षेत्र
बिश्मभरपुर,9,1787,कृषि क्षेत्र
बिश्मभरपुर,9,1788,कृषि क्षेत्र
बिश्मभरपुर,9,1791,कृषि क्षेत्र
बिश्मभरपुर,9,1792,कृषि क्षेत्र
बिश्मभरपुर,9,1793,कृषि क्षेत्र
बिश्मभरपुर,9,1794,कृषि क्षेत्र
बिश्मभरपुर,9,1795,कृषि क्षेत्र
बिश्मभरपुर,9,1796,कृषि क्षेत्र
बिश्मभरपुर,9,1797,आवासिय क्षेत्र
बिश्मभरपुर,9,1798,आवासिय क्षेत्र
बिश्मभरपुर,9,1809,आवासिय क्षेत्र
बिश्मभरपुर,9,1810,आवासिय क्षेत्र
बिश्मभरपुर,9,1840,कृषि क्षेत्र
बिश्मभरपुर,9,1841,कृषि क्षेत्र
बिश्मभरपुर,9,1848,"नदी, खोला, ताल, सिमसार क्षेत्र"
बिश्मभरपुर,9,1849,कृषि क्षेत्र
बिश्मभरपुर,9,1853,कृषि क्षेत्र
बिश्मभरपुर,9,1854,कृषि क्षेत्र
बिश्मभरपुर,9,1877,आवासिय क्षेत्र
बिश्मभरपुर,9,1878,कृषि क्षेत्र
बिश्मभरपुर,9,1894,आवासिय क्षेत्र
बिश्मभरपुर,9,1895,कृषि क्षेत्र
बिश्मभरपुर,9,1912,कृषि क्षेत्र
बिश्मभरपुर,9,1916,कृषि क्षेत्र
बिश्मभरपुर,9,1925,आवासिय क्षेत्र
बिश्मभरपुर,9,1926,आवासिय क्षेत्र
बिश्मभरपुर,9,1928,कृषि क्षेत्र
बिश्मभरपुर,9,1937,कृषि क्षेत्र
बिश्मभरपुर,9,1938,आवासिय क्षेत्र
बिश्मभरपुर,9,1945,आवासिय क्षेत्र
बिश्मभरपुर,9,1947,कृषि क्षेत्र
बिश्मभरपुर,9,1948,कृषि क्षेत्र
बिश्मभरपुर,9,1949,कृषि क्षेत्र
बिश्मभरपुर,9,1950,कृषि क्षेत्र
बिश्मभरपुर,9,1951,कृषि क्षेत्र
बिश्मभरपुर,9,1952,कृषि क्षेत्र
बिश्मभरपुर,9,1953,कृषि क्षेत्र
बिश्मभरपुर,9,1954,कृषि क्षेत्र
बिश्मभरपुर,9,1958,आवासिय क्षेत्र
बिश्मभरपुर,9,1959,आवासिय क्षेत्र
बिश्मभरपुर,9,1962,कृषि क्षेत्र
बिश्मभरपुर,9,1963,कृषि क्षेत्र
बिश्मभरपुर,9,1964,कृषि क्षेत्र
बिश्मभरपुर,9,1965,कृषि क्षेत्र
बिश्मभरपुर,9,1979,कृषि क्षेत्र
बिश्मभरपुर,9,2011,आवासिय क्षेत्र
बिश्मभरपुर,9,2012,आवासिय क्षेत्र
बिश्मभरपुर,9,2032,कृषि क्षेत्र
बिश्मभरपुर,9,2041,कृषि क्षेत्र
बिश्मभरपुर,9,2046,कृषि क्षेत्र
बिश्मभरपुर,9,2047,कृषि क्षेत्र
बिश्मभरपुर,9,2054,आवासिय क्षेत्र
बिश्मभरपुर,9,2055,आवासिय क्षेत्र
बिश्मभरपुर,9,2057,आवासिय क्षेत्र
बिश्मभरपुर,9,2058,आवासिय क्षेत्र
बिश्मभरपुर,9,2072,आवासिय क्षेत्र
बिश्मभरपुर,9,2076,कृषि क्षेत्र
बिश्मभरपुर,9,2077,कृषि क्षेत्र
बिश्मभरपुर,9,2119,कृषि क्षेत्र
बिश्मभरपुर,9,2120,कृषि क्षेत्र
बिश्मभरपुर,9,2121,कृषि क्षेत्र
बिश्मभरपुर,9,2134,कृषि क्षेत्र
बिश्मभरपुर,9,2135,आवासिय क्षेत्र
बिश्मभरपुर,9,2142,आवासिय क्षेत्र
बिश्मभरपुर,9,2143,आवासिय क्षेत्र
बिश्मभरपुर,9,2163,कृषि क्षेत्र
बिश्मभरपुर,9,2164,कृषि क्षेत्र
बिश्मभरपुर,9,2169,आवासिय क्षेत्र
बिश्मभरपुर,9,2170,आवासिय क्षेत्र
बिश्मभरपुर,9,2171,आवासिय क्षेत्र
बिश्मभरपुर,9,2176,कृषि क्षेत्र
बिश्मभरपुर,9,2177,कृषि क्षेत्र
बिश्मभरपुर,9,2180,कृषि क्षेत्र
बिश्मभरपुर,9,2186,कृषि क्षेत्र
बिश्मभरपुर,9,2187,कृषि क्षेत्र
बिश्मभरपुर,9,2206,आवासिय क्षेत्र
बिश्मभरपुर,9,2207,आवासिय क्षेत्र
बिश्मभरपुर,9,2210,कृषि क्षेत्र
बिश्मभरपुर,9,2211,कृषि क्षेत्र
बिश्मभरपुर,9,2212,कृषि क्षेत्र
बिश्मभरपुर,9,2224,आवासिय क्षेत्र
बिश्मभरपुर,9,2225,आवासिय क्षेत्र
बिश्मभरपुर,9,2226,आवासिय क्षेत्र
बिश्मभरपुर,9,2237,कृषि क्षेत्र
बिश्मभरपुर,9,2259,कृषि क्षेत्र
बिश्मभरपुर,9,2263,आवासिय क्षेत्र
बिश्मभरपुर,9,2264,आवासिय क्षेत्र
बिश्मभरपुर,9,2265,आवासिय क्षेत्र
बिश्मभरपुर,9,2268,कृषि क्षेत्र
बिश्मभरपुर,9,2269,कृषि क्षेत्र
बिश्मभरपुर,9,2270,कृषि क्षेत्र
बिश्मभरपुर,9,2271,कृषि क्षेत्र
बिश्मभरपुर,9,2272,कृषि क्षेत्र
बिश्मभरपुर,9,2279,कृषि क्षेत्र
बिश्मभरपुर,9,2280,कृषि क्षेत्र
बिश्मभरपुर,9,2281,कृषि क्षेत्र
बिश्मभरपुर,9,2282,कृषि क्षेत्र
बिश्मभरपुर,9,2283,कृषि क्षेत्र
बिश्मभरपुर,9,2284,कृषि क्षेत्र
बिश्मभरपुर,9,2285,कृषि क्षेत्र
बिश्मभरपुर,9,2286,कृषि क्षेत्र
बिश्मभरपुर,9,2287,कृषि क्षेत्र
बिश्मभरपुर,9,2288,कृषि क्षेत्र
बिश्मभरपुर,9,2289,कृषि क्षेत्र
बिश्मभरपुर,9,2290,कृषि क्षेत्र
बिश्मभरपुर,9,2291,कृषि क्षेत्र
बिश्मभरपुर,9,2292,कृषि क्षेत्र
बिश्मभरपुर,9,2293,आवासिय क्षेत्र
बिश्मभरपुर,9,2294,आवासिय क्षेत्र
बिश्मभरपुर,9,2294,आवासिय क्षेत्र
बिश्मभरपुर,9,2297,आवासिय क्षेत्र
बिश्मभरपुर,9,2298,आवासिय क्षेत्र
बिश्मभरपुर,9,2299,आवासिय क्षेत्र
बिश्मभरपुर,9,2300,आवासिय क्षेत्र
बिश्मभरपुर,9,2301,आवासिय क्षेत्र
बिश्मभरपुर,9,2302,आवासिय क्षेत्र
बिश्मभरपुर,9,2314,कृषि क्षेत्र
बिश्मभरपुर,9,2315,कृषि क्षेत्र
बिश्मभरपुर,9,2316,कृषि क्षेत्र
बिश्मभरपुर,9,2317,कृषि क्षेत्र
बिश्मभरपुर,9,2318,कृषि क्षेत्र
बिश्मभरपुर,9,2320,कृषि क्षेत्र
बिश्मभरपुर,9,2325,आवासिय क्षेत्र
बिश्मभरपुर,9,2326,आवासिय क्षेत्र
बिश्मभरपुर,9,2327,आवासिय क्षेत्र
बिश्मभरपुर,9,2328,कृषि क्षेत्र
बिश्मभरपुर,9,2329,कृषि क्षेत्र
बिश्मभरपुर,9,2343,आवासिय क्षेत्र
बिश्मभरपुर,9,2344,आवासिय क्षेत्र
बिश्मभरपुर,9,2345,आवासिय क्षेत्र
बिश्मभरपुर,9,2347,कृषि क्षेत्र
बिश्मभरपुर,9,2349,कृषि क्षेत्र
बिश्मभरपुर,9,2350,कृषि क्षेत्र
बिश्मभरपुर,9,2377,आवासिय क्षेत्र
बिश्मभरपुर,9,2378,आवासिय क्षेत्र
बिश्मभरपुर,9,2379,कृषि क्षेत्र
बिश्मभरपुर,9,2380,कृषि क्षेत्र
बिश्मभरपुर,9,2390,कृषि क्षेत्र
बिश्मभरपुर,9,2391,कृषि क्षेत्र
बिश्मभरपुर,9,2405,कृषि क्षेत्र
बिश्मभरपुर,9,2406,कृषि क्षेत्र
बिश्मभरपुर,9,2407,कृषि क्षेत्र
बिश्मभरपुर,9,2408,कृषि क्षेत्र
बिश्मभरपुर,9,2409,कृषि क्षेत्र
बिश्मभरपुर,9,2410,कृषि क्षेत्र
बिश्मभरपुर,9,2411,कृषि क्षेत्र
बिश्मभरपुर,9,2412,कृषि क्षेत्र
बिश्मभरपुर,9,2413,कृषि क्षेत्र
बिश्मभरपुर,9,2414,कृषि क्षेत्र
बिश्मभरपुर,9,2418,आवासिय क्षेत्र
बिश्मभरपुर,9,2419,आवासिय क्षेत्र
बिश्मभरपुर,9,2421,आवासिय क्षेत्र
बिश्मभरपुर,9,2422,आवासिय क्षेत्र
बिश्मभरपुर,9,2423,कृषि क्षेत्र
बिश्मभरपुर,9,2424,कृषि क्षेत्र
बिश्मभरपुर,9,2425,कृषि क्षेत्र
बिश्मभरपुर,9,2426,कृषि क्षेत्र
बिश्मभरपुर,9,2433,कृषि क्षेत्र
बिश्मभरपुर,9,2434,कृषि क्षेत्र
बिश्मभरपुर,9,2435,कृषि क्षेत्र
बिश्मभरपुर,9,2438,कृषि क्षेत्र
बिश्मभरपुर,9,2439,कृषि क्षेत्र
बिश्मभरपुर,9,2440,कृषि क्षेत्र
बिश्मभरपुर,9,2441,कृषि क्षेत्र
बिश्मभरपुर,9,2446,कृषि क्षेत्र
बिश्मभरपुर,9,2447,कृषि क्षेत्र
बिश्मभरपुर,9,2448,कृषि क्षेत्र
बिश्मभरपुर,9,2449,आवासिय क्षेत्र
बिश्मभरपुर,9,2450,आवासिय क्षेत्र
बिश्मभरपुर,9,2451,आवासिय क्षेत्र
बिश्मभरपुर,9,2452,आवासिय क्षेत्र
बिश्मभरपुर,9,2453,आवासिय क्षेत्र
बिश्मभरपुर,9,2454,कृषि क्षेत्र
बिश्मभरपुर,9,9214,आवासिय क्षेत्र
बिश्मभरपुर,9,9215,कृषि क्षेत्र
बिश्मभरपुर,9,9217,कृषि क्षेत्र
बिश्मभरपुर,9,9219,आवासिय क्षेत्र
बिश्मभरपुर,9,9220,आवासिय क्षेत्र
बिश्मभरपुर,9,9221,कृषि क्षेत्र
बिश्मभरपुर,9,9224,कृषि क्षेत्र
बिश्मभरपुर,9,9229,आवासिय क्षेत्र
बिश्मभरपुर,9,9230,कृषि क्षेत्र
बिश्मभरपुर,9,9231,आवासिय क्षेत्र
बिश्मभरपुर,9,9236,आवासिय क्षेत्र
बिश्मभरपुर,9,9246,आवासिय क्षेत्र
बिश्मभरपुर,9,9246,आवासिय क्षेत्र
बिश्मभरपुर,9,9251,आवासिय क्षेत्र
बिश्मभरपुर,9,9253,आवासिय क्षेत्र
बिश्मभरपुर,9,9255,कृषि क्षेत्र
बिश्मभरपुर,9,9255,कृषि क्षेत्र
बिश्मभरपुर,9,9255,आवासिय क्षेत्र
बिश्मभरपुर,9,9257,आवासिय क्षेत्र
बिश्मभरपुर,9,9257,कृषि क्षेत्र
बिश्मभरपुर,9,9258,आवासिय क्षेत्र
बिश्मभरपुर,9,9258,कृषि क्षेत्र
बिश्मभरपुर,9,9261,आवासिय क्षेत्र
बिश्मभरपुर,9,9263,कृषि क्षेत्र
बिश्मभरपुर,9,9266,कृषि क्षेत्र
बिश्मभरपुर,9,9270,कृषि क्षेत्र
बिश्मभरपुर,9,9272,कृषि क्षेत्र
बिश्मभरपुर,9,9278,आवासिय क्षेत्र
बिश्मभरपुर,9,9280,कृषि क्षेत्र
बिश्मभरपुर,9,9281,कृषि क्षेत्र
बिश्मभरपुर,9,9282,आवासिय क्षेत्र
बिश्मभरपुर,9,9283,आवासिय क्षेत्र
बिश्मभरपुर,9,9284,आवासिय क्षेत्र
बिश्मभरपुर,9,9285,आवासिय क्षेत्र
बिश्मभरपुर,9,9287,आवासिय क्षेत्र
बिश्मभरपुर,9,9290,कृषि क्षेत्र
बिश्मभरपुर,9,9298,कृषि क्षेत्र
बिश्मभरपुर,9,9299,कृषि क्षेत्र
बिश्मभरपुर,9,9300,कृषि क्षेत्र
बिश्मभरपुर,9,9301,कृषि क्षेत्र
बिश्मभरपुर,9,9302,कृषि क्षेत्र
बिश्मभरपुर,9,9303,कृषि क्षेत्र
बिश्मभरपुर,9,9304,कृषि क्षेत्र
बिश्मभरपुर,9,9306,आवासिय क्षेत्र
बिश्मभरपुर,9,9308,कृषि क्षेत्र
बिश्मभरपुर,9,9309,कृषि क्षेत्र
बिश्मभरपुर,9,9311,कृषि क्षेत्र
बिश्मभरपुर,9,9313,कृषि क्षेत्र
बिश्मभरपुर,9,9314,कृषि क्षेत्र
बिश्मभरपुर,9,9315,आवासिय क्षेत्र
बिश्मभरपुर,9,9318,आवासिय क्षेत्र
बिश्मभरपुर,9,9319,आवासिय क्षेत्र
बिश्मभरपुर,9,9320,कृषि क्षेत्र
बिश्मभरपुर,9,9321,आवासिय क्षेत्र
बिश्मभरपुर,9,9322,कृषि क्षेत्र
बिश्मभरपुर,9,9323,कृषि क्षेत्र
बिश्मभरपुर,9,9324,आवासिय क्षेत्र
बिश्मभरपुर,9,9325,आवासिय क्षेत्र
बिश्मभरपुर,9,9326,आवासिय क्षेत्र
बिश्मभरपुर,9,9329,कृषि क्षेत्र
बिश्मभरपुर,9,9329,कृषि क्षेत्र
बिश्मभरपुर,9,9337,कृषि क्षेत्र
बिश्मभरपुर,9,9338,आवासिय क्षेत्र
बिश्मभरपुर,9,9339,आवासिय क्षेत्र
बिश्मभरपुर,9,9340,आवासिय क्षेत्र
बिश्मभरपुर,9,9347,आवासिय क्षेत्र
बिश्मभरपुर,9,9352,कृषि क्षेत्र
बिश्मभरपुर,9,9363,कृषि क्षेत्र
बिश्मभरपुर,9,9366,कृषि क्षेत्र
बिश्मभरपुर,9,9376,कृषि क्षेत्र
बिश्मभरपुर,9,9378,कृषि क्षेत्र
बिश्मभरपुर,9,9378,कृषि क्षेत्र
बिश्मभरपुर,9,9379,कृषि क्षेत्र
बिश्मभरपुर,9,9379,कृषि क्षेत्र
बिश्मभरपुर,9,9387,कृषि क्षेत्र
बिश्मभरपुर,9,9387,कृषि क्षेत्र
बिश्मभरपुर,9,9388,कृषि क्षेत्र
बिश्मभरपुर,9,9390,कृषि क्षेत्र
बिश्मभरपुर,9,9394,कृषि क्षेत्र
बिश्मभरपुर,9,9396,कृषि क्षेत्र
बिश्मभरपुर,9,9397,कृषि क्षेत्र
बिश्मभरपुर,9,9398,कृषि क्षेत्र
बिश्मभरपुर,9,9399,कृषि क्षेत्र
बिश्मभरपुर,9,9400,कृषि क्षेत्र
बिश्मभरपुर,9,9401,कृषि क्षेत्र
बिश्मभरपुर,9,9404,कृषि क्षेत्र
बिश्मभरपुर,9,9405,कृषि क्षेत्र
बिश्मभरपुर,9,9413,कृषि क्षेत्र
बिश्मभरपुर,9,9414,कृषि क्षेत्र
बिश्मभरपुर,9,9414,कृषि क्षेत्र
बिश्मभरपुर,9,9416,कृषि क्षेत्र
बिश्मभरपुर,9,9417,कृषि क्षेत्र
बिश्मभरपुर,9,9418,कृषि क्षेत्र
बिश्मभरपुर,9,9419,आवासिय क्षेत्र
बिश्मभरपुर,9,9420,आवासिय क्षेत्र
बिश्मभरपुर,9,9425,कृषि क्षेत्र
बिश्मभरपुर,9,9426,आवासिय क्षेत्र
बिश्मभरपुर,9,9427,कृषि क्षेत्र
बिश्मभरपुर,9,9427,कृषि क्षेत्र
बिश्मभरपुर,9,9432,कृषि क्षेत्र
बिश्मभरपुर,9,9433,आवासिय क्षेत्र
बिश्मभरपुर,9,9434,आवासिय क्षेत्र
बिश्मभरपुर,9,9438,कृषि क्षेत्र
बिश्मभरपुर,9,9439,कृषि क्षेत्र
बिश्मभरपुर,9,9440,कृषि क्षेत्र
बिश्मभरपुर,9,9440,कृषि क्षेत्र
बिश्मभरपुर,9,9447,कृषि क्षेत्र
बिश्मभरपुर,9,9448,कृषि क्षेत्र
बिश्मभरपुर,9,9449,कृषि क्षेत्र
बिश्मभरपुर,9,9450,कृषि क्षेत्र
बिश्मभरपुर,9,9453,कृषि क्षेत्र
बिश्मभरपुर,9,9454,कृषि क्षेत्र
बिश्मभरपुर,9,9459,कृषि क्षेत्र
बिश्मभरपुर,9,9460,कृषि क्षेत्र
बिश्मभरपुर,9,9462,आवासिय क्षेत्र
बिश्मभरपुर,9,9463,आवासिय क्षेत्र
बिश्मभरपुर,9,9465,कृषि क्षेत्र
बिश्मभरपुर,9,9504,कृषि क्षेत्र
बिश्मभरपुर,9,9505,कृषि क्षेत्र
बिश्मभरपुर,9,9513,आवासिय क्षेत्र
बिश्मभरपुर,9,9528,कृषि क्षेत्र
बिश्मभरपुर,9,9537,कृषि क्षेत्र
बिश्मभरपुर,9,9540,कृषि क्षेत्र
बिश्मभरपुर,9,9541,सार्वजनिक उपयोग क्षेत्र
बिश्मभरपुर,9,9545,कृषि क्षेत्र
बिश्मभरपुर,9,9545,कृषि क्षेत्र
बिश्मभरपुर,9,9545,कृषि क्षेत्र
बिश्मभरपुर,9,9545,कृषि क्षेत्र
बिश्मभरपुर,9,9545,कृषि क्षेत्र
बिश्मभरपुर,9,9545,कृषि क्षेत्र
बिश्मभरपुर,9,9545,सार्वजनिक उपयोग क्षेत्र
बिश्मभरपुर,9,9545,कृषि क्षेत्र
बिश्मभरपुर,9,9555,कृषि क्षेत्र
बिश्मभरपुर,9,9556,कृषि क्षेत्र
बिश्मभरपुर,9,9569,आवासिय क्षेत्र
बिश्मभरपुर,9,9570,आवासिय क्षेत्र
बिश्मभरपुर,9,9573,आवासिय क्षेत्र
बिश्मभरपुर,9,9574,आवासिय क्षेत्र
बिश्मभरपुर,9,9576,आवासिय क्षेत्र
बिश्मभरपुर,9,9582,आवासिय क्षेत्र
बिश्मभरपुर,9,9582,आवासिय क्षेत्र
बिश्मभरपुर,9,9583,आवासिय क्षेत्र
बिश्मभरपुर,9,9587,आवासिय क्षेत्र
बिश्मभरपुर,9,9590,आवासिय क्षेत्र
बिश्मभरपुर,9,9594,आवासिय क्षेत्र
बिश्मभरपुर,9,9596,आवासिय क्षेत्र
बिश्मभरपुर,9,9597,आवासिय क्षेत्र
बिश्मभरपुर,9,9598,आवासिय क्षेत्र
बिश्मभरपुर,9,9599,आवासिय क्षेत्र
बिश्मभरपुर,9,9600,आवासिय क्षेत्र
बिश्मभरपुर,9,9602,आवासिय क्षेत्र
बिश्मभरपुर,9,9603,आवासिय क्षेत्र
बिश्मभरपुर,9,9608,कृषि क्षेत्र
बिश्मभरपुर,9,9609,कृषि क्षेत्र
बिश्मभरपुर,9,9610,कृषि क्षेत्र
बिश्मभरपुर,9,9616,कृषि क्षेत्र
बिश्मभरपुर,9,9617,कृषि क्षेत्र
बिश्मभरपुर,9,9618,कृषि क्षेत्र
बिश्मभरपुर,9,9619,कृषि क्षेत्र
बिश्मभरपुर,9,9622,कृषि क्षेत्र
बिश्मभरपुर,9,9623,कृषि क्षेत्र
बिश्मभरपुर,9,9624,कृषि क्षेत्र
बिश्मभरपुर,9,9625,कृषि क्षेत्र
बिश्मभरपुर,9,9626,आवासिय क्षेत्र
बिश्मभरपुर,9,9632,आवासिय क्षेत्र
बिश्मभरपुर,9,9633,आवासिय क्षेत्र
बिश्मभरपुर,9,9634,आवासिय क्षेत्र
बिश्मभरपुर,9,9637,आवासिय क्षेत्र
बिश्मभरपुर,9,9666,कृषि क्षेत्र
बिश्मभरपुर,9,9668,कृषि क्षेत्र
बिश्मभरपुर,9,9700,आवासिय क्षेत्र
बिश्मभरपुर,9,9701,कृषि क्षेत्र
बिश्मभरपुर,9,9704,आवासिय क्षेत्र
बिश्मभरपुर,9,9715,कृषि क्षेत्र
बिश्मभरपुर,9,9718,"नदी, खोला, ताल, सिमसार क्षेत्र"
बिश्मभरपुर,9,9719,कृषि क्षेत्र
बिश्मभरपुर,9,9726,कृषि क्षेत्र
बिश्मभरपुर,9,9727,कृषि क्षेत्र
बिश्मभरपुर,9,9728,कृषि क्षेत्र
बिश्मभरपुर,9,9729,कृषि क्षेत्र
बिश्मभरपुर,9,9730,कृषि क्षेत्र
बिश्मभरपुर,9,9738,कृषि क्षेत्र
बिश्मभरपुर,9,9742,कृषि क्षेत्र
बिश्मभरपुर,9,9744,कृषि क्षेत्र
बिश्मभरपुर,9,9746,कृषि क्षेत्र
बिश्मभरपुर,9,9748,कृषि क्षेत्र
बिश्मभरपुर,9,9749,कृषि क्षेत्र
बिश्मभरपुर,9,9753,कृषि क्षेत्र
बिश्मभरपुर,9,9754,आवासिय क्षेत्र
बिश्मभरपुर,9,9762,कृषि क्षेत्र
बिश्मभरपुर,9,9765,कृषि क्षेत्र
बिश्मभरपुर,9,9766,कृषि क्षेत्र
बिश्मभरपुर,9,9770,कृषि क्षेत्र
बिश्मभरपुर,9,9770,कृषि क्षेत्र
बिश्मभरपुर,9,9770,कृषि क्षेत्र
बिश्मभरपुर,9,9771,कृषि क्षेत्र
बिश्मभरपुर,9,9777,कृषि क्षेत्र
बिश्मभरपुर,9,9781,कृषि क्षेत्र
बिश्मभरपुर,9,9784,कृषि क्षेत्र
बिश्मभरपुर,9,9844,आवासिय क्षेत्र
बिश्मभरपुर,9,9846,आवासिय क्षेत्र
बिश्मभरपुर,9,9846,आवासिय क्षेत्र
बिश्मभरपुर,9,9861,कृषि क्षेत्र
बिश्मभरपुर,9,9862,कृषि क्षेत्र
बिश्मभरपुर,9,9863,आवासिय क्षेत्र
बिश्मभरपुर,9,9869,कृषि क्षेत्र
बिश्मभरपुर,9,9890,आवासिय क्षेत्र
बिश्मभरपुर,9,9891,कृषि क्षेत्र
बिश्मभरपुर,9,9892,"नदी, खोला, ताल, सिमसार क्षेत्र"
बिश्मभरपुर,9,9893,कृषि क्षेत्र
बिश्मभरपुर,9,9894,कृषि क्षेत्र
बिश्मभरपुर,9,9895,कृषि क्षेत्र
बिश्मभरपुर,9,9896,कृषि क्षेत्र
बिश्मभरपुर,9,9897,कृषि क्षेत्र
बिश्मभरपुर,9,9902,आवासिय क्षेत्र
बिश्मभरपुर,9,9904,कृषि क्षेत्र
बिश्मभरपुर,9,9906,कृषि क्षेत्र
बिश्मभरपुर,9,9907,कृषि क्षेत्र
बिश्मभरपुर,9,9908,कृषि क्षेत्र
बिश्मभरपुर,9,9909,कृषि क्षेत्र
बिश्मभरपुर,9,9912,कृषि क्षेत्र
बिश्मभरपुर,9,9913,कृषि क्षेत्र
बिश्मभरपुर,9,9915,"नदी, खोला, ताल, सिमसार क्षेत्र"
बिश्मभरपुर,9,9916,आवासिय क्षेत्र
बिश्मभरपुर,9,9919,आवासिय क्षेत्र
बिश्मभरपुर,9,9920,आवासिय क्षेत्र
बिश्मभरपुर,9,9921,आवासिय क्षेत्र
बिश्मभरपुर,9,9925,कृषि क्षेत्र
बिश्मभरपुर,9,9926,"नदी, खोला, ताल, सिमसार क्षेत्र"
बिश्मभरपुर,9,9927,कृषि क्षेत्र
बिश्मभरपुर,9,9928,कृषि क्षेत्र
बिश्मभरपुर,9,9929,कृषि क्षेत्र
बिश्मभरपुर,9,9930,"नदी, खोला, ताल, सिमसार क्षेत्र"
बिश्मभरपुर,9,9931,"नदी, खोला, ताल, सिमसार क्षेत्र"
बिश्मभरपुर,9,9932,कृषि क्षेत्र
बिश्मभरपुर,9,9935,कृषि क्षेत्र
बिश्मभरपुर,9,9936,कृषि क्षेत्र
बिश्मभरपुर,9,9937,कृषि क्षेत्र
बिश्मभरपुर,9,9938,कृषि क्षेत्र
बिश्मभरपुर,9,9939,कृषि क्षेत्र
बिश्मभरपुर,9,9941,कृषि क्षेत्र
बिश्मभरपुर,9,9944,कृषि क्षेत्र
बिश्मभरपुर,9,9948,कृषि क्षेत्र
बिश्मभरपुर,9,9949,कृषि क्षेत्र
बिश्मभरपुर,9,9951,कृषि क्षेत्र
बिश्मभरपुर,9,9953,कृषि क्षेत्र
बिश्मभरपुर,9,9968,कृषि क्षेत्र
बिश्मभरपुर,9,9968,कृषि क्षेत्र
बिश्मभरपुर,9,9969,कृषि क्षेत्र
बिश्मभरपुर,9,9970,कृषि क्षेत्र
बिश्मभरपुर,9,9971,कृषि क्षेत्र
बिश्मभरपुर,9,9972,कृषि क्षेत्र
बिश्मभरपुर,9,9973,कृषि क्षेत्र
बिश्मभरपुर,9,9974,कृषि क्षेत्र
बिश्मभरपुर,9,9975,कृषि क्षेत्र
बिश्मभरपुर,9,9976,कृषि क्षेत्र
बिश्मभरपुर,9,9978,कृषि क्षेत्र
बिश्मभरपुर,9,9983,कृषि क्षेत्र
बिश्मभरपुर,9,9984,कृषि क्षेत्र
बिश्मभरपुर,9,9985,कृषि क्षेत्र
बिश्मभरपुर,9,9988,कृषि क्षेत्र
बिश्मभरपुर,9,9996,कृषि क्षेत्र
बिश्मभरपुर,9,9999,कृषि क्षेत्र
बिश्मभरपुर,9,9999,कृषि क्षेत्र
बिश्मभरपुर,9,9999,कृषि क्षेत्र
बिश्मभरपुर,9,9999,कृषि क्षेत्र
बिश्मभरपुर,9,9999,कृषि क्षेत्र
बिश्मभरपुर,9,9999,कृषि क्षेत्र
बिश्मभरपुर,9,9999,कृषि क्षेत्र
बिश्मभरपुर,9,9999,कृषि क्षेत्र
बिश्मभरपुर,9,99999,आवासिय क्षेत्र
बिश्मभरपुर,9,99999,कृषि क्षेत्र
बिश्मभरपुर,9,99999,कृषि क्षेत्र
बिश्मभरपुर,9,99999,कृषि क्षेत्र
बिश्मभरपुर,9,9999999,कृषि क्षेत्र
बिश्रामपुर,1,2,आवासिय क्षेत्र
बिश्रामपुर,1,3,आवासिय क्षेत्र
बिश्रामपुर,1,5,कृषि क्षेत्र
बिश्रामपुर,1,6,कृषि क्षेत्र
बिश्रामपुर,1,7,कृषि क्षेत्र
बिश्रामपुर,1,10,आवासिय क्षेत्र
बिश्रामपुर,1,11,कृषि क्षेत्र
बिश्रामपुर,1,13,आवासिय क्षेत्र
बिश्रामपुर,1,14,आवासिय क्षेत्र
बिश्रामपुर,1,15,आवासिय क्षेत्र
बिश्रामपुर,1,17,आवासिय क्षेत्र
बिश्रामपुर,1,18,आवासिय क्षेत्र
बिश्रामपुर,1,20,आवासिय क्षेत्र
बिश्रामपुर,1,21,आवासिय क्षेत्र
बिश्रामपुर,1,22,आवासिय क्षेत्र
बिश्रामपुर,1,23,आवासिय क्षेत्र
बिश्रामपुर,1,24,आवासिय क्षेत्र
बिश्रामपुर,1,27,आवासिय क्षेत्र
बिश्रामपुर,1,28,आवासिय क्षेत्र
बिश्रामपुर,1,29,आवासिय क्षेत्र
बिश्रामपुर,1,30,आवासिय क्षेत्र
बिश्रामपुर,1,32,आवासिय क्षेत्र
बिश्रामपुर,1,34,आवासिय क्षेत्र
बिश्रामपुर,1,35,कृषि क्षेत्र
बिश्रामपुर,1,36,कृषि क्षेत्र
बिश्रामपुर,1,37,कृषि क्षेत्र
बिश्रामपुर,1,38,कृषि क्षेत्र
बिश्रामपुर,1,40,कृषि क्षेत्र
बिश्रामपुर,1,43,कृषि क्षेत्र
बिश्रामपुर,1,44,कृषि क्षेत्र
बिश्रामपुर,1,45,कृषि क्षेत्र
बिश्रामपुर,1,46,कृषि क्षेत्र
बिश्रामपुर,1,47,कृषि क्षेत्र
बिश्रामपुर,1,48,कृषि क्षेत्र
बिश्रामपुर,1,49,कृषि क्षेत्र
बिश्रामपुर,1,50,कृषि क्षेत्र
बिश्रामपुर,1,51,कृषि क्षेत्र
बिश्रामपुर,1,52,कृषि क्षेत्र
बिश्रामपुर,1,53,कृषि क्षेत्र
बिश्रामपुर,1,55,कृषि क्षेत्र
बिश्रामपुर,1,56,कृषि क्षेत्र
बिश्रामपुर,1,57,कृषि क्षेत्र
बिश्रामपुर,1,60,आवासिय क्षेत्र
बिश्रामपुर,1,61,आवासिय क्षेत्र
बिश्रामपुर,1,65,आवासिय क्षेत्र
बिश्रामपुर,1,67,आवासिय क्षेत्र
बिश्रामपुर,1,68,आवासिय क्षेत्र
बिश्रामपुर,1,69,आवासिय क्षेत्र
बिश्रामपुर,1,71,आवासिय क्षेत्र
बिश्रामपुर,1,71,कृषि क्षेत्र
बिश्रामपुर,1,72,कृषि क्षेत्र
बिश्रामपुर,1,73,कृषि क्षेत्र
बिश्रामपुर,1,74,कृषि क्षेत्र
बिश्रामपुर,1,76,कृषि क्षेत्र
बिश्रामपुर,1,78,कृषि क्षेत्र
बिश्रामपुर,1,80,आवासिय क्षेत्र
बिश्रामपुर,1,81,आवासिय क्षेत्र
बिश्रामपुर,1,82,कृषि क्षेत्र
बिश्रामपुर,1,83,आवासिय क्षेत्र
बिश्रामपुर,1,84,आवासिय क्षेत्र
बिश्रामपुर,1,85,आवासिय क्षेत्र
बिश्रामपुर,1,86,आवासिय क्षेत्र
बिश्रामपुर,1,87,आवासिय क्षेत्र
बिश्रामपुर,1,91,कृषि क्षेत्र
बिश्रामपुर,1,93,कृषि क्षेत्र
बिश्रामपुर,1,94,आवासिय क्षेत्र
बिश्रामपुर,1,95,आवासिय क्षेत्र
बिश्रामपुर,1,97,कृषि क्षेत्र
बिश्रामपुर,1,98,कृषि क्षेत्र
बिश्रामपुर,1,99,कृषि क्षेत्र
बिश्रामपुर,1,100,"नदी, खोला, ताल, सिमसार क्षेत्र"
बिश्रामपुर,1,102,कृषि क्षेत्र
बिश्रामपुर,1,103,कृषि क्षेत्र
बिश्रामपुर,1,104,कृषि क्षेत्र
बिश्रामपुर,1,105,कृषि क्षेत्र
बिश्रामपुर,1,106,कृषि क्षेत्र
बिश्रामपुर,1,108,कृषि क्षेत्र
बिश्रामपुर,1,109,कृषि क्षेत्र
बिश्रामपुर,1,110,कृषि क्षेत्र
बिश्रामपुर,1,111,कृषि क्षेत्र
बिश्रामपुर,1,112,कृषि क्षेत्र
बिश्रामपुर,1,113,कृषि क्षेत्र
बिश्रामपुर,1,114,कृषि क्षेत्र
बिश्रामपुर,1,115,कृषि क्षेत्र
बिश्रामपुर,1,116,कृषि क्षेत्र
बिश्रामपुर,1,118,कृषि क्षेत्र
बिश्रामपुर,1,119,कृषि क्षेत्र
बिश्रामपुर,1,120,कृषि क्षेत्र
बिश्रामपुर,1,121,कृषि क्षेत्र
बिश्रामपुर,1,122,कृषि क्षेत्र
बिश्रामपुर,1,123,कृषि क्षेत्र
बिश्रामपुर,1,124,कृषि क्षेत्र
बिश्रामपुर,1,125,कृषि क्षेत्र
बिश्रामपुर,1,126,कृषि क्षेत्र
बिश्रामपुर,1,128,कृषि क्षेत्र
बिश्रामपुर,1,129,कृषि क्षेत्र
बिश्रामपुर,1,130,कृषि क्षेत्र
बिश्रामपुर,1,131,कृषि क्षेत्र
बिश्रामपुर,1,133,कृषि क्षेत्र
बिश्रामपुर,1,134,कृषि क्षेत्र
बिश्रामपुर,1,135,कृषि क्षेत्र
बिश्रामपुर,1,137,कृषि क्षेत्र
बिश्रामपुर,1,138,आवासिय क्षेत्र
बिश्रामपुर,1,139,आवासिय क्षेत्र
बिश्रामपुर,1,140,कृषि क्षेत्र
बिश्रामपुर,1,141,कृषि क्षेत्र
बिश्रामपुर,1,142,कृषि क्षेत्र
बिश्रामपुर,1,144,आवासिय क्षेत्र
बिश्रामपुर,1,147,आवासिय क्षेत्र
बिश्रामपुर,1,148,आवासिय क्षेत्र
बिश्रामपुर,1,149,कृषि क्षेत्र
बिश्रामपुर,1,150,आवासिय क्षेत्र
बिश्रामपुर,1,153,कृषि क्षेत्र
बिश्रामपुर,1,154,कृषि क्षेत्र
बिश्रामपुर,1,155,आवासिय क्षेत्र
बिश्रामपुर,1,157,कृषि क्षेत्र
बिश्रामपुर,1,158,कृषि क्षेत्र
बिश्रामपुर,1,159,कृषि क्षेत्र
बिश्रामपुर,1,160,कृषि क्षेत्र
बिश्रामपुर,1,161,कृषि क्षेत्र
बिश्रामपुर,1,162,कृषि क्षेत्र
बिश्रामपुर,1,163,कृषि क्षेत्र
बिश्रामपुर,1,164,कृषि क्षेत्र
बिश्रामपुर,1,165,कृषि क्षेत्र
बिश्रामपुर,1,166,कृषि क्षेत्र
बिश्रामपुर,1,167,कृषि क्षेत्र
बिश्रामपुर,1,169,कृषि क्षेत्र
बिश्रामपुर,1,187,आवासिय क्षेत्र
बिश्रामपुर,1,188,आवासिय क्षेत्र
बिश्रामपुर,1,189,आवासिय क्षेत्र
बिश्रामपुर,1,194,कृषि क्षेत्र
बिश्रामपुर,1,195,कृषि क्षेत्र
बिश्रामपुर,1,196,कृषि क्षेत्र
बिश्रामपुर,1,197,आवासिय क्षेत्र
बिश्रामपुर,1,198,आवासिय क्षेत्र
बिश्रामपुर,1,199,आवासिय क्षेत्र
बिश्रामपुर,1,200,आवासिय क्षेत्र
बिश्रामपुर,1,204,आवासिय क्षेत्र
बिश्रामपुर,1,205,आवासिय क्षेत्र
बिश्रामपुर,1,217,आवासिय क्षेत्र
बिश्रामपुर,1,218,आवासिय क्षेत्र
बिश्रामपुर,1,224,आवासिय क्षेत्र
बिश्रामपुर,1,225,आवासिय क्षेत्र
बिश्रामपुर,1,227,कृषि क्षेत्र
बिश्रामपुर,1,232,कृषि क्षेत्र
बिश्रामपुर,1,233,कृषि क्षेत्र
बिश्रामपुर,1,280,आवासिय क्षेत्र
बिश्रामपुर,1,281,आवासिय क्षेत्र
बिश्रामपुर,1,312,कृषि क्षेत्र
बिश्रामपुर,1,315,आवासिय क्षेत्र
बिश्रामपुर,1,316,कृषि क्षेत्र
बिश्रामपुर,1,318,कृषि क्षेत्र
बिश्रामपुर,1,319,कृषि क्षेत्र
बिश्रामपुर,1,322,कृषि क्षेत्र
बिश्रामपुर,1,323,कृषि क्षेत्र
बिश्रामपुर,1,324,कृषि क्षेत्र
बिश्रामपुर,1,325,कृषि क्षेत्र
बिश्रामपुर,1,329,कृषि क्षेत्र
बिश्रामपुर,1,331,आवासिय क्षेत्र
बिश्रामपुर,1,335,आवासिय क्षेत्र
बिश्रामपुर,1,336,आवासिय क्षेत्र
बिश्रामपुर,1,337,आवासिय क्षेत्र
बिश्रामपुर,1,338,कृषि क्षेत्र
बिश्रामपुर,1,339,आवासिय क्षेत्र
बिश्रामपुर,1,340,कृषि क्षेत्र
बिश्रामपुर,1,341,आवासिय क्षेत्र
बिश्रामपुर,1,347,कृषि क्षेत्र
बिश्रामपुर,1,349,कृषि क्षेत्र
बिश्रामपुर,1,351,कृषि क्षेत्र
बिश्रामपुर,1,380,कृषि क्षेत्र
बिश्रामपुर,1,381,कृषि क्षेत्र
बिश्रामपुर,1,383,कृषि क्षेत्र
बिश्रामपुर,1,384,कृषि क्षेत्र
बिश्रामपुर,1,385,कृषि क्षेत्र
बिश्रामपुर,1,392,कृषि क्षेत्र
बिश्रामपुर,1,393,कृषि क्षेत्र
बिश्रामपुर,1,395,आवासिय क्षेत्र
बिश्रामपुर,1,396,आवासिय क्षेत्र
बिश्रामपुर,1,400,कृषि क्षेत्र
बिश्रामपुर,1,406,कृषि क्षेत्र
बिश्रामपुर,1,408,कृषि क्षेत्र
बिश्रामपुर,1,410,कृषि क्षेत्र
बिश्रामपुर,1,412,कृषि क्षेत्र
बिश्रामपुर,1,413,आवासिय क्षेत्र
बिश्रामपुर,1,414,आवासिय क्षेत्र
बिश्रामपुर,1,418,आवासिय क्षेत्र
बिश्रामपुर,1,422,कृषि क्षेत्र
बिश्रामपुर,1,428,कृषि क्षेत्र
बिश्रामपुर,1,429,कृषि क्षेत्र
बिश्रामपुर,1,430,कृषि क्षेत्र
बिश्रामपुर,1,432,आवासिय क्षेत्र
बिश्रामपुर,1,433,आवासिय क्षेत्र
बिश्रामपुर,1,434,कृषि क्षेत्र
बिश्रामपुर,1,435,कृषि क्षेत्र
बिश्रामपुर,1,436,कृषि क्षेत्र
बिश्रामपुर,1,437,कृषि क्षेत्र
बिश्रामपुर,1,438,कृषि क्षेत्र
बिश्रामपुर,1,439,कृषि क्षेत्र
बिश्रामपुर,1,440,कृषि क्षेत्र
बिश्रामपुर,1,441,कृषि क्षेत्र
बिश्रामपुर,1,442,कृषि क्षेत्र
बिश्रामपुर,1,443,कृषि क्षेत्र
बिश्रामपुर,1,444,कृषि क्षेत्र
बिश्रामपुर,1,445,आवासिय क्षेत्र
बिश्रामपुर,1,446,आवासिय क्षेत्र
बिश्रामपुर,1,447,कृषि क्षेत्र
बिश्रामपुर,1,448,कृषि क्षेत्र
बिश्रामपुर,1,449,कृषि क्षेत्र
बिश्रामपुर,1,450,कृषि क्षेत्र
बिश्रामपुर,1,451,कृषि क्षेत्र
बिश्रामपुर,1,452,कृषि क्षेत्र
बिश्रामपुर,1,453,कृषि क्षेत्र
बिश्रामपुर,1,454,कृषि क्षेत्र
बिश्रामपुर,1,455,कृषि क्षेत्र
बिश्रामपुर,1,9999,कृषि क्षेत्र
बिश्रामपुर,1,9999,कृषि क्षेत्र
बिश्रामपुर,1 गाउँ,1,आवासिय क्षेत्र
बिश्रामपुर,1 गाउँ,2,आवासिय क्षेत्र
बिश्रामपुर,1 गाउँ,3,आवासिय क्षेत्र
बिश्रामपुर,1 गाउँ,4,आवासिय क्षेत्र
बिश्रामपुर,1 गाउँ,6,आवासिय क्षेत्र
बिश्रामपुर,1 गाउँ,7,आवासिय क्षेत्र
बिश्रामपुर,1 गाउँ,8,आवासिय क्षेत्र
बिश्रामपुर,1 गाउँ,9,आवासिय क्षेत्र
बिश्रामपुर,1 गाउँ,10,आवासिय क्षेत्र
बिश्रामपुर,1 गाउँ,11,आवासिय क्षेत्र
बिश्रामपुर,1 गाउँ,12,आवासिय क्षेत्र
बिश्रामपुर,1 गाउँ,13,आवासिय क्षेत्र
बिश्रामपुर,1 गाउँ,14,आवासिय क्षेत्र
बिश्रामपुर,1 गाउँ,15,आवासिय क्षेत्र
बिश्रामपुर,1 गाउँ,16,आवासिय क्षेत्र
बिश्रामपुर,1 गाउँ,17,आवासिय क्षेत्र
बिश्रामपुर,1 गाउँ,18,आवासिय क्षेत्र
बिश्रामपुर,1 गाउँ,19,आवासिय क्षेत्र
बिश्रामपुर,1 गाउँ,20,आवासिय क्षेत्र
बिश्रामपुर,1 गाउँ,21,आवासिय क्षेत्र
बिश्रामपुर,1 गाउँ,22,आवासिय क्षेत्र
बिश्रामपुर,1 गाउँ,23,आवासिय क्षेत्र
बिश्रामपुर,1 गाउँ,24,आवासिय क्षेत्र
बिश्रामपुर,1 गाउँ,25,आवासिय क्षेत्र
बिश्रामपुर,1 गाउँ,26,आवासिय क्षेत्र
बिश्रामपुर,1 गाउँ,27,आवासिय क्षेत्र
बिश्रामपुर,1 गाउँ,28,आवासिय क्षेत्र
बिश्रामपुर,1 गाउँ,29,आवासिय क्षेत्र
बिश्रामपुर,1 गाउँ,30,आवासिय क्षेत्र
बिश्रामपुर,1 गाउँ,31,आवासिय क्षेत्र
बिश्रामपुर,1 गाउँ,32,आवासिय क्षेत्र
बिश्रामपुर,1 गाउँ,33,आवासिय क्षेत्र
बिश्रामपुर,1 गाउँ,34,आवासिय क्षेत्र
बिश्रामपुर,1 गाउँ,35,आवासिय क्षेत्र
बिश्रामपुर,1 गाउँ,36,आवासिय क्षेत्र
बिश्रामपुर,1 गाउँ,37,आवासिय क्षेत्र
बिश्रामपुर,1 गाउँ,38,आवासिय क्षेत्र
बिश्रामपुर,1 गाउँ,40,आवासिय क्षेत्र
बिश्रामपुर,1 गाउँ,41,सार्वजनिक उपयोग क्षेत्र
बिश्रामपुर,1 गाउँ,42,आवासिय क्षेत्र
बिश्रामपुर,1 गाउँ,43,आवासिय क्षेत्र
बिश्रामपुर,1 गाउँ,44,आवासिय क्षेत्र
बिश्रामपुर,1 गाउँ,45,आवासिय क्षेत्र
बिश्रामपुर,1 गाउँ,46,आवासिय क्षेत्र
बिश्रामपुर,1 गाउँ,47,आवासिय क्षेत्र
बिश्रामपुर,1 गाउँ,48,आवासिय क्षेत्र
बिश्रामपुर,1 गाउँ,49,आवासिय क्षेत्र
बिश्रामपुर,1 गाउँ,50,आवासिय क्षेत्र
बिश्रामपुर,1 गाउँ,51,आवासिय क्षेत्र
बिश्रामपुर,1 गाउँ,52,आवासिय क्षेत्र
बिश्रामपुर,1 गाउँ,53,आवासिय क्षेत्र
बिश्रामपुर,1 गाउँ,54,आवासिय क्षेत्र
बिश्रामपुर,1 गाउँ,55,आवासिय क्षेत्र
बिश्रामपुर,1 गाउँ,56,आवासिय क्षेत्र
बिश्रामपुर,1 गाउँ,57,आवासिय क्षेत्र
बिश्रामपुर,1 गाउँ,58,आवासिय क्षेत्र
बिश्रामपुर,1 गाउँ,59,आवासिय क्षेत्र
बिश्रामपुर,1 गाउँ,60,आवासिय क्षेत्र
बिश्रामपुर,1 गाउँ,61,आवासिय क्षेत्र
बिश्रामपुर,1 गाउँ,62,आवासिय क्षेत्र
बिश्रामपुर,1 गाउँ,63,आवासिय क्षेत्र
बिश्रामपुर,1 गाउँ,64,आवासिय क्षेत्र
बिश्रामपुर,1 गाउँ,66,आवासिय क्षेत्र
बिश्रामपुर,1 गाउँ,68,आवासिय क्षेत्र
बिश्रामपुर,1 गाउँ,75,आवासिय क्षेत्र
बिश्रामपुर,1 गाउँ,77,आवासिय क्षेत्र
बिश्रामपुर,1 गाउँ,78,आवासिय क्षेत्र
बिश्रामपुर,1 गाउँ,78,आवासिय क्षेत्र
बिश्रामपुर,1 गाउँ,79,आवासिय क्षेत्र
बिश्रामपुर,1 गाउँ,80,आवासिय क्षेत्र
बिश्रामपुर,1 गाउँ,81,आवासिय क्षेत्र
बिश्रामपुर,1 गाउँ,82,आवासिय क्षेत्र
बिश्रामपुर,1 गाउँ,999998,आवासिय क्षेत्र
बिश्रामपुर,2,2,आवासिय क्षेत्र
बिश्रामपुर,2,3,आवासिय क्षेत्र
बिश्रामपुर,2,4,आवासिय क्षेत्र
बिश्रामपुर,2,5,आवासिय क्षेत्र
बिश्रामपुर,2,6,कृषि क्षेत्र
बिश्रामपुर,2,9,आवासिय क्षेत्र
बिश्रामपुर,2,10,कृषि क्षेत्र
बिश्रामपुर,2,12,कृषि क्षेत्र
बिश्रामपुर,2,13,कृषि क्षेत्र
बिश्रामपुर,2,14,कृषि क्षेत्र
बिश्रामपुर,2,15,कृषि क्षेत्र
बिश्रामपुर,2,16,आवासिय क्षेत्र
बिश्रामपुर,2,17,आवासिय क्षेत्र
बिश्रामपुर,2,22,कृषि क्षेत्र
बिश्रामपुर,2,23,कृषि क्षेत्र
बिश्रामपुर,2,24,कृषि क्षेत्र
बिश्रामपुर,2,25,कृषि क्षेत्र
बिश्रामपुर,2,26,कृषि क्षेत्र
बिश्रामपुर,2,27,कृषि क्षेत्र
बिश्रामपुर,2,28,कृषि क्षेत्र
बिश्रामपुर,2,29,कृषि क्षेत्र
बिश्रामपुर,2,30,आवासिय क्षेत्र
बिश्रामपुर,2,33,आवासिय क्षेत्र
बिश्रामपुर,2,36,कृषि क्षेत्र
बिश्रामपुर,2,38,कृषि क्षेत्र
बिश्रामपुर,2,39,कृषि क्षेत्र
बिश्रामपुर,2,40,कृषि क्षेत्र
बिश्रामपुर,2,41,कृषि क्षेत्र
बिश्रामपुर,2,43,आवासिय क्षेत्र
बिश्रामपुर,2,45,कृषि क्षेत्र
बिश्रामपुर,2,47,कृषि क्षेत्र
बिश्रामपुर,2,49,आवासिय क्षेत्र
बिश्रामपुर,2,50,आवासिय क्षेत्र
बिश्रामपुर,2,51,आवासिय क्षेत्र
बिश्रामपुर,2,52,आवासिय क्षेत्र
बिश्रामपुर,2,53,आवासिय क्षेत्र
बिश्रामपुर,2,54,कृषि क्षेत्र
बिश्रामपुर,2,55,कृषि क्षेत्र
बिश्रामपुर,2,58,आवासिय क्षेत्र
बिश्रामपुर,2,60,आवासिय क्षेत्र
बिश्रामपुर,2,61,आवासिय क्षेत्र
बिश्रामपुर,2,65,आवासिय क्षेत्र
बिश्रामपुर,2,67,आवासिय क्षेत्र
बिश्रामपुर,2,68,आवासिय क्षेत्र
बिश्रामपुर,2,69,आवासिय क्षेत्र
बिश्रामपुर,2,70,आवासिय क्षेत्र
बिश्रामपुर,2,71,आवासिय क्षेत्र
बिश्रामपुर,2,73,कृषि क्षेत्र
बिश्रामपुर,2,74,कृषि क्षेत्र
बिश्रामपुर,2,75,कृषि क्षेत्र
बिश्रामपुर,2,77,कृषि क्षेत्र
बिश्रामपुर,2,80,आवासिय क्षेत्र
बिश्रामपुर,2,81,कृषि क्षेत्र
बिश्रामपुर,2,82,कृषि क्षेत्र
बिश्रामपुर,2,84,कृषि क्षेत्र
बिश्रामपुर,2,85,कृषि क्षेत्र
बिश्रामपुर,2,86,कृषि क्षेत्र
बिश्रामपुर,2,87,कृषि क्षेत्र
बिश्रामपुर,2,88,कृषि क्षेत्र
बिश्रामपुर,2,89,कृषि क्षेत्र
बिश्रामपुर,2,91,कृषि क्षेत्र
बिश्रामपुर,2,92,कृषि क्षेत्र
बिश्रामपुर,2,93,कृषि क्षेत्र
बिश्रामपुर,2,94,कृषि क्षेत्र
बिश्रामपुर,2,96,कृषि क्षेत्र
बिश्रामपुर,2,97,कृषि क्षेत्र
बिश्रामपुर,2,98,कृषि क्षेत्र
बिश्रामपुर,2,99,"नदी, खोला, ताल, सिमसार क्षेत्र"
बिश्रामपुर,2,100,आवासिय क्षेत्र
बिश्रामपुर,2,101,आवासिय क्षेत्र
बिश्रामपुर,2,102,कृषि क्षेत्र
बिश्रामपुर,2,103,कृषि क्षेत्र
बिश्रामपुर,2,104,कृषि क्षेत्र
बिश्रामपुर,2,105,कृषि क्षेत्र
बिश्रामपुर,2,107,कृषि क्षेत्र
बिश्रामपुर,2,109,आवासिय क्षेत्र
बिश्रामपुर,2,112,आवासिय क्षेत्र
बिश्रामपुर,2,113,कृषि क्षेत्र
बिश्रामपुर,2,116,कृषि क्षेत्र
बिश्रामपुर,2,117,कृषि क्षेत्र
बिश्रामपुर,2,120,कृषि क्षेत्र
बिश्रामपुर,2,121,कृषि क्षेत्र
बिश्रामपुर,2,122,आवासिय क्षेत्र
बिश्रामपुर,2,123,कृषि क्षेत्र
बिश्रामपुर,2,124,कृषि क्षेत्र
बिश्रामपुर,2,125,कृषि क्षेत्र
बिश्रामपुर,2,126,आवासिय क्षेत्र
बिश्रामपुर,2,127,आवासिय क्षेत्र
बिश्रामपुर,2,128,आवासिय क्षेत्र
बिश्रामपुर,2,129,आवासिय क्षेत्र
बिश्रामपुर,2,130,कृषि क्षेत्र
बिश्रामपुर,2,131,आवासिय क्षेत्र
बिश्रामपुर,2,132,आवासिय क्षेत्र
बिश्रामपुर,2,136,कृषि क्षेत्र
बिश्रामपुर,2,137,कृषि क्षेत्र
बिश्रामपुर,2,144,कृषि क्षेत्र
बिश्रामपुर,2,145,कृषि क्षेत्र
बिश्रामपुर,2,150,कृषि क्षेत्र
बिश्रामपुर,2,152,कृषि क्षेत्र
बिश्रामपुर,2,153,आवासिय क्षेत्र
बिश्रामपुर,2,161,कृषि क्षेत्र
बिश्रामपुर,2,162,कृषि क्षेत्र
बिश्रामपुर,2,177,कृषि क्षेत्र
बिश्रामपुर,2,178,आवासिय क्षेत्र
बिश्रामपुर,2,179,कृषि क्षेत्र
बिश्रामपुर,2,180,कृषि क्षेत्र
बिश्रामपुर,2,191,कृषि क्षेत्र
बिश्रामपुर,2,192,आवासिय क्षेत्र
बिश्रामपुर,2,193,आवासिय क्षेत्र
बिश्रामपुर,2,194,कृषि क्षेत्र
बिश्रामपुर,2,195,आवासिय क्षेत्र
बिश्रामपुर,2,196,आवासिय क्षेत्र
बिश्रामपुर,2,197,कृषि क्षेत्र
बिश्रामपुर,2,198,कृषि क्षेत्र
बिश्रामपुर,2,199,कृषि क्षेत्र
बिश्रामपुर,2,200,आवासिय क्षेत्र
बिश्रामपुर,2,207,कृषि क्षेत्र
बिश्रामपुर,2,208,कृषि क्षेत्र
बिश्रामपुर,2,209,कृषि क्षेत्र
बिश्रामपुर,2,210,कृषि क्षेत्र
बिश्रामपुर,2,211,कृषि क्षेत्र
बिश्रामपुर,2,212,कृषि क्षेत्र
बिश्रामपुर,2,213,आवासिय क्षेत्र
बिश्रामपुर,2,214,आवासिय क्षेत्र
बिश्रामपुर,2,221,आवासिय क्षेत्र
बिश्रामपुर,2,222,आवासिय क्षेत्र
बिश्रामपुर,2,223,आवासिय क्षेत्र
बिश्रामपुर,2,224,आवासिय क्षेत्र
बिश्रामपुर,2,225,आवासिय क्षेत्र
बिश्रामपुर,2,230,कृषि क्षेत्र
बिश्रामपुर,2,231,आवासिय क्षेत्र
बिश्रामपुर,2,234,कृषि क्षेत्र
बिश्रामपुर,2,235,कृषि क्षेत्र
बिश्रामपुर,2,247,कृषि क्षेत्र
बिश्रामपुर,2,261,आवासिय क्षेत्र
बिश्रामपुर,2,277,कृषि क्षेत्र
बिश्रामपुर,2,278,आवासिय क्षेत्र
बिश्रामपुर,2,279,कृषि क्षेत्र
बिश्रामपुर,2,280,कृषि क्षेत्र
बिश्रामपुर,2,281,कृषि क्षेत्र
बिश्रामपुर,2,282,आवासिय क्षेत्र
बिश्रामपुर,2,283,आवासिय क्षेत्र
बिश्रामपुर,2 गाउँ,1,आवासिय क्षेत्र
बिश्रामपुर,2 गाउँ,2,आवासिय क्षेत्र
बिश्रामपुर,2 गाउँ,3,आवासिय क्षेत्र
बिश्रामपुर,2 गाउँ,4,आवासिय क्षेत्र
बिश्रामपुर,2 गाउँ,5,आवासिय क्षेत्र
बिश्रामपुर,2 गाउँ,6,आवासिय क्षेत्र
बिश्रामपुर,2 गाउँ,7,आवासिय क्षेत्र
बिश्रामपुर,2 गाउँ,8,आवासिय क्षेत्र
बिश्रामपुर,2 गाउँ,9,आवासिय क्षेत्र
बिश्रामपुर,2 गाउँ,10,आवासिय क्षेत्र
बिश्रामपुर,2 गाउँ,11,आवासिय क्षेत्र
बिश्रामपुर,2 गाउँ,12,आवासिय क्षेत्र
बिश्रामपुर,2 गाउँ,13,आवासिय क्षेत्र
बिश्रामपुर,2 गाउँ,14,आवासिय क्षेत्र
बिश्रामपुर,2 गाउँ,15,आवासिय क्षेत्र
बिश्रामपुर,2 गाउँ,16,सार्वजनिक उपयोग क्षेत्र
बिश्रामपुर,2 गाउँ,17,आवासिय क्षेत्र
बिश्रामपुर,2 गाउँ,18,आवासिय क्षेत्र
बिश्रामपुर,2 गाउँ,19,आवासिय क्षेत्र
बिश्रामपुर,2 गाउँ,20,आवासिय क्षेत्र
बिश्रामपुर,2 गाउँ,21,आवासिय क्षेत्र
बिश्रामपुर,2 गाउँ,22,आवासिय क्षेत्र
बिश्रामपुर,2 गाउँ,23,आवासिय क्षेत्र
बिश्रामपुर,2 गाउँ,24,आवासिय क्षेत्र
बिश्रामपुर,2 गाउँ,25,आवासिय क्षेत्र
बिश्रामपुर,2 गाउँ,26,"नदी, खोला, ताल, सिमसार क्षेत्र"
बिश्रामपुर,2 गाउँ,27,आवासिय क्षेत्र
बिश्रामपुर,2 गाउँ,28,आवासिय क्षेत्र
बिश्रामपुर,2 गाउँ,29,आवासिय क्षेत्र
बिश्रामपुर,2 गाउँ,30,आवासिय क्षेत्र
बिश्रामपुर,2 गाउँ,31,आवासिय क्षेत्र
बिश्रामपुर,2 गाउँ,32,आवासिय क्षेत्र
बिश्रामपुर,2 गाउँ,33,आवासिय क्षेत्र
बिश्रामपुर,2 गाउँ,34,आवासिय क्षेत्र
बिश्रामपुर,2 गाउँ,35,आवासिय क्षेत्र
बिश्रामपुर,2 गाउँ,36,आवासिय क्षेत्र
बिश्रामपुर,2 गाउँ,37,"नदी, खोला, ताल, सिमसार क्षेत्र"
बिश्रामपुर,2 गाउँ,38,आवासिय क्षेत्र
बिश्रामपुर,2 गाउँ,39,आवासिय क्षेत्र
बिश्रामपुर,2 गाउँ,40,आवासिय क्षेत्र
बिश्रामपुर,2 गाउँ,41,आवासिय क्षेत्र
बिश्रामपुर,2 गाउँ,42,आवासिय क्षेत्र
बिश्रामपुर,2 गाउँ,43,आवासिय क्षेत्र
बिश्रामपुर,2 गाउँ,44,आवासिय क्षेत्र
बिश्रामपुर,2 गाउँ,45,आवासिय क्षेत्र
बिश्रामपुर,2 गाउँ,46,आवासिय क्षेत्र
बिश्रामपुर,2 गाउँ,47,आवासिय क्षेत्र
बिश्रामपुर,2 गाउँ,48,आवासिय क्षेत्र
बिश्रामपुर,2 गाउँ,49,आवासिय क्षेत्र
बिश्रामपुर,2 गाउँ,50,आवासिय क्षेत्र
बिश्रामपुर,2 गाउँ,51,आवासिय क्षेत्र
बिश्रामपुर,2 गाउँ,52,आवासिय क्षेत्र
बिश्रामपुर,2 गाउँ,53,आवासिय क्षेत्र
बिश्रामपुर,2 गाउँ,54,आवासिय क्षेत्र
बिश्रामपुर,2 गाउँ,55,आवासिय क्षेत्र
बिश्रामपुर,2 गाउँ,56,आवासिय क्षेत्र
बिश्रामपुर,2 गाउँ,57,आवासिय क्षेत्र
बिश्रामपुर,2 गाउँ,58,आवासिय क्षेत्र
बिश्रामपुर,2 गाउँ,999998,आवासिय क्षेत्र
बिश्रामपुर,2 गाउँ,999999,आवासिय क्षेत्र
बिश्रामपुर,3,2,आवासिय क्षेत्र
बिश्रामपुर,3,6,आवासिय क्षेत्र
बिश्रामपुर,3,7,आवासिय क्षेत्र
बिश्रामपुर,3,8,आवासिय क्षेत्र
बिश्रामपुर,3,11,कृषि क्षेत्र
बिश्रामपुर,3,12,आवासिय क्षेत्र
बिश्रामपुर,3,13,आवासिय क्षेत्र
बिश्रामपुर,3,17,आवासिय क्षेत्र
बिश्रामपुर,3,18,कृषि क्षेत्र
बिश्रामपुर,3,19,कृषि क्षेत्र
बिश्रामपुर,3,20,आवासिय क्षेत्र
बिश्रामपुर,3,21,आवासिय क्षेत्र
बिश्रामपुर,3,23,आवासिय क्षेत्र
बिश्रामपुर,3,24,आवासिय क्षेत्र
बिश्रामपुर,3,25,आवासिय क्षेत्र
बिश्रामपुर,3,27,आवासिय क्षेत्र
बिश्रामपुर,3,28,आवासिय क्षेत्र
बिश्रामपुर,3,29,आवासिय क्षेत्र
बिश्रामपुर,3,31,कृषि क्षेत्र
बिश्रामपुर,3,32,कृषि क्षेत्र
बिश्रामपुर,3,33,कृषि क्षेत्र
बिश्रामपुर,3,34,कृषि क्षेत्र
बिश्रामपुर,3,35,कृषि क्षेत्र
बिश्रामपुर,3,36,कृषि क्षेत्र
बिश्रामपुर,3,37,कृषि क्षेत्र
बिश्रामपुर,3,38,कृषि क्षेत्र
बिश्रामपुर,3,40,कृषि क्षेत्र
बिश्रामपुर,3,42,कृषि क्षेत्र
बिश्रामपुर,3,43,कृषि क्षेत्र
बिश्रामपुर,3,47,आवासिय क्षेत्र
बिश्रामपुर,3,48,आवासिय क्षेत्र
बिश्रामपुर,3,49,आवासिय क्षेत्र
बिश्रामपुर,3,50,आवासिय क्षेत्र
बिश्रामपुर,3,51,आवासिय क्षेत्र
बिश्रामपुर,3,54,आवासिय क्षेत्र
बिश्रामपुर,3,55,आवासिय क्षेत्र
बिश्रामपुर,3,56,आवासिय क्षेत्र
बिश्रामपुर,3,59,आवासिय क्षेत्र
बिश्रामपुर,3,60,आवासिय क्षेत्र
बिश्रामपुर,3,61,आवासिय क्षेत्र
बिश्रामपुर,3,62,आवासिय क्षेत्र
बिश्रामपुर,3,63,आवासिय क्षेत्र
बिश्रामपुर,3,64,कृषि क्षेत्र
बिश्रामपुर,3,65,आवासिय क्षेत्र
बिश्रामपुर,3,66,आवासिय क्षेत्र
बिश्रामपुर,3,67,आवासिय क्षेत्र
बिश्रामपुर,3,70,आवासिय क्षेत्र
बिश्रामपुर,3,72,आवासिय क्षेत्र
बिश्रामपुर,3,74,आवासिय क्षेत्र
बिश्रामपुर,3,79,आवासिय क्षेत्र
बिश्रामपुर,3,80,आवासिय क्षेत्र
बिश्रामपुर,3,81,आवासिय क्षेत्र
बिश्रामपुर,3,82,आवासिय क्षेत्र
बिश्रामपुर,3,87,आवासिय क्षेत्र
बिश्रामपुर,3,88,आवासिय क्षेत्र
बिश्रामपुर,3,89,आवासिय क्षेत्र
बिश्रामपुर,3,90,आवासिय क्षेत्र
बिश्रामपुर,3,92,आवासिय क्षेत्र
बिश्रामपुर,3,93,आवासिय क्षेत्र
बिश्रामपुर,3,96,कृषि क्षेत्र
बिश्रामपुर,3,98,आवासिय क्षेत्र
बिश्रामपुर,3,99,आवासिय क्षेत्र
बिश्रामपुर,3,100,कृषि क्षेत्र
बिश्रामपुर,3,101,कृषि क्षेत्र
बिश्रामपुर,3,103,कृषि क्षेत्र
बिश्रामपुर,3,104,कृषि क्षेत्र
बिश्रामपुर,3,105,कृषि क्षेत्र
बिश्रामपुर,3,106,आवासिय क्षेत्र
बिश्रामपुर,3,109,आवासिय क्षेत्र
बिश्रामपुर,3,110,आवासिय क्षेत्र
बिश्रामपुर,3,111,आवासिय क्षेत्र
बिश्रामपुर,3,116,कृषि क्षेत्र
बिश्रामपुर,3,117,कृषि क्षेत्र
बिश्रामपुर,3,119,कृषि क्षेत्र
बिश्रामपुर,3,119,कृषि क्षेत्र
बिश्रामपुर,3,122,कृषि क्षेत्र
बिश्रामपुर,3,123,आवासिय क्षेत्र
बिश्रामपुर,3,125,आवासिय क्षेत्र
बिश्रामपुर,3,126,आवासिय क्षेत्र
बिश्रामपुर,3,127,आवासिय क्षेत्र
बिश्रामपुर,3,128,आवासिय क्षेत्र
बिश्रामपुर,3,129,आवासिय क्षेत्र
बिश्रामपुर,3,129,आवासिय क्षेत्र
बिश्रामपुर,3,130,आवासिय क्षेत्र
बिश्रामपुर,3,131,आवासिय क्षेत्र
बिश्रामपुर,3,132,आवासिय क्षेत्र
बिश्रामपुर,3,133,कृषि क्षेत्र
बिश्रामपुर,3,134,कृषि क्षेत्र
बिश्रामपुर,3,143,आवासिय क्षेत्र
बिश्रामपुर,3,144,आवासिय क्षेत्र
बिश्रामपुर,3,149,कृषि क्षेत्र
बिश्रामपुर,3,150,कृषि क्षेत्र
बिश्रामपुर,3,151,कृषि क्षेत्र
बिश्रामपुर,3,152,कृषि क्षेत्र
बिश्रामपुर,3,153,आवासिय क्षेत्र
बिश्रामपुर,3,154,कृषि क्षेत्र
बिश्रामपुर,3,155,कृषि क्षेत्र
बिश्रामपुर,3,156,कृषि क्षेत्र
बिश्रामपुर,3,160,कृषि क्षेत्र
बिश्रामपुर,3,163,आवासिय क्षेत्र
बिश्रामपुर,3,167,कृषि क्षेत्र
बिश्रामपुर,3,170,आवासिय क्षेत्र
बिश्रामपुर,3,171,आवासिय क्षेत्र
बिश्रामपुर,3,192,आवासिय क्षेत्र
बिश्रामपुर,3,193,कृषि क्षेत्र
बिश्रामपुर,3,196,आवासिय क्षेत्र
बिश्रामपुर,3,198,आवासिय क्षेत्र
बिश्रामपुर,3,206,आवासिय क्षेत्र
बिश्रामपुर,3,207,आवासिय क्षेत्र
बिश्रामपुर,3,224,आवासिय क्षेत्र
बिश्रामपुर,3,225,आवासिय क्षेत्र
बिश्रामपुर,3,230,कृषि क्षेत्र
बिश्रामपुर,3,231,कृषि क्षेत्र
बिश्रामपुर,3,233,कृषि क्षेत्र
बिश्रामपुर,3,234,कृषि क्षेत्र
बिश्रामपुर,3,235,कृषि क्षेत्र
बिश्रामपुर,3,237,आवासिय क्षेत्र
बिश्रामपुर,3,239,आवासिय क्षेत्र
बिश्रामपुर,3,241,कृषि क्षेत्र
बिश्रामपुर,3,242,कृषि क्षेत्र
बिश्रामपुर,3,246,आवासिय क्षेत्र
बिश्रामपुर,3,247,आवासिय क्षेत्र
बिश्रामपुर,3,248,आवासिय क्षेत्र
बिश्रामपुर,3,253,आवासिय क्षेत्र
बिश्रामपुर,3,254,आवासिय क्षेत्र
बिश्रामपुर,3,256,आवासिय क्षेत्र
बिश्रामपुर,3,257,आवासिय क्षेत्र
बिश्रामपुर,3,258,आवासिय क्षेत्र
बिश्रामपुर,3,259,कृषि क्षेत्र
बिश्रामपुर,3,265,आवासिय क्षेत्र
बिश्रामपुर,3,278,कृषि क्षेत्र
बिश्रामपुर,3,279,कृषि क्षेत्र
बिश्रामपुर,3,280,आवासिय क्षेत्र
बिश्रामपुर,3,281,कृषि क्षेत्र
बिश्रामपुर,3,282,कृषि क्षेत्र
बिश्रामपुर,3,295,आवासिय क्षेत्र
बिश्रामपुर,3,296,आवासिय क्षेत्र
बिश्रामपुर,3,298,आवासिय क्षेत्र
बिश्रामपुर,3,305,कृषि क्षेत्र
बिश्रामपुर,3,306,कृषि क्षेत्र
बिश्रामपुर,3,307,कृषि क्षेत्र
बिश्रामपुर,3,308,आवासिय क्षेत्र
बिश्रामपुर,3,314,आवासिय क्षेत्र
बिश्रामपुर,3,315,आवासिय क्षेत्र
बिश्रामपुर,3,316,आवासिय क्षेत्र
बिश्रामपुर,3,317,आवासिय क्षेत्र
बिश्रामपुर,3,318,आवासिय क्षेत्र
बिश्रामपुर,3,319,आवासिय क्षेत्र
बिश्रामपुर,3,320,आवासिय क्षेत्र
बिश्रामपुर,3,322,आवासिय क्षेत्र
बिश्रामपुर,3,324,कृषि क्षेत्र
बिश्रामपुर,3,327,कृषि क्षेत्र
बिश्रामपुर,3,329,आवासिय क्षेत्र
बिश्रामपुर,3,330,आवासिय क्षेत्र
बिश्रामपुर,3,336,कृषि क्षेत्र
बिश्रामपुर,3,340,कृषि क्षेत्र
बिश्रामपुर,3,344,कृषि क्षेत्र
बिश्रामपुर,3,345,कृषि क्षेत्र
बिश्रामपुर,3,346,कृषि क्षेत्र
बिश्रामपुर,3,347,कृषि क्षेत्र
बिश्रामपुर,3,348,कृषि क्षेत्र
बिश्रामपुर,3,349,कृषि क्षेत्र
बिश्रामपुर,3,367,आवासिय क्षेत्र
बिश्रामपुर,3,372,आवासिय क्षेत्र
बिश्रामपुर,3,373,आवासिय क्षेत्र
बिश्रामपुर,3,374,आवासिय क्षेत्र
बिश्रामपुर,3,383,आवासिय क्षेत्र
बिश्रामपुर,3,384,आवासिय क्षेत्र
बिश्रामपुर,3,386,कृषि क्षेत्र
बिश्रामपुर,3,387,आवासिय क्षेत्र
बिश्रामपुर,3,394,आवासिय क्षेत्र
बिश्रामपुर,3,395,आवासिय क्षेत्र
बिश्रामपुर,3,401,आवासिय क्षेत्र
बिश्रामपुर,3,402,आवासिय क्षेत्र
बिश्रामपुर,3,452,आवासिय क्षेत्र
बिश्रामपुर,3,453,आवासिय क्षेत्र
बिश्रामपुर,3,476,कृषि क्षेत्र
बिश्रामपुर,3,477,कृषि क्षेत्र
बिश्रामपुर,3,483,आवासिय क्षेत्र
बिश्रामपुर,3,484,आवासिय क्षेत्र
बिश्रामपुर,3,493,आवासिय क्षेत्र
बिश्रामपुर,3,494,आवासिय क्षेत्र
बिश्रामपुर,3,523,आवासिय क्षेत्र
बिश्रामपुर,3,524,आवासिय क्षेत्र
बिश्रामपुर,3,530,आवासिय क्षेत्र
बिश्रामपुर,3,531,आवासिय क्षेत्र
बिश्रामपुर,3,532,आवासिय क्षेत्र
बिश्रामपुर,3,533,आवासिय क्षेत्र
बिश्रामपुर,3,537,आवासिय क्षेत्र
बिश्रामपुर,3,540,आवासिय क्षेत्र
बिश्रामपुर,3,541,आवासिय क्षेत्र
बिश्रामपुर,3,544,आवासिय क्षेत्र
बिश्रामपुर,3,545,आवासिय क्षेत्र
बिश्रामपुर,3,548,आवासिय क्षेत्र
बिश्रामपुर,3,549,आवासिय क्षेत्र
बिश्रामपुर,3,550,आवासिय क्षेत्र
बिश्रामपुर,3,551,आवासिय क्षेत्र
बिश्रामपुर,3,552,आवासिय क्षेत्र
बिश्रामपुर,3,553,आवासिय क्षेत्र
बिश्रामपुर,3,554,आवासिय क्षेत्र
बिश्रामपुर,3,555,आवासिय क्षेत्र
बिश्रामपुर,3,556,आवासिय क्षेत्र
बिश्रामपुर,3,557,आवासिय क्षेत्र
बिश्रामपुर,3,558,आवासिय क्षेत्र
बिश्रामपुर,3,559,आवासिय क्षेत्र
बिश्रामपुर,3,560,आवासिय क्षेत्र
बिश्रामपुर,3,563,कृषि क्षेत्र
बिश्रामपुर,3,564,कृषि क्षेत्र
बिश्रामपुर,3,565,आवासिय क्षेत्र
बिश्रामपुर,3,567,आवासिय क्षेत्र
बिश्रामपुर,3,568,आवासिय क्षेत्र
बिश्रामपुर,3,569,आवासिय क्षेत्र
बिश्रामपुर,3,571,आवासिय क्षेत्र
बिश्रामपुर,3,573,आवासिय क्षेत्र
बिश्रामपुर,3,574,आवासिय क्षेत्र
बिश्रामपुर,3,577,आवासिय क्षेत्र
बिश्रामपुर,3,578,आवासिय क्षेत्र
बिश्रामपुर,3,579,आवासिय क्षेत्र
बिश्रामपुर,3,582,कृषि क्षेत्र
बिश्रामपुर,3,583,कृषि क्षेत्र
बिश्रामपुर,3,586,आवासिय क्षेत्र
बिश्रामपुर,3,587,आवासिय क्षेत्र
बिश्रामपुर,3,588,कृषि क्षेत्र
बिश्रामपुर,3,589,कृषि क्षेत्र
बिश्रामपुर,3,593,आवासिय क्षेत्र
बिश्रामपुर,3,594,आवासिय क्षेत्र
बिश्रामपुर,3 गाउँ,1,आवासिय क्षेत्र
बिश्रामपुर,3 गाउँ,2,आवासिय क्षेत्र
बिश्रामपुर,3 गाउँ,3,आवासिय क्षेत्र
बिश्रामपुर,3 गाउँ,4,आवासिय क्षेत्र
बिश्रामपुर,3 गाउँ,5,आवासिय क्षेत्र
बिश्रामपुर,3 गाउँ,6,आवासिय क्षेत्र
बिश्रामपुर,3 गाउँ,7,आवासिय क्षेत्र
बिश्रामपुर,3 गाउँ,8,आवासिय क्षेत्र
बिश्रामपुर,3 गाउँ,10,आवासिय क्षेत्र
बिश्रामपुर,3 गाउँ,11,आवासिय क्षेत्र
बिश्रामपुर,3 गाउँ,12,आवासिय क्षेत्र
बिश्रामपुर,3 गाउँ,13,आवासिय क्षेत्र
बिश्रामपुर,3 गाउँ,14,आवासिय क्षेत्र
बिश्रामपुर,3 गाउँ,15,आवासिय क्षेत्र
बिश्रामपुर,3 गाउँ,16,आवासिय क्षेत्र
बिश्रामपुर,3 गाउँ,17,आवासिय क्षेत्र
बिश्रामपुर,3 गाउँ,18,आवासिय क्षेत्र
बिश्रामपुर,3 गाउँ,19,आवासिय क्षेत्र
बिश्रामपुर,3 गाउँ,20,आवासिय क्षेत्र
बिश्रामपुर,3 गाउँ,21,आवासिय क्षेत्र
बिश्रामपुर,3 गाउँ,22,आवासिय क्षेत्र
बिश्रामपुर,3 गाउँ,23,आवासिय क्षेत्र
बिश्रामपुर,3 गाउँ,24,आवासिय क्षेत्र
बिश्रामपुर,3 गाउँ,25,आवासिय क्षेत्र
बिश्रामपुर,3 गाउँ,26,आवासिय क्षेत्र
बिश्रामपुर,3 गाउँ,27,आवासिय क्षेत्र
बिश्रामपुर,3 गाउँ,28,आवासिय क्षेत्र
बिश्रामपुर,3 गाउँ,29,आवासिय क्षेत्र
बिश्रामपुर,3 गाउँ,30,आवासिय क्षेत्र
बिश्रामपुर,3 गाउँ,32,आवासिय क्षेत्र
बिश्रामपुर,3 गाउँ,33,आवासिय क्षेत्र
बिश्रामपुर,3 गाउँ,34,आवासिय क्षेत्र
बिश्रामपुर,3 गाउँ,35,आवासिय क्षेत्र
बिश्रामपुर,3 गाउँ,36,आवासिय क्षेत्र
बिश्रामपुर,3 गाउँ,37,आवासिय क्षेत्र
बिश्रामपुर,3 गाउँ,38,आवासिय क्षेत्र
बिश्रामपुर,3 गाउँ,39,आवासिय क्षेत्र
बिश्रामपुर,3 गाउँ,40,"नदी, खोला, ताल, सिमसार क्षेत्र"
बिश्रामपुर,3 गाउँ,41,आवासिय क्षेत्र
बिश्रामपुर,3 गाउँ,42,आवासिय क्षेत्र
बिश्रामपुर,3 गाउँ,48,आवासिय क्षेत्र
बिश्रामपुर,4,1,कृषि क्षेत्र
बिश्रामपुर,4,2,कृषि क्षेत्र
बिश्रामपुर,4,4,कृषि क्षेत्र
बिश्रामपुर,4,7,आवासिय क्षेत्र
बिश्रामपुर,4,8,आवासिय क्षेत्र
बिश्रामपुर,4,11,आवासिय क्षेत्र
बिश्रामपुर,4,12,आवासिय क्षेत्र
बिश्रामपुर,4,13,आवासिय क्षेत्र
बिश्रामपुर,4,14,आवासिय क्षेत्र
बिश्रामपुर,4,15,आवासिय क्षेत्र
बिश्रामपुर,4,18,आवासिय क्षेत्र
बिश्रामपुर,4,19,आवासिय क्षेत्र
बिश्रामपुर,4,20,आवासिय क्षेत्र
बिश्रामपुर,4,21,आवासिय क्षेत्र
बिश्रामपुर,4,22,आवासिय क्षेत्र
बिश्रामपुर,4,24,आवासिय क्षेत्र
बिश्रामपुर,4,27,आवासिय क्षेत्र
बिश्रामपुर,4,28,आवासिय क्षेत्र
बिश्रामपुर,4,31,आवासिय क्षेत्र
बिश्रामपुर,4,32,आवासिय क्षेत्र
बिश्रामपुर,4,33,आवासिय क्षेत्र
बिश्रामपुर,4,34,आवासिय क्षेत्र
बिश्रामपुर,4,35,आवासिय क्षेत्र
बिश्रामपुर,4,36,आवासिय क्षेत्र
बिश्रामपुर,4,37,आवासिय क्षेत्र
बिश्रामपुर,4,38,आवासिय क्षेत्र
बिश्रामपुर,4,40,आवासिय क्षेत्र
बिश्रामपुर,4,41,आवासिय क्षेत्र
बिश्रामपुर,4,43,आवासिय क्षेत्र
बिश्रामपुर,4,44,आवासिय क्षेत्र
बिश्रामपुर,4,50,कृषि क्षेत्र
बिश्रामपुर,4,51,कृषि क्षेत्र
बिश्रामपुर,4,52,कृषि क्षेत्र
बिश्रामपुर,4,54,कृषि क्षेत्र
बिश्रामपुर,4,57,आवासिय क्षेत्र
बिश्रामपुर,4,58,आवासिय क्षेत्र
बिश्रामपुर,4,61,आवासिय क्षेत्र
बिश्रामपुर,4,62,आवासिय क्षेत्र
बिश्रामपुर,4,63,आवासिय क्षेत्र
बिश्रामपुर,4,64,आवासिय क्षेत्र
बिश्रामपुर,4,66,आवासिय क्षेत्र
बिश्रामपुर,4,68,आवासिय क्षेत्र
बिश्रामपुर,4,69,आवासिय क्षेत्र
बिश्रामपुर,4,73,कृषि क्षेत्र
बिश्रामपुर,4,77,आवासिय क्षेत्र
बिश्रामपुर,4,78,आवासिय क्षेत्र
बिश्रामपुर,4,92,आवासिय क्षेत्र
बिश्रामपुर,4,93,आवासिय क्षेत्र
बिश्रामपुर,4,94,आवासिय क्षेत्र
बिश्रामपुर,4,95,आवासिय क्षेत्र
बिश्रामपुर,4,96,आवासिय क्षेत्र
बिश्रामपुर,4,98,आवासिय क्षेत्र
बिश्रामपुर,4,99,आवासिय क्षेत्र
बिश्रामपुर,4,100,आवासिय क्षेत्र
बिश्रामपुर,4,101,आवासिय क्षेत्र
बिश्रामपुर,4,102,आवासिय क्षेत्र
बिश्रामपुर,4,103,आवासिय क्षेत्र
बिश्रामपुर,4,105,आवासिय क्षेत्र
बिश्रामपुर,4,106,आवासिय क्षेत्र
बिश्रामपुर,4,107,आवासिय क्षेत्र
बिश्रामपुर,4,108,आवासिय क्षेत्र
बिश्रामपुर,4,113,आवासिय क्षेत्र
बिश्रामपुर,4,116,आवासिय क्षेत्र
बिश्रामपुर,4,117,"नदी, खोला, ताल, सिमसार क्षेत्र"
बिश्रामपुर,4,118,आवासिय क्षेत्र
बिश्रामपुर,4,119,आवासिय क्षेत्र
बिश्रामपुर,4,120,आवासिय क्षेत्र
बिश्रामपुर,4,121,आवासिय क्षेत्र
बिश्रामपुर,4,122,कृषि क्षेत्र
बिश्रामपुर,4,123,आवासिय क्षेत्र
बिश्रामपुर,4,127,कृषि क्षेत्र
बिश्रामपुर,4,128,आवासिय क्षेत्र
बिश्रामपुर,4,129,आवासिय क्षेत्र
बिश्रामपुर,4,131,आवासिय क्षेत्र
बिश्रामपुर,4,132,कृषि क्षेत्र
बिश्रामपुर,4,133,कृषि क्षेत्र
बिश्रामपुर,4,134,आवासिय क्षेत्र
बिश्रामपुर,4,135,आवासिय क्षेत्र
बिश्रामपुर,4,140,कृषि क्षेत्र
बिश्रामपुर,4,142,आवासिय क्षेत्र
बिश्रामपुर,4,143,आवासिय क्षेत्र
बिश्रामपुर,4,144,कृषि क्षेत्र
बिश्रामपुर,4,145,कृषि क्षेत्र
बिश्रामपुर,4,146,आवासिय क्षेत्र
बिश्रामपुर,4,147,आवासिय क्षेत्र
बिश्रामपुर,4,152,आवासिय क्षेत्र
बिश्रामपुर,4,153,आवासिय क्षेत्र
बिश्रामपुर,4,158,कृषि क्षेत्र
बिश्रामपुर,4,159,कृषि क्षेत्र
बिश्रामपुर,4,160,कृषि क्षेत्र
बिश्रामपुर,4,161,कृषि क्षेत्र
बिश्रामपुर,4,162,कृषि क्षेत्र
बिश्रामपुर,4,163,कृषि क्षेत्र
बिश्रामपुर,4,203,आवासिय क्षेत्र
बिश्रामपुर,4,204,आवासिय क्षेत्र
बिश्रामपुर,4,205,आवासिय क्षेत्र
बिश्रामपुर,4,206,आवासिय क्षेत्र
बिश्रामपुर,4,207,आवासिय क्षेत्र
बिश्रामपुर,4,208,आवासिय क्षेत्र
बिश्रामपुर,4,212,आवासिय क्षेत्र
बिश्रामपुर,4,219,आवासिय क्षेत्र
बिश्रामपुर,4,220,आवासिय क्षेत्र
बिश्रामपुर,4,221,कृषि क्षेत्र
बिश्रामपुर,4,222,कृषि क्षेत्र
बिश्रामपुर,4,227,आवासिय क्षेत्र
बिश्रामपुर,4,228,आवासिय क्षेत्र
बिश्रामपुर,4,229,आवासिय क्षेत्र
बिश्रामपुर,4,230,आवासिय क्षेत्र
बिश्रामपुर,4,231,आवासिय क्षेत्र
बिश्रामपुर,4,232,आवासिय क्षेत्र
बिश्रामपुर,4,233,आवासिय क्षेत्र
बिश्रामपुर,4,234,आवासिय क्षेत्र
बिश्रामपुर,4,235,आवासिय क्षेत्र
बिश्रामपुर,4,250,आवासिय क्षेत्र
बिश्रामपुर,4,251,आवासिय क्षेत्र
बिश्रामपुर,4,252,आवासिय क्षेत्र
बिश्रामपुर,4,253,आवासिय क्षेत्र
बिश्रामपुर,4,257,आवासिय क्षेत्र
बिश्रामपुर,4,258,आवासिय क्षेत्र
बिश्रामपुर,4,259,आवासिय क्षेत्र
बिश्रामपुर,4,263,कृषि क्षेत्र
बिश्रामपुर,4,264,कृषि क्षेत्र
बिश्रामपुर,4,269,कृषि क्षेत्र
बिश्रामपुर,4,273,आवासिय क्षेत्र
बिश्रामपुर,4,274,आवासिय क्षेत्र
बिश्रामपुर,4,276,आवासिय क्षेत्र
बिश्रामपुर,4,277,आवासिय क्षेत्र
बिश्रामपुर,4,283,कृषि क्षेत्र
बिश्रामपुर,4,285,आवासिय क्षेत्र
बिश्रामपुर,4,287,आवासिय क्षेत्र
बिश्रामपुर,4,288,आवासिय क्षेत्र
बिश्रामपुर,4,289,आवासिय क्षेत्र
बिश्रामपुर,4,294,कृषि क्षेत्र
बिश्रामपुर,4,302,आवासिय क्षेत्र
बिश्रामपुर,4,303,कृषि क्षेत्र
बिश्रामपुर,4,308,आवासिय क्षेत्र
बिश्रामपुर,4,309,आवासिय क्षेत्र
बिश्रामपुर,4,334,कृषि क्षेत्र
बिश्रामपुर,4,335,कृषि क्षेत्र
बिश्रामपुर,4,352,आवासिय क्षेत्र
बिश्रामपुर,4,364,आवासिय क्षेत्र
बिश्रामपुर,4,368,आवासिय क्षेत्र
बिश्रामपुर,4,369,आवासिय क्षेत्र
बिश्रामपुर,4,370,आवासिय क्षेत्र
बिश्रामपुर,4,371,आवासिय क्षेत्र
बिश्रामपुर,4,372,कृषि क्षेत्र
बिश्रामपुर,4,373,कृषि क्षेत्र
बिश्रामपुर,4,374,आवासिय क्षेत्र
बिश्रामपुर,4,376,आवासिय क्षेत्र
बिश्रामपुर,4,379,आवासिय क्षेत्र
बिश्रामपुर,4,380,आवासिय क्षेत्र
बिश्रामपुर,4,381,कृषि क्षेत्र
बिश्रामपुर,4,382,कृषि क्षेत्र
बिश्रामपुर,4,383,कृषि क्षेत्र
बिश्रामपुर,4,384,कृषि क्षेत्र
बिश्रामपुर,4,386,आवासिय क्षेत्र
बिश्रामपुर,4,387,आवासिय क्षेत्र
बिश्रामपुर,4,389,आवासिय क्षेत्र
बिश्रामपुर,4,390,आवासिय क्षेत्र
बिश्रामपुर,4,391,आवासिय क्षेत्र
बिश्रामपुर,4,392,आवासिय क्षेत्र
बिश्रामपुर,4,394,आवासिय क्षेत्र
बिश्रामपुर,4,395,आवासिय क्षेत्र
बिश्रामपुर,4,396,आवासिय क्षेत्र
बिश्रामपुर,4,397,कृषि क्षेत्र
बिश्रामपुर,4,399,आवासिय क्षेत्र
बिश्रामपुर,4,401,आवासिय क्षेत्र
बिश्रामपुर,4,402,आवासिय क्षेत्र
बिश्रामपुर,4,403,आवासिय क्षेत्र
बिश्रामपुर,4,404,आवासिय क्षेत्र
बिश्रामपुर,4,405,आवासिय क्षेत्र
बिश्रामपुर,4,417,कृषि क्षेत्र
बिश्रामपुर,4,418,कृषि क्षेत्र
बिश्रामपुर,4,419,आवासिय क्षेत्र
बिश्रामपुर,4,420,आवासिय क्षेत्र
बिश्रामपुर,4,422,आवासिय क्षेत्र
बिश्रामपुर,4,424,कृषि क्षेत्र
बिश्रामपुर,4,426,आवासिय क्षेत्र
बिश्रामपुर,4,427,कृषि क्षेत्र
बिश्रामपुर,4,428,कृषि क्षेत्र
बिश्रामपुर,4,430,आवासिय क्षेत्र
बिश्रामपुर,4,440,कृषि क्षेत्र
बिश्रामपुर,4,441,कृषि क्षेत्र
बिश्रामपुर,4,442,आवासिय क्षेत्र
बिश्रामपुर,4,444,आवासिय क्षेत्र
बिश्रामपुर,4,445,आवासिय क्षेत्र
बिश्रामपुर,4,446,आवासिय क्षेत्र
बिश्रामपुर,4,447,आवासिय क्षेत्र
बिश्रामपुर,4,448,आवासिय क्षेत्र
बिश्रामपुर,4,449,आवासिय क्षेत्र
बिश्रामपुर,4,450,आवासिय क्षेत्र
बिश्रामपुर,4,450,आवासिय क्षेत्र
बिश्रामपुर,4,451,कृषि क्षेत्र
बिश्रामपुर,4,451,आवासिय क्षेत्र
बिश्रामपुर,4,452,आवासिय क्षेत्र
बिश्रामपुर,4,453,आवासिय क्षेत्र
बिश्रामपुर,4,454,आवासिय क्षेत्र
बिश्रामपुर,4,455,आवासिय क्षेत्र
बिश्रामपुर,4,456,आवासिय क्षेत्र
बिश्रामपुर,4,457,आवासिय क्षेत्र
बिश्रामपुर,4,464,आवासिय क्षेत्र
बिश्रामपुर,4,466,कृषि क्षेत्र
बिश्रामपुर,4,467,कृषि क्षेत्र
बिश्रामपुर,4,468,आवासिय क्षेत्र
बिश्रामपुर,4,469,आवासिय क्षेत्र
बिश्रामपुर,4,470,आवासिय क्षेत्र
बिश्रामपुर,4,471,आवासिय क्षेत्र
बिश्रामपुर,4,472,आवासिय क्षेत्र
बिश्रामपुर,4,473,आवासिय क्षेत्र
बिश्रामपुर,4,474,आवासिय क्षेत्र
बिश्रामपुर,4,475,आवासिय क्षेत्र
बिश्रामपुर,4,479,कृषि क्षेत्र
बिश्रामपुर,4,480,कृषि क्षेत्र
बिश्रामपुर,4,481,कृषि क्षेत्र
बिश्रामपुर,4,482,कृषि क्षेत्र
बिश्रामपुर,4,485,आवासिय क्षेत्र
बिश्रामपुर,4,486,आवासिय क्षेत्र
बिश्रामपुर,4,489,आवासिय क्षेत्र
बिश्रामपुर,4,490,आवासिय क्षेत्र
बिश्रामपुर,4,491,आवासिय क्षेत्र
बिश्रामपुर,4,492,आवासिय क्षेत्र
बिश्रामपुर,4,493,आवासिय क्षेत्र
बिश्रामपुर,4,494,आवासिय क्षेत्र
बिश्रामपुर,4,495,आवासिय क्षेत्र
बिश्रामपुर,4,999995,आवासिय क्षेत्र
बिश्रामपुर,4,999997,आवासिय क्षेत्र
बिश्रामपुर,4 गाउँ,1,आवासिय क्षेत्र
बिश्रामपुर,4 गाउँ,2,आवासिय क्षेत्र
बिश्रामपुर,4 गाउँ,3,आवासिय क्षेत्र
बिश्रामपुर,4 गाउँ,4,आवासिय क्षेत्र
बिश्रामपुर,4 गाउँ,5,आवासिय क्षेत्र
बिश्रामपुर,4 गाउँ,6,आवासिय क्षेत्र
बिश्रामपुर,4 गाउँ,7,आवासिय क्षेत्र
बिश्रामपुर,4 गाउँ,8,आवासिय क्षेत्र
बिश्रामपुर,4 गाउँ,9,आवासिय क्षेत्र
बिश्रामपुर,4 गाउँ,10,आवासिय क्षेत्र
बिश्रामपुर,4 गाउँ,12,आवासिय क्षेत्र
बिश्रामपुर,4 गाउँ,13,आवासिय क्षेत्र
बिश्रामपुर,4 गाउँ,14,आवासिय क्षेत्र
बिश्रामपुर,4 गाउँ,15,आवासिय क्षेत्र
बिश्रामपुर,4 गाउँ,16,आवासिय क्षेत्र
बिश्रामपुर,4 गाउँ,17,आवासिय क्षेत्र
बिश्रामपुर,4 गाउँ,19,आवासिय क्षेत्र
बिश्रामपुर,4 गाउँ,20,आवासिय क्षेत्र
बिश्रामपुर,4 गाउँ,21,आवासिय क्षेत्र
बिश्रामपुर,4 गाउँ,22,आवासिय क्षेत्र
बिश्रामपुर,4 गाउँ,23,आवासिय क्षेत्र
बिश्रामपुर,4 गाउँ,24,आवासिय क्षेत्र
बिश्रामपुर,4 गाउँ,25,आवासिय क्षेत्र
बिश्रामपुर,4 गाउँ,26,आवासिय क्षेत्र
बिश्रामपुर,4 गाउँ,27,आवासिय क्षेत्र
बिश्रामपुर,4 गाउँ,28,आवासिय क्षेत्र
बिश्रामपुर,4 गाउँ,29,आवासिय क्षेत्र
बिश्रामपुर,4 गाउँ,30,आवासिय क्षेत्र
बिश्रामपुर,4 गाउँ,31,आवासिय क्षेत्र
बिश्रामपुर,4 गाउँ,32,आवासिय क्षेत्र
बिश्रामपुर,4 गाउँ,33,आवासिय क्षेत्र
बिश्रामपुर,4 गाउँ,34,आवासिय क्षेत्र
बिश्रामपुर,4 गाउँ,35,आवासिय क्षेत्र
बिश्रामपुर,4 गाउँ,36,आवासिय क्षेत्र
बिश्रामपुर,4 गाउँ,37,आवासिय क्षेत्र
बिश्रामपुर,4 गाउँ,38,आवासिय क्षेत्र
बिश्रामपुर,4 गाउँ,39,आवासिय क्षेत्र
बिश्रामपुर,4 गाउँ,41,आवासिय क्षेत्र
बिश्रामपुर,4 गाउँ,42,आवासिय क्षेत्र
बिश्रामपुर,4 गाउँ,43,आवासिय क्षेत्र
बिश्रामपुर,4 गाउँ,44,आवासिय क्षेत्र
बिश्रामपुर,4 गाउँ,45,आवासिय क्षेत्र
बिश्रामपुर,4 गाउँ,47,आवासिय क्षेत्र
बिश्रामपुर,4 गाउँ,48,आवासिय क्षेत्र
बिश्रामपुर,4 गाउँ,50,आवासिय क्षेत्र
बिश्रामपुर,4 गाउँ,52,आवासिय क्षेत्र
बिश्रामपुर,4 गाउँ,54,आवासिय क्षेत्र
बिश्रामपुर,4 गाउँ,57,आवासिय क्षेत्र
बिश्रामपुर,4 गाउँ,58,आवासिय क्षेत्र
बिश्रामपुर,4 गाउँ,59,आवासिय क्षेत्र
बिश्रामपुर,4 गाउँ,62,आवासिय क्षेत्र
बिश्रामपुर,4 गाउँ,63,आवासिय क्षेत्र
बिश्रामपुर,4 गाउँ,64,आवासिय क्षेत्र
बिश्रामपुर,4 गाउँ,65,आवासिय क्षेत्र
बिश्रामपुर,4 गाउँ,66,आवासिय क्षेत्र
बिश्रामपुर,4 गाउँ,67,आवासिय क्षेत्र
बिश्रामपुर,4 नहर,18,आवासिय क्षेत्र
बिश्रामपुर,4 नहर,19,आवासिय क्षेत्र
बिश्रामपुर,4 नहर,20,आवासिय क्षेत्र
बिश्रामपुर,4 नहर,21,आवासिय क्षेत्र
बिश्रामपुर,4 नहर,26,आवासिय क्षेत्र
बिश्रामपुर,4 नहर,98,आवासिय क्षेत्र
बिश्रामपुर,4 नहर,128,आवासिय क्षेत्र
बिश्रामपुर,4 नहर,130,आवासिय क्षेत्र
बिश्रामपुर,4 नहर,134,आवासिय क्षेत्र
बिश्रामपुर,4 नहर,164,सार्वजनिक उपयोग क्षेत्र
बिश्रामपुर,4 नहर,166,आवासिय क्षेत्र
बिश्रामपुर,4 नहर,167,आवासिय क्षेत्र
बिश्रामपुर,4 नहर,168,आवासिय क्षेत्र
बिश्रामपुर,4 नहर,170,आवासिय क्षेत्र
बिश्रामपुर,4 नहर,171,आवासिय क्षेत्र
बिश्रामपुर,4 नहर,172,आवासिय क्षेत्र
बिश्रामपुर,4 नहर,173,आवासिय क्षेत्र
बिश्रामपुर,4 नहर,177,आवासिय क्षेत्र
बिश्रामपुर,4 नहर,181,आवासिय क्षेत्र
बिश्रामपुर,4 नहर,182,आवासिय क्षेत्र
बिश्रामपुर,4 नहर,183,आवासिय क्षेत्र
बिश्रामपुर,4 नहर,184,आवासिय क्षेत्र
बिश्रामपुर,4 नहर,187,आवासिय क्षेत्र
बिश्रामपुर,4 नहर,188,आवासिय क्षेत्र
बिश्रामपुर,4 नहर,189,आवासिय क्षेत्र
बिश्रामपुर,4 नहर,190,आवासिय क्षेत्र
बिश्रामपुर,4 नहर,191,आवासिय क्षेत्र
बिश्रामपुर,4 नहर,213,आवासिय क्षेत्र
बिश्रामपुर,4 नहर,214,आवासिय क्षेत्र
बिश्रामपुर,4 नहर,215,आवासिय क्षेत्र
बिश्रामपुर,4 नहर,216,आवासिय क्षेत्र
बिश्रामपुर,4 नहर,217,आवासिय क्षेत्र
बिश्रामपुर,4 नहर,218,आवासिय क्षेत्र
बिश्रामपुर,4 नहर,254,आवासिय क्षेत्र
बिश्रामपुर,4 नहर,255,आवासिय क्षेत्र
बिश्रामपुर,4 नहर,256,आवासिय क्षेत्र
बिश्रामपुर,4 नहर,257,आवासिय क्षेत्र
बिश्रामपुर,4 नहर,258,आवासिय क्षेत्र
बिश्रामपुर,4 नहर,259,आवासिय क्षेत्र
बिश्रामपुर,4 नहर,260,आवासिय क्षेत्र
बिश्रामपुर,4 नहर,261,आवासिय क्षेत्र
बिश्रामपुर,4 नहर,281,आवासिय क्षेत्र
बिश्रामपुर,4 नहर,344,आवासिय क्षेत्र
बिश्रामपुर,4 नहर,346,आवासिय क्षेत्र
बिश्रामपुर,4 नहर,347,आवासिय क्षेत्र
बिश्रामपुर,4 नहर,348,आवासिय क्षेत्र
बिश्रामपुर,4 नहर,349,आवासिय क्षेत्र
बिश्रामपुर,4 नहर,360,आवासिय क्षेत्र
बिश्रामपुर,4 नहर,361,आवासिय क्षेत्र
बिश्रामपुर,4 नहर,362,आवासिय क्षेत्र
बिश्रामपुर,4 नहर,363,आवासिय क्षेत्र
बिश्रामपुर,4 नहर,458,आवासिय क्षेत्र
बिश्रामपुर,4 नहर,459,आवासिय क्षेत्र
बिश्रामपुर,4 नहर,460,आवासिय क्षेत्र
बिश्रामपुर,4 नहर,462,आवासिय क्षेत्र
बिश्रामपुर,4 नहर,463,आवासिय क्षेत्र
बिश्रामपुर,4 नहर,476,आवासिय क्षेत्र
बिश्रामपुर,4 नहर,477,आवासिय क्षेत्र
बिश्रामपुर,4 नहर,483,आवासिय क्षेत्र
बिश्रामपुर,4 नहर,484,आवासिय क्षेत्र
बिश्रामपुर,4 नहर,487,आवासिय क्षेत्र
बिश्रामपुर,4 नहर,488,आवासिय क्षेत्र
बिश्रामपुर,5,2,आवासिय क्षेत्र
बिश्रामपुर,5,4,आवासिय क्षेत्र
बिश्रामपुर,5,5,आवासिय क्षेत्र
बिश्रामपुर,5,7,कृषि क्षेत्र
बिश्रामपुर,5,8,कृषि क्षेत्र
बिश्रामपुर,5,9,कृषि क्षेत्र
बिश्रामपुर,5,10,आवासिय क्षेत्र
बिश्रामपुर,5,12,कृषि क्षेत्र
बिश्रामपुर,5,13,कृषि क्षेत्र
बिश्रामपुर,5,14,कृषि क्षेत्र
बिश्रामपुर,5,15,कृषि क्षेत्र
बिश्रामपुर,5,16,कृषि क्षेत्र
बिश्रामपुर,5,17,कृषि क्षेत्र
बिश्रामपुर,5,18,कृषि क्षेत्र
बिश्रामपुर,5,19,कृषि क्षेत्र
बिश्रामपुर,5,20,कृषि क्षेत्र
बिश्रामपुर,5,21,कृषि क्षेत्र
बिश्रामपुर,5,22,कृषि क्षेत्र
बिश्रामपुर,5,23,कृषि क्षेत्र
बिश्रामपुर,5,24,कृषि क्षेत्र
बिश्रामपुर,5,25,कृषि क्षेत्र
बिश्रामपुर,5,26,कृषि क्षेत्र
बिश्रामपुर,5,27,कृषि क्षेत्र
बिश्रामपुर,5,28,कृषि क्षेत्र
बिश्रामपुर,5,29,कृषि क्षेत्र
बिश्रामपुर,5,30,कृषि क्षेत्र
बिश्रामपुर,5,31,कृषि क्षेत्र
बिश्रामपुर,5,32,कृषि क्षेत्र
बिश्रामपुर,5,33,कृषि क्षेत्र
बिश्रामपुर,5,34,कृषि क्षेत्र
बिश्रामपुर,5,35,आवासिय क्षेत्र
बिश्रामपुर,5,36,कृषि क्षेत्र
बिश्रामपुर,5,37,कृषि क्षेत्र
बिश्रामपुर,5,38,कृषि क्षेत्र
बिश्रामपुर,5,39,कृषि क्षेत्र
बिश्रामपुर,5,40,कृषि क्षेत्र
बिश्रामपुर,5,41,आवासिय क्षेत्र
बिश्रामपुर,5,42,आवासिय क्षेत्र
बिश्रामपुर,5,43,आवासिय क्षेत्र
बिश्रामपुर,5,44,आवासिय क्षेत्र
बिश्रामपुर,5,46,आवासिय क्षेत्र
बिश्रामपुर,5,47,आवासिय क्षेत्र
बिश्रामपुर,5,48,आवासिय क्षेत्र
बिश्रामपुर,5,49,आवासिय क्षेत्र
बिश्रामपुर,5,50,आवासिय क्षेत्र
बिश्रामपुर,5,51,आवासिय क्षेत्र
बिश्रामपुर,5,53,आवासिय क्षेत्र
बिश्रामपुर,5,54,आवासिय क्षेत्र
बिश्रामपुर,5,55,आवासिय क्षेत्र
बिश्रामपुर,5,56,आवासिय क्षेत्र
बिश्रामपुर,5,57,आवासिय क्षेत्र
बिश्रामपुर,5,58,आवासिय क्षेत्र
बिश्रामपुर,5,59,आवासिय क्षेत्र
बिश्रामपुर,5,60,आवासिय क्षेत्र
बिश्रामपुर,5,61,आवासिय क्षेत्र
बिश्रामपुर,5,62,आवासिय क्षेत्र
बिश्रामपुर,5,63,आवासिय क्षेत्र
बिश्रामपुर,5,64,आवासिय क्षेत्र
बिश्रामपुर,5,65,आवासिय क्षेत्र
बिश्रामपुर,5,67,आवासिय क्षेत्र
बिश्रामपुर,5,70,आवासिय क्षेत्र
बिश्रामपुर,5,71,आवासिय क्षेत्र
बिश्रामपुर,5,72,आवासिय क्षेत्र
बिश्रामपुर,5,73,आवासिय क्षेत्र
बिश्रामपुर,5,74,आवासिय क्षेत्र
बिश्रामपुर,5,76,आवासिय क्षेत्र
बिश्रामपुर,5,77,आवासिय क्षेत्र
बिश्रामपुर,5,78,आवासिय क्षेत्र
बिश्रामपुर,5,81,आवासिय क्षेत्र
बिश्रामपुर,5,82,आवासिय क्षेत्र
बिश्रामपुर,5,83,आवासिय क्षेत्र
बिश्रामपुर,5,84,कृषि क्षेत्र
बिश्रामपुर,5,88,आवासिय क्षेत्र
बिश्रामपुर,5,89,आवासिय क्षेत्र
बिश्रामपुर,5,90,कृषि क्षेत्र
बिश्रामपुर,5,91,कृषि क्षेत्र
बिश्रामपुर,5,92,कृषि क्षेत्र
बिश्रामपुर,5,93,कृषि क्षेत्र
बिश्रामपुर,5,94,कृषि क्षेत्र
बिश्रामपुर,5,95,कृषि क्षेत्र
बिश्रामपुर,5,96,कृषि क्षेत्र
बिश्रामपुर,5,97,कृषि क्षेत्र
बिश्रामपुर,5,99,कृषि क्षेत्र
बिश्रामपुर,5,100,कृषि क्षेत्र
बिश्रामपुर,5,101,कृषि क्षेत्र
बिश्रामपुर,5,103,कृषि क्षेत्र
बिश्रामपुर,5,105,कृषि क्षेत्र
बिश्रामपुर,5,106,कृषि क्षेत्र
बिश्रामपुर,5,107,कृषि क्षेत्र
बिश्रामपुर,5,109,कृषि क्षेत्र
बिश्रामपुर,5,110,कृषि क्षेत्र
बिश्रामपुर,5,112,कृषि क्षेत्र
बिश्रामपुर,5,113,कृषि क्षेत्र
बिश्रामपुर,5,114,कृषि क्षेत्र
बिश्रामपुर,5,115,कृषि क्षेत्र
बिश्रामपुर,5,116,कृषि क्षेत्र
बिश्रामपुर,5,117,कृषि क्षेत्र
बिश्रामपुर,5,118,कृषि क्षेत्र
बिश्रामपुर,5,119,कृषि क्षेत्र
बिश्रामपुर,5,120,कृषि क्षेत्र
बिश्रामपुर,5,121,कृषि क्षेत्र
बिश्रामपुर,5,123,कृषि क्षेत्र
बिश्रामपुर,5,125,कृषि क्षेत्र
बिश्रामपुर,5,126,कृषि क्षेत्र
बिश्रामपुर,5,127,कृषि क्षेत्र
बिश्रामपुर,5,131,कृषि क्षेत्र
बिश्रामपुर,5,132,कृषि क्षेत्र
बिश्रामपुर,5,133,कृषि क्षेत्र
बिश्रामपुर,5,134,कृषि क्षेत्र
बिश्रामपुर,5,135,कृषि क्षेत्र
बिश्रामपुर,5,136,कृषि क्षेत्र
बिश्रामपुर,5,137,कृषि क्षेत्र
बिश्रामपुर,5,138,कृषि क्षेत्र
बिश्रामपुर,5,140,कृषि क्षेत्र
बिश्रामपुर,5,141,कृषि क्षेत्र
बिश्रामपुर,5,142,कृषि क्षेत्र
बिश्रामपुर,5,142,कृषि क्षेत्र
बिश्रामपुर,5,143,कृषि क्षेत्र
बिश्रामपुर,5,143,कृषि क्षेत्र
बिश्रामपुर,5,144,कृषि क्षेत्र
बिश्रामपुर,5,144,कृषि क्षेत्र
बिश्रामपुर,5,145,कृषि क्षेत्र
बिश्रामपुर,5,147,कृषि क्षेत्र
बिश्रामपुर,5,148,कृषि क्षेत्र
बिश्रामपुर,5,152,कृषि क्षेत्र
बिश्रामपुर,5,153,कृषि क्षेत्र
बिश्रामपुर,5,154,कृषि क्षेत्र
बिश्रामपुर,5,155,कृषि क्षेत्र
बिश्रामपुर,5,156,कृषि क्षेत्र
बिश्रामपुर,5,157,कृषि क्षेत्र
बिश्रामपुर,5,159,कृषि क्षेत्र
बिश्रामपुर,5,160,कृषि क्षेत्र
बिश्रामपुर,5,162,कृषि क्षेत्र
बिश्रामपुर,5,163,कृषि क्षेत्र
बिश्रामपुर,5,164,कृषि क्षेत्र
बिश्रामपुर,5,165,कृषि क्षेत्र
बिश्रामपुर,5,166,कृषि क्षेत्र
बिश्रामपुर,5,167,कृषि क्षेत्र
बिश्रामपुर,5,168,कृषि क्षेत्र
बिश्रामपुर,5,169,कृषि क्षेत्र
बिश्रामपुर,5,170,कृषि क्षेत्र
बिश्रामपुर,5,178,कृषि क्षेत्र
बिश्रामपुर,5,179,कृषि क्षेत्र
बिश्रामपुर,5,182,कृषि क्षेत्र
बिश्रामपुर,5,184,कृषि क्षेत्र
बिश्रामपुर,5,185,कृषि क्षेत्र
बिश्रामपुर,5,186,कृषि क्षेत्र
बिश्रामपुर,5,187,कृषि क्षेत्र
बिश्रामपुर,5,189,कृषि क्षेत्र
बिश्रामपुर,5,190,कृषि क्षेत्र
बिश्रामपुर,5,192,कृषि क्षेत्र
बिश्रामपुर,5,196,कृषि क्षेत्र
बिश्रामपुर,5,197,कृषि क्षेत्र
बिश्रामपुर,5,199,कृषि क्षेत्र
बिश्रामपुर,5,201,आवासिय क्षेत्र
बिश्रामपुर,5,202,आवासिय क्षेत्र
बिश्रामपुर,5,203,आवासिय क्षेत्र
बिश्रामपुर,5,204,कृषि क्षेत्र
बिश्रामपुर,5,205,कृषि क्षेत्र
बिश्रामपुर,5,206,आवासिय क्षेत्र
बिश्रामपुर,5,208,कृषि क्षेत्र
बिश्रामपुर,5,209,कृषि क्षेत्र
बिश्रामपुर,5,210,कृषि क्षेत्र
बिश्रामपुर,5,211,कृषि क्षेत्र
बिश्रामपुर,5,213,कृषि क्षेत्र
बिश्रामपुर,5,216,कृषि क्षेत्र
बिश्रामपुर,5,223,आवासिय क्षेत्र
बिश्रामपुर,5,224,आवासिय क्षेत्र
बिश्रामपुर,5,228,आवासिय क्षेत्र
बिश्रामपुर,5,229,आवासिय क्षेत्र
बिश्रामपुर,5,230,कृषि क्षेत्र
बिश्रामपुर,5,231,कृषि क्षेत्र
बिश्रामपुर,5,232,आवासिय क्षेत्र
बिश्रामपुर,5,234,आवासिय क्षेत्र
बिश्रामपुर,5,235,आवासिय क्षेत्र
बिश्रामपुर,5,236,कृषि क्षेत्र
बिश्रामपुर,5,237,कृषि क्षेत्र
बिश्रामपुर,5,239,कृषि क्षेत्र
बिश्रामपुर,5,245,कृषि क्षेत्र
बिश्रामपुर,5,246,कृषि क्षेत्र
बिश्रामपुर,5,247,कृषि क्षेत्र
बिश्रामपुर,5,248,कृषि क्षेत्र
बिश्रामपुर,5,300,आवासिय क्षेत्र
बिश्रामपुर,5,343,कृषि क्षेत्र
बिश्रामपुर,5,344,कृषि क्षेत्र
बिश्रामपुर,5,345,कृषि क्षेत्र
बिश्रामपुर,5,374,आवासिय क्षेत्र
बिश्रामपुर,5,375,आवासिय क्षेत्र
बिश्रामपुर,5,378,कृषि क्षेत्र
बिश्रामपुर,5,379,कृषि क्षेत्र
बिश्रामपुर,5,382,कृषि क्षेत्र
बिश्रामपुर,5,417,कृषि क्षेत्र
बिश्रामपुर,5,421,कृषि क्षेत्र
बिश्रामपुर,5,437,कृषि क्षेत्र
बिश्रामपुर,5,438,कृषि क्षेत्र
बिश्रामपुर,5,439,कृषि क्षेत्र
बिश्रामपुर,5,440,कृषि क्षेत्र
बिश्रामपुर,5,441,कृषि क्षेत्र
बिश्रामपुर,5,442,कृषि क्षेत्र
बिश्रामपुर,5,447,आवासिय क्षेत्र
बिश्रामपुर,5,448,कृषि क्षेत्र
बिश्रामपुर,5,449,कृषि क्षेत्र
बिश्रामपुर,5,450,कृषि क्षेत्र
बिश्रामपुर,5,451,कृषि क्षेत्र
बिश्रामपुर,5,457,कृषि क्षेत्र
बिश्रामपुर,5,458,कृषि क्षेत्र
बिश्रामपुर,5,464,कृषि क्षेत्र
बिश्रामपुर,5,465,कृषि क्षेत्र
बिश्रामपुर,5,477,कृषि क्षेत्र
बिश्रामपुर,5,478,कृषि क्षेत्र
बिश्रामपुर,5,479,कृषि क्षेत्र
बिश्रामपुर,5,480,कृषि क्षेत्र
बिश्रामपुर,5,483,कृषि क्षेत्र
बिश्रामपुर,5,484,कृषि क्षेत्र
बिश्रामपुर,5,493,कृषि क्षेत्र
बिश्रामपुर,5,494,कृषि क्षेत्र
बिश्रामपुर,5,495,कृषि क्षेत्र
बिश्रामपुर,5,496,कृषि क्षेत्र
बिश्रामपुर,5,497,कृषि क्षेत्र
बिश्रामपुर,5,510,कृषि क्षेत्र
बिश्रामपुर,5,511,आवासिय क्षेत्र
बिश्रामपुर,5,512,आवासिय क्षेत्र
बिश्रामपुर,5,513,आवासिय क्षेत्र
बिश्रामपुर,5,514,आवासिय क्षेत्र
बिश्रामपुर,5,515,आवासिय क्षेत्र
बिश्रामपुर,5,528,कृषि क्षेत्र
बिश्रामपुर,5,529,कृषि क्षेत्र
बिश्रामपुर,5,530,कृषि क्षेत्र
बिश्रामपुर,5,539,कृषि क्षेत्र
बिश्रामपुर,5,540,कृषि क्षेत्र
बिश्रामपुर,5,543,कृषि क्षेत्र
बिश्रामपुर,5,544,कृषि क्षेत्र
बिश्रामपुर,5,545,कृषि क्षेत्र
बिश्रामपुर,5,546,कृषि क्षेत्र
बिश्रामपुर,5,547,कृषि क्षेत्र
बिश्रामपुर,5,548,कृषि क्षेत्र
बिश्रामपुर,5,549,कृषि क्षेत्र
बिश्रामपुर,5,550,कृषि क्षेत्र
बिश्रामपुर,5,551,कृषि क्षेत्र
बिश्रामपुर,5,552,आवासिय क्षेत्र
बिश्रामपुर,5,554,आवासिय क्षेत्र
बिश्रामपुर,5,555,कृषि क्षेत्र
बिश्रामपुर,5,556,कृषि क्षेत्र
बिश्रामपुर,5,557,आवासिय क्षेत्र
बिश्रामपुर,5,558,आवासिय क्षेत्र
बिश्रामपुर,5,559,कृषि क्षेत्र
बिश्रामपुर,5,560,कृषि क्षेत्र
बिश्रामपुर,5,561,कृषि क्षेत्र
बिश्रामपुर,5,562,कृषि क्षेत्र
बिश्रामपुर,5,564,आवासिय क्षेत्र
बिश्रामपुर,5,565,आवासिय क्षेत्र
बिश्रामपुर,5,566,आवासिय क्षेत्र
बिश्रामपुर,5,567,कृषि क्षेत्र
बिश्रामपुर,5,568,कृषि क्षेत्र
बिश्रामपुर,5,569,कृषि क्षेत्र
बिश्रामपुर,5,999999,आवासिय क्षेत्र
बिश्रामपुर,5 गाउँ,1,आवासिय क्षेत्र
बिश्रामपुर,5 गाउँ,1,आवासिय क्षेत्र
बिश्रामपुर,5 गाउँ,2,सार्वजनिक उपयोग क्षेत्र
बिश्रामपुर,5 गाउँ,2,आवासिय क्षेत्र
बिश्रामपुर,5 गाउँ,3,आवासिय क्षेत्र
बिश्रामपुर,5 गाउँ,4,आवासिय क्षेत्र
बिश्रामपुर,5 गाउँ,4,आवासिय क्षेत्र
बिश्रामपुर,5 गाउँ,5,आवासिय क्षेत्र
बिश्रामपुर,5 गाउँ,6,आवासिय क्षेत्र
बिश्रामपुर,5 गाउँ,6,आवासिय क्षेत्र
बिश्रामपुर,5 गाउँ,7,आवासिय क्षेत्र
बिश्रामपुर,5 गाउँ,7,आवासिय क्षेत्र
बिश्रामपुर,5 गाउँ,8,आवासिय क्षेत्र
बिश्रामपुर,5 गाउँ,9,आवासिय क्षेत्र
बिश्रामपुर,5 गाउँ,9,आवासिय क्षेत्र
बिश्रामपुर,5 गाउँ,10,आवासिय क्षेत्र
बिश्रामपुर,5 गाउँ,10,आवासिय क्षेत्र
बिश्रामपुर,5 गाउँ,11,आवासिय क्षेत्र
बिश्रामपुर,5 गाउँ,11,आवासिय क्षेत्र
बिश्रामपुर,5 गाउँ,12,आवासिय क्षेत्र
बिश्रामपुर,5 गाउँ,12,आवासिय क्षेत्र
बिश्रामपुर,5 गाउँ,13,आवासिय क्षेत्र
बिश्रामपुर,5 गाउँ,13,आवासिय क्षेत्र
बिश्रामपुर,5 गाउँ,14,आवासिय क्षेत्र
बिश्रामपुर,5 गाउँ,14,आवासिय क्षेत्र
बिश्रामपुर,5 गाउँ,15,आवासिय क्षेत्र
बिश्रामपुर,5 गाउँ,15,आवासिय क्षेत्र
बिश्रामपुर,5 गाउँ,16,आवासिय क्षेत्र
बिश्रामपुर,5 गाउँ,16,आवासिय क्षेत्र
बिश्रामपुर,5 गाउँ,17,आवासिय क्षेत्र
बिश्रामपुर,5 गाउँ,17,आवासिय क्षेत्र
बिश्रामपुर,5 गाउँ,18,आवासिय क्षेत्र
बिश्रामपुर,5 गाउँ,18,आवासिय क्षेत्र
बिश्रामपुर,5 गाउँ,19,आवासिय क्षेत्र
बिश्रामपुर,5 गाउँ,19,आवासिय क्षेत्र
बिश्रामपुर,5 गाउँ,20,आवासिय क्षेत्र
बिश्रामपुर,5 गाउँ,20,आवासिय क्षेत्र
बिश्रामपुर,5 गाउँ,21,आवासिय क्षेत्र
बिश्रामपुर,5 गाउँ,21,आवासिय क्षेत्र
बिश्रामपुर,5 गाउँ,22,आवासिय क्षेत्र
बिश्रामपुर,5 गाउँ,22,आवासिय क्षेत्र
बिश्रामपुर,5 गाउँ,23,आवासिय क्षेत्र
बिश्रामपुर,5 गाउँ,23,आवासिय क्षेत्र
बिश्रामपुर,5 गाउँ,24,आवासिय क्षेत्र
बिश्रामपुर,5 गाउँ,24,आवासिय क्षेत्र
बिश्रामपुर,5 गाउँ,25,आवासिय क्षेत्र
बिश्रामपुर,5 गाउँ,25,आवासिय क्षेत्र
बिश्रामपुर,5 गाउँ,26,आवासिय क्षेत्र
बिश्रामपुर,5 गाउँ,26,आवासिय क्षेत्र
बिश्रामपुर,5 गाउँ,27,आवासिय क्षेत्र
बिश्रामपुर,5 गाउँ,27,आवासिय क्षेत्र
बिश्रामपुर,5 गाउँ,28,आवासिय क्षेत्र
बिश्रामपुर,5 गाउँ,28,आवासिय क्षेत्र
बिश्रामपुर,5 गाउँ,29,आवासिय क्षेत्र
बिश्रामपुर,5 गाउँ,29,आवासिय क्षेत्र
बिश्रामपुर,5 गाउँ,30,आवासिय क्षेत्र
बिश्रामपुर,5 गाउँ,30,आवासिय क्षेत्र
बिश्रामपुर,5 गाउँ,31,आवासिय क्षेत्र
बिश्रामपुर,5 गाउँ,31,आवासिय क्षेत्र
बिश्रामपुर,5 गाउँ,32,आवासिय क्षेत्र
बिश्रामपुर,5 गाउँ,32,आवासिय क्षेत्र
बिश्रामपुर,5 गाउँ,33,आवासिय क्षेत्र
बिश्रामपुर,5 गाउँ,33,आवासिय क्षेत्र
बिश्रामपुर,5 गाउँ,34,आवासिय क्षेत्र
बिश्रामपुर,5 गाउँ,34,आवासिय क्षेत्र
बिश्रामपुर,5 गाउँ,35,आवासिय क्षेत्र
बिश्रामपुर,5 गाउँ,35,आवासिय क्षेत्र
बिश्रामपुर,5 गाउँ,36,आवासिय क्षेत्र
बिश्रामपुर,5 गाउँ,37,आवासिय क्षेत्र
बिश्रामपुर,5 गाउँ,37,आवासिय क्षेत्र
बिश्रामपुर,5 गाउँ,38,आवासिय क्षेत्र
बिश्रामपुर,5 गाउँ,39,आवासिय क्षेत्र
बिश्रामपुर,5 गाउँ,40,आवासिय क्षेत्र
बिश्रामपुर,5 गाउँ,41,आवासिय क्षेत्र
बिश्रामपुर,5 गाउँ,42,आवासिय क्षेत्र
बिश्रामपुर,5 गाउँ,42,आवासिय क्षेत्र
बिश्रामपुर,5 गाउँ,43,आवासिय क्षेत्र
बिश्रामपुर,5 गाउँ,44,आवासिय क्षेत्र
बिश्रामपुर,5 गाउँ,45,आवासिय क्षेत्र
बिश्रामपुर,5 गाउँ,46,आवासिय क्षेत्र
बिश्रामपुर,5 गाउँ,46,आवासिय क्षेत्र
बिश्रामपुर,5 गाउँ,47,आवासिय क्षेत्र
बिश्रामपुर,5 गाउँ,48,आवासिय क्षेत्र
बिश्रामपुर,5 गाउँ,49,आवासिय क्षेत्र
बिश्रामपुर,5 गाउँ,49,आवासिय क्षेत्र
बिश्रामपुर,5 गाउँ,50,आवासिय क्षेत्र
बिश्रामपुर,5 गाउँ,50,आवासिय क्षेत्र
बिश्रामपुर,5 गाउँ,51,आवासिय क्षेत्र
बिश्रामपुर,5 गाउँ,51,आवासिय क्षेत्र
बिश्रामपुर,5 गाउँ,52,आवासिय क्षेत्र
बिश्रामपुर,5 गाउँ,52,आवासिय क्षेत्र
बिश्रामपुर,5 गाउँ,53,आवासिय क्षेत्र
बिश्रामपुर,5 गाउँ,53,आवासिय क्षेत्र
बिश्रामपुर,5 गाउँ,54,आवासिय क्षेत्र
बिश्रामपुर,5 गाउँ,54,आवासिय क्षेत्र
बिश्रामपुर,5 गाउँ,55,आवासिय क्षेत्र
बिश्रामपुर,5 गाउँ,56,आवासिय क्षेत्र
बिश्रामपुर,5 गाउँ,56,आवासिय क्षेत्र
बिश्रामपुर,5 गाउँ,57,आवासिय क्षेत्र
बिश्रामपुर,5 गाउँ,57,आवासिय क्षेत्र
बिश्रामपुर,5 गाउँ,58,आवासिय क्षेत्र
बिश्रामपुर,5 गाउँ,58,आवासिय क्षेत्र
बिश्रामपुर,5 गाउँ,59,आवासिय क्षेत्र
बिश्रामपुर,5 गाउँ,59,आवासिय क्षेत्र
बिश्रामपुर,5 गाउँ,60,आवासिय क्षेत्र
बिश्रामपुर,5 गाउँ,60,आवासिय क्षेत्र
बिश्रामपुर,5 गाउँ,61,आवासिय क्षेत्र
बिश्रामपुर,5 गाउँ,61,आवासिय क्षेत्र
बिश्रामपुर,5 गाउँ,520001,आवासिय क्षेत्र
बिश्रामपुर,5 गाउँ,520002,आवासिय क्षेत्र
बिश्रामपुर,5 गाउँ,999998,आवासिय क्षेत्र
बिश्रामपुर,5 गाउँ,999998,आवासिय क्षेत्र
बिश्रामपुर,5 गाउँ,999999,आवासिय क्षेत्र
बिश्रामपुर,6 क,1,कृषि क्षेत्र
बिश्रामपुर,6 क,4,कृषि क्षेत्र
बिश्रामपुर,6 क,5,कृषि क्षेत्र
बिश्रामपुर,6 क,7,कृषि क्षेत्र
बिश्रामपुर,6 क,10,आवासिय क्षेत्र
बिश्रामपुर,6 क,11,आवासिय क्षेत्र
बिश्रामपुर,6 क,12,आवासिय क्षेत्र
बिश्रामपुर,6 क,13,आवासिय क्षेत्र
बिश्रामपुर,6 क,14,आवासिय क्षेत्र
बिश्रामपुर,6 क,16,आवासिय क्षेत्र
बिश्रामपुर,6 क,17,आवासिय क्षेत्र
बिश्रामपुर,6 क,18,आवासिय क्षेत्र
बिश्रामपुर,6 क,19,आवासिय क्षेत्र
बिश्रामपुर,6 क,20,आवासिय क्षेत्र
बिश्रामपुर,6 क,24,आवासिय क्षेत्र
बिश्रामपुर,6 क,25,आवासिय क्षेत्र
बिश्रामपुर,6 क,28,आवासिय क्षेत्र
बिश्रामपुर,6 क,30,आवासिय क्षेत्र
बिश्रामपुर,6 क,31,आवासिय क्षेत्र
बिश्रामपुर,6 क,32,आवासिय क्षेत्र
बिश्रामपुर,6 क,35,आवासिय क्षेत्र
बिश्रामपुर,6 क,36,आवासिय क्षेत्र
बिश्रामपुर,6 क,37,आवासिय क्षेत्र
बिश्रामपुर,6 क,39,आवासिय क्षेत्र
बिश्रामपुर,6 क,40,आवासिय क्षेत्र
बिश्रामपुर,6 क,45,आवासिय क्षेत्र
बिश्रामपुर,6 क,48,आवासिय क्षेत्र
बिश्रामपुर,6 क,50,आवासिय क्षेत्र
बिश्रामपुर,6 क,51,आवासिय क्षेत्र
बिश्रामपुर,6 क,52,आवासिय क्षेत्र
बिश्रामपुर,6 क,54,कृषि क्षेत्र
बिश्रामपुर,6 क,58,आवासिय क्षेत्र
बिश्रामपुर,6 क,59,आवासिय क्षेत्र
बिश्रामपुर,6 क,60,आवासिय क्षेत्र
बिश्रामपुर,6 क,61,कृषि क्षेत्र
बिश्रामपुर,6 क,62,कृषि क्षेत्र
बिश्रामपुर,6 क,63,कृषि क्षेत्र
बिश्रामपुर,6 क,64,कृषि क्षेत्र
बिश्रामपुर,6 क,66,कृषि क्षेत्र
बिश्रामपुर,6 क,67,कृषि क्षेत्र
बिश्रामपुर,6 क,69,कृषि क्षेत्र
बिश्रामपुर,6 क,70,कृषि क्षेत्र
बिश्रामपुर,6 क,71,कृषि क्षेत्र
बिश्रामपुर,6 क,73,कृषि क्षेत्र
बिश्रामपुर,6 क,74,कृषि क्षेत्र
बिश्रामपुर,6 क,75,कृषि क्षेत्र
बिश्रामपुर,6 क,77,कृषि क्षेत्र
बिश्रामपुर,6 क,78,कृषि क्षेत्र
बिश्रामपुर,6 क,79,कृषि क्षेत्र
बिश्रामपुर,6 क,80,कृषि क्षेत्र
बिश्रामपुर,6 क,81,कृषि क्षेत्र
बिश्रामपुर,6 क,82,कृषि क्षेत्र
बिश्रामपुर,6 क,83,कृषि क्षेत्र
बिश्रामपुर,6 क,84,कृषि क्षेत्र
बिश्रामपुर,6 क,85,कृषि क्षेत्र
बिश्रामपुर,6 क,86,कृषि क्षेत्र
बिश्रामपुर,6 क,88,कृषि क्षेत्र
बिश्रामपुर,6 क,89,कृषि क्षेत्र
बिश्रामपुर,6 क,90,कृषि क्षेत्र
बिश्रामपुर,6 क,91,आवासिय क्षेत्र
बिश्रामपुर,6 क,94,आवासिय क्षेत्र
बिश्रामपुर,6 क,98,आवासिय क्षेत्र
बिश्रामपुर,6 क,100,कृषि क्षेत्र
बिश्रामपुर,6 क,101,कृषि क्षेत्र
बिश्रामपुर,6 क,102,आवासिय क्षेत्र
बिश्रामपुर,6 क,104,कृषि क्षेत्र
बिश्रामपुर,6 क,105,आवासिय क्षेत्र
बिश्रामपुर,6 क,111,आवासिय क्षेत्र
बिश्रामपुर,6 क,112,आवासिय क्षेत्र
बिश्रामपुर,6 क,115,आवासिय क्षेत्र
बिश्रामपुर,6 क,116,आवासिय क्षेत्र
बिश्रामपुर,6 क,117,आवासिय क्षेत्र
बिश्रामपुर,6 क,118,कृषि क्षेत्र
बिश्रामपुर,6 क,119,कृषि क्षेत्र
बिश्रामपुर,6 क,121,आवासिय क्षेत्र
बिश्रामपुर,6 क,122,आवासिय क्षेत्र
बिश्रामपुर,6 क,123,आवासिय क्षेत्र
बिश्रामपुर,6 क,124,आवासिय क्षेत्र
बिश्रामपुर,6 क,125,आवासिय क्षेत्र
बिश्रामपुर,6 क,126,आवासिय क्षेत्र
बिश्रामपुर,6 क,127,आवासिय क्षेत्र
बिश्रामपुर,6 क,129,आवासिय क्षेत्र
बिश्रामपुर,6 क,130,आवासिय क्षेत्र
बिश्रामपुर,6 क,132,कृषि क्षेत्र
बिश्रामपुर,6 क,133,कृषि क्षेत्र
बिश्रामपुर,6 क,139,आवासिय क्षेत्र
बिश्रामपुर,6 क,140,आवासिय क्षेत्र
बिश्रामपुर,6 क,143,आवासिय क्षेत्र
बिश्रामपुर,6 क,145,आवासिय क्षेत्र
बिश्रामपुर,6 क,148,आवासिय क्षेत्र
बिश्रामपुर,6 क,149,आवासिय क्षेत्र
बिश्रामपुर,6 क,150,आवासिय क्षेत्र
बिश्रामपुर,6 क,151,कृषि क्षेत्र
बिश्रामपुर,6 क,152,कृषि क्षेत्र
बिश्रामपुर,6 क,153,कृषि क्षेत्र
बिश्रामपुर,6 क,156,कृषि क्षेत्र
बिश्रामपुर,6 क,157,कृषि क्षेत्र
बिश्रामपुर,6 क,158,कृषि क्षेत्र
बिश्रामपुर,6 क,159,आवासिय क्षेत्र
बिश्रामपुर,6 क,160,आवासिय क्षेत्र
बिश्रामपुर,6 क,161,आवासिय क्षेत्र
बिश्रामपुर,6 क,162,आवासिय क्षेत्र
बिश्रामपुर,6 क,168,आवासिय क्षेत्र
बिश्रामपुर,6 क,169,आवासिय क्षेत्र
बिश्रामपुर,6 क,170,आवासिय क्षेत्र
बिश्रामपुर,6 क,173,आवासिय क्षेत्र
बिश्रामपुर,6 क,174,आवासिय क्षेत्र
बिश्रामपुर,6 क,183,कृषि क्षेत्र
बिश्रामपुर,6 क,184,कृषि क्षेत्र
बिश्रामपुर,6 क,185,आवासिय क्षेत्र
बिश्रामपुर,6 क,186,आवासिय क्षेत्र
बिश्रामपुर,6 क,187,कृषि क्षेत्र
बिश्रामपुर,6 क,189,आवासिय क्षेत्र
बिश्रामपुर,6 क,190,आवासिय क्षेत्र
बिश्रामपुर,6 क,191,आवासिय क्षेत्र
बिश्रामपुर,6 क,204,कृषि क्षेत्र
बिश्रामपुर,6 क,206,कृषि क्षेत्र
बिश्रामपुर,6 क,208,आवासिय क्षेत्र
बिश्रामपुर,6 क,209,आवासिय क्षेत्र
बिश्रामपुर,6 क,214,कृषि क्षेत्र
बिश्रामपुर,6 क,215,कृषि क्षेत्र
बिश्रामपुर,6 क,216,कृषि क्षेत्र
बिश्रामपुर,6 क,217,कृषि क्षेत्र
बिश्रामपुर,6 क,220,कृषि क्षेत्र
बिश्रामपुर,6 क,221,कृषि क्षेत्र
बिश्रामपुर,6 क,222,आवासिय क्षेत्र
बिश्रामपुर,6 क,223,आवासिय क्षेत्र
बिश्रामपुर,6 क,231,कृषि क्षेत्र
बिश्रामपुर,6 क,232,आवासिय क्षेत्र
बिश्रामपुर,6 क,233,आवासिय क्षेत्र
बिश्रामपुर,6 क,234,आवासिय क्षेत्र
बिश्रामपुर,6 क,235,आवासिय क्षेत्र
बिश्रामपुर,6 क,240,आवासिय क्षेत्र
बिश्रामपुर,6 क,241,आवासिय क्षेत्र
बिश्रामपुर,6 क,242,आवासिय क्षेत्र
बिश्रामपुर,6 क,243,कृषि क्षेत्र
बिश्रामपुर,6 क,251,आवासिय क्षेत्र
बिश्रामपुर,6 क,252,आवासिय क्षेत्र
बिश्रामपुर,6 क,253,आवासिय क्षेत्र
बिश्रामपुर,6 क,253,आवासिय क्षेत्र
बिश्रामपुर,6 क,254,आवासिय क्षेत्र
बिश्रामपुर,6 क,255,आवासिय क्षेत्र
बिश्रामपुर,6 क,288,आवासिय क्षेत्र
बिश्रामपुर,6 क,289,आवासिय क्षेत्र
बिश्रामपुर,6 क,290,कृषि क्षेत्र
बिश्रामपुर,6 क,291,कृषि क्षेत्र
बिश्रामपुर,6 क,293,कृषि क्षेत्र
बिश्रामपुर,6 क,298,आवासिय क्षेत्र
बिश्रामपुर,6 क,299,आवासिय क्षेत्र
बिश्रामपुर,6 क,300,आवासिय क्षेत्र
बिश्रामपुर,6 क,301,कृषि क्षेत्र
बिश्रामपुर,6 क,302,कृषि क्षेत्र
बिश्रामपुर,6 क,303,कृषि क्षेत्र
बिश्रामपुर,6 क,304,कृषि क्षेत्र
बिश्रामपुर,6 क,305,कृषि क्षेत्र
बिश्रामपुर,6 क,306,कृषि क्षेत्र
बिश्रामपुर,6 क,308,कृषि क्षेत्र
बिश्रामपुर,6 क,309,कृषि क्षेत्र
बिश्रामपुर,6 क,310,कृषि क्षेत्र
बिश्रामपुर,6 क,311,कृषि क्षेत्र
बिश्रामपुर,6 क,312,कृषि क्षेत्र
बिश्रामपुर,6 क,313,कृषि क्षेत्र
बिश्रामपुर,6 क,319,आवासिय क्षेत्र
बिश्रामपुर,6 क,320,आवासिय क्षेत्र
बिश्रामपुर,6 क,321,आवासिय क्षेत्र
बिश्रामपुर,7 क,2,कृषि क्षेत्र
बिश्रामपुर,7 क,5,कृषि क्षेत्र
बिश्रामपुर,7 क,8,कृषि क्षेत्र
बिश्रामपुर,7 क,9,कृषि क्षेत्र
बिश्रामपुर,7 क,10,कृषि क्षेत्र
बिश्रामपुर,7 क,13,आवासिय क्षेत्र
बिश्रामपुर,7 क,17,कृषि क्षेत्र
बिश्रामपुर,7 क,23,आवासिय क्षेत्र
बिश्रामपुर,7 क,24,आवासिय क्षेत्र
बिश्रामपुर,7 क,26,आवासिय क्षेत्र
बिश्रामपुर,7 क,28,कृषि क्षेत्र
बिश्रामपुर,7 क,32,कृषि क्षेत्र
बिश्रामपुर,7 क,34,कृषि क्षेत्र
बिश्रामपुर,7 क,35,कृषि क्षेत्र
बिश्रामपुर,7 क,36,आवासिय क्षेत्र
बिश्रामपुर,7 क,37,आवासिय क्षेत्र
बिश्रामपुर,7 क,40,आवासिय क्षेत्र
बिश्रामपुर,7 क,42,आवासिय क्षेत्र
बिश्रामपुर,7 क,46,आवासिय क्षेत्र
बिश्रामपुर,7 क,50,आवासिय क्षेत्र
बिश्रामपुर,7 क,53,आवासिय क्षेत्र
बिश्रामपुर,7 क,54,आवासिय क्षेत्र
बिश्रामपुर,7 क,56,आवासिय क्षेत्र
बिश्रामपुर,7 क,57,आवासिय क्षेत्र
बिश्रामपुर,7 क,59,आवासिय क्षेत्र
बिश्रामपुर,7 क,60,आवासिय क्षेत्र
बिश्रामपुर,7 क,62,आवासिय क्षेत्र
बिश्रामपुर,7 क,65,आवासिय क्षेत्र
बिश्रामपुर,7 क,66,आवासिय क्षेत्र
बिश्रामपुर,7 क,67,आवासिय क्षेत्र
बिश्रामपुर,7 क,69,आवासिय क्षेत्र
बिश्रामपुर,7 क,70,आवासिय क्षेत्र
बिश्रामपुर,7 क,71,आवासिय क्षेत्र
बिश्रामपुर,7 क,75,आवासिय क्षेत्र
बिश्रामपुर,7 क,76,आवासिय क्षेत्र
बिश्रामपुर,7 क,77,आवासिय क्षेत्र
बिश्रामपुर,7 क,78,आवासिय क्षेत्र
बिश्रामपुर,7 क,79,आवासिय क्षेत्र
बिश्रामपुर,7 क,80,आवासिय क्षेत्र
बिश्रामपुर,7 क,83,कृषि क्षेत्र
बिश्रामपुर,7 क,84,कृषि क्षेत्र
बिश्रामपुर,7 क,86,कृषि क्षेत्र
बिश्रामपुर,7 क,87,कृषि क्षेत्र
बिश्रामपुर,7 क,88,कृषि क्षेत्र
बिश्रामपुर,7 क,89,कृषि क्षेत्र
बिश्रामपुर,7 क,90,कृषि क्षेत्र
बिश्रामपुर,7 क,92,कृषि क्षेत्र
बिश्रामपुर,7 क,93,कृषि क्षेत्र
बिश्रामपुर,7 क,94,आवासिय क्षेत्र
बिश्रामपुर,7 क,96,आवासिय क्षेत्र
बिश्रामपुर,7 क,97,आवासिय क्षेत्र
बिश्रामपुर,7 क,98,आवासिय क्षेत्र
बिश्रामपुर,7 क,99,आवासिय क्षेत्र
बिश्रामपुर,7 क,100,आवासिय क्षेत्र
बिश्रामपुर,7 क,101,कृषि क्षेत्र
बिश्रामपुर,7 क,103,कृषि क्षेत्र
बिश्रामपुर,7 क,105,कृषि क्षेत्र
बिश्रामपुर,7 क,106,कृषि क्षेत्र
बिश्रामपुर,7 क,107,कृषि क्षेत्र
बिश्रामपुर,7 क,109,कृषि क्षेत्र
बिश्रामपुर,7 क,111,कृषि क्षेत्र
बिश्रामपुर,7 क,112,कृषि क्षेत्र
बिश्रामपुर,7 क,113,कृषि क्षेत्र
बिश्रामपुर,7 क,114,कृषि क्षेत्र
बिश्रामपुर,7 क,115,कृषि क्षेत्र
बिश्रामपुर,7 क,116,कृषि क्षेत्र
बिश्रामपुर,7 क,117,कृषि क्षेत्र
बिश्रामपुर,7 क,118,कृषि क्षेत्र
बिश्रामपुर,7 क,120,कृषि क्षेत्र
बिश्रामपुर,7 क,121,कृषि क्षेत्र
बिश्रामपुर,7 क,122,कृषि क्षेत्र
बिश्रामपुर,7 क,124,आवासिय क्षेत्र
बिश्रामपुर,7 क,125,आवासिय क्षेत्र
बिश्रामपुर,7 क,126,कृषि क्षेत्र
बिश्रामपुर,7 क,127,कृषि क्षेत्र
बिश्रामपुर,7 क,128,कृषि क्षेत्र
बिश्रामपुर,7 क,130,कृषि क्षेत्र
बिश्रामपुर,7 क,131,आवासिय क्षेत्र
बिश्रामपुर,7 क,132,आवासिय क्षेत्र
बिश्रामपुर,7 क,133,आवासिय क्षेत्र
बिश्रामपुर,7 क,142,आवासिय क्षेत्र
बिश्रामपुर,7 क,144,कृषि क्षेत्र
बिश्रामपुर,7 क,145,कृषि क्षेत्र
बिश्रामपुर,7 क,146,कृषि क्षेत्र
बिश्रामपुर,7 क,147,कृषि क्षेत्र
बिश्रामपुर,7 क,148,कृषि क्षेत्र
बिश्रामपुर,7 क,150,कृषि क्षेत्र
बिश्रामपुर,7 क,151,कृषि क्षेत्र
बिश्रामपुर,7 क,152,आवासिय क्षेत्र
बिश्रामपुर,7 क,153,आवासिय क्षेत्र
बिश्रामपुर,7 क,154,कृषि क्षेत्र
बिश्रामपुर,7 क,155,आवासिय क्षेत्र
बिश्रामपुर,7 क,158,आवासिय क्षेत्र
बिश्रामपुर,7 क,159,आवासिय क्षेत्र
बिश्रामपुर,7 क,160,आवासिय क्षेत्र
बिश्रामपुर,7 क,162,आवासिय क्षेत्र
बिश्रामपुर,7 क,163,आवासिय क्षेत्र
बिश्रामपुर,7 क,164,आवासिय क्षेत्र
बिश्रामपुर,7 क,165,आवासिय क्षेत्र
बिश्रामपुर,7 क,167,आवासिय क्षेत्र
बिश्रामपुर,7 क,168,आवासिय क्षेत्र
बिश्रामपुर,7 क,170,कृषि क्षेत्र
बिश्रामपुर,7 क,171,आवासिय क्षेत्र
बिश्रामपुर,7 क,173,आवासिय क्षेत्र
बिश्रामपुर,7 क,175,कृषि क्षेत्र
बिश्रामपुर,7 क,176,आवासिय क्षेत्र
बिश्रामपुर,7 क,177,कृषि क्षेत्र
बिश्रामपुर,7 क,178,कृषि क्षेत्र
बिश्रामपुर,7 क,179,कृषि क्षेत्र
बिश्रामपुर,7 क,180,कृषि क्षेत्र
बिश्रामपुर,7 क,182,आवासिय क्षेत्र
बिश्रामपुर,7 क,184,आवासिय क्षेत्र
बिश्रामपुर,7 क,188,आवासिय क्षेत्र
बिश्रामपुर,7 क,190,आवासिय क्षेत्र
बिश्रामपुर,7 क,191,आवासिय क्षेत्र
बिश्रामपुर,7 क,192,आवासिय क्षेत्र
बिश्रामपुर,7 क,193,आवासिय क्षेत्र
बिश्रामपुर,7 क,194,आवासिय क्षेत्र
बिश्रामपुर,7 क,195,आवासिय क्षेत्र
बिश्रामपुर,7 क,197,आवासिय क्षेत्र
बिश्रामपुर,7 क,198,आवासिय क्षेत्र
बिश्रामपुर,7 क,199,आवासिय क्षेत्र
बिश्रामपुर,7 क,200,आवासिय क्षेत्र
बिश्रामपुर,7 क,201,आवासिय क्षेत्र
बिश्रामपुर,7 क,202,आवासिय क्षेत्र
बिश्रामपुर,7 क,203,आवासिय क्षेत्र
बिश्रामपुर,7 क,204,आवासिय क्षेत्र
बिश्रामपुर,7 क,207,कृषि क्षेत्र
बिश्रामपुर,7 क,212,कृषि क्षेत्र
बिश्रामपुर,7 क,213,कृषि क्षेत्र
बिश्रामपुर,7 क,214,कृषि क्षेत्र
बिश्रामपुर,7 क,216,कृषि क्षेत्र
बिश्रामपुर,7 क,220,आवासिय क्षेत्र
बिश्रामपुर,7 क,221,आवासिय क्षेत्र
बिश्रामपुर,7 क,222,आवासिय क्षेत्र
बिश्रामपुर,7 क,226,कृषि क्षेत्र
बिश्रामपुर,7 क,228,आवासिय क्षेत्र
बिश्रामपुर,7 क,229,कृषि क्षेत्र
बिश्रामपुर,7 क,230,कृषि क्षेत्र
बिश्रामपुर,7 क,231,कृषि क्षेत्र
बिश्रामपुर,7 क,232,कृषि क्षेत्र
बिश्रामपुर,7 क,234,आवासिय क्षेत्र
बिश्रामपुर,7 क,235,आवासिय क्षेत्र
बिश्रामपुर,7 क,237,आवासिय क्षेत्र
बिश्रामपुर,7 क,238,आवासिय क्षेत्र
बिश्रामपुर,7 क,241,आवासिय क्षेत्र
बिश्रामपुर,7 क,242,आवासिय क्षेत्र
बिश्रामपुर,7 क,244,आवासिय क्षेत्र
बिश्रामपुर,7 क,247,कृषि क्षेत्र
बिश्रामपुर,7 क,248,आवासिय क्षेत्र
बिश्रामपुर,7 क,249,आवासिय क्षेत्र
बिश्रामपुर,7 क,255,आवासिय क्षेत्र
बिश्रामपुर,7 क,256,आवासिय क्षेत्र
बिश्रामपुर,7 क,257,आवासिय क्षेत्र
बिश्रामपुर,7 क,258,आवासिय क्षेत्र
बिश्रामपुर,7 क,259,आवासिय क्षेत्र
बिश्रामपुर,7 क,260,आवासिय क्षेत्र
बिश्रामपुर,7 क,263,आवासिय क्षेत्र
बिश्रामपुर,7 क,264,आवासिय क्षेत्र
बिश्रामपुर,7 क,265,आवासिय क्षेत्र
बिश्रामपुर,7 क,267,कृषि क्षेत्र
बिश्रामपुर,7 क,268,कृषि क्षेत्र
बिश्रामपुर,7 क,269,आवासिय क्षेत्र
बिश्रामपुर,7 क,270,कृषि क्षेत्र
बिश्रामपुर,7 क,273,कृषि क्षेत्र
बिश्रामपुर,7 क,275,आवासिय क्षेत्र
बिश्रामपुर,7 क,276,आवासिय क्षेत्र
बिश्रामपुर,7 क,277,कृषि क्षेत्र
बिश्रामपुर,7 क,279,कृषि क्षेत्र
बिश्रामपुर,7 क,280,कृषि क्षेत्र
बिश्रामपुर,7 क,282,आवासिय क्षेत्र
बिश्रामपुर,7 क,283,आवासिय क्षेत्र
बिश्रामपुर,7 क,286,कृषि क्षेत्र
बिश्रामपुर,7 क,290,कृषि क्षेत्र
बिश्रामपुर,7 क,295,आवासिय क्षेत्र
बिश्रामपुर,7 क,297,आवासिय क्षेत्र
बिश्रामपुर,7 क,300,आवासिय क्षेत्र
बिश्रामपुर,7 क,301,आवासिय क्षेत्र
बिश्रामपुर,7 क,319,कृषि क्षेत्र
बिश्रामपुर,7 क,331,कृषि क्षेत्र
बिश्रामपुर,7 क,333,कृषि क्षेत्र
बिश्रामपुर,7 क,335,आवासिय क्षेत्र
बिश्रामपुर,7 क,336,कृषि क्षेत्र
बिश्रामपुर,7 क,337,आवासिय क्षेत्र
बिश्रामपुर,7 क,338,आवासिय क्षेत्र
बिश्रामपुर,7 क,342,आवासिय क्षेत्र
बिश्रामपुर,7 क,343,कृषि क्षेत्र
बिश्रामपुर,7 क,344,कृषि क्षेत्र
बिश्रामपुर,7 क,345,कृषि क्षेत्र
बिश्रामपुर,7 क,346,कृषि क्षेत्र
बिश्रामपुर,7 क,347,कृषि क्षेत्र
बिश्रामपुर,7 क,348,आवासिय क्षेत्र
बिश्रामपुर,7 क,350,आवासिय क्षेत्र
बिश्रामपुर,7 क,353,कृषि क्षेत्र
बिश्रामपुर,7 क,365,कृषि क्षेत्र
बिश्रामपुर,7 क,367,आवासिय क्षेत्र
बिश्रामपुर,7 क,368,आवासिय क्षेत्र
बिश्रामपुर,7 क,370,कृषि क्षेत्र
बिश्रामपुर,7 क,374,कृषि क्षेत्र
बिश्रामपुर,7 क,375,कृषि क्षेत्र
बिश्रामपुर,7 क,376,कृषि क्षेत्र
बिश्रामपुर,7 क,380,कृषि क्षेत्र
बिश्रामपुर,7 क,382,आवासिय क्षेत्र
बिश्रामपुर,7 क,383,आवासिय क्षेत्र
बिश्रामपुर,7 क,384,आवासिय क्षेत्र
बिश्रामपुर,7 क,385,आवासिय क्षेत्र
बिश्रामपुर,7 क,400,आवासिय क्षेत्र
बिश्रामपुर,7 क,401,कृषि क्षेत्र
बिश्रामपुर,7 क,408,कृषि क्षेत्र
बिश्रामपुर,7 क,410,कृषि क्षेत्र
बिश्रामपुर,7 क,411,कृषि क्षेत्र
बिश्रामपुर,7 क,424,आवासिय क्षेत्र
बिश्रामपुर,7 क,425,आवासिय क्षेत्र
बिश्रामपुर,7 क,431,आवासिय क्षेत्र
बिश्रामपुर,7 क,432,आवासिय क्षेत्र
बिश्रामपुर,7 क,435,आवासिय क्षेत्र
बिश्रामपुर,7 क,436,कृषि क्षेत्र
बिश्रामपुर,7 क,464,आवासिय क्षेत्र
बिश्रामपुर,7 क,466,आवासिय क्षेत्र
बिश्रामपुर,7 क,470,कृषि क्षेत्र
बिश्रामपुर,7 क,472,आवासिय क्षेत्र
बिश्रामपुर,7 क,473,आवासिय क्षेत्र
बिश्रामपुर,7 क,482,आवासिय क्षेत्र
बिश्रामपुर,7 क,484,कृषि क्षेत्र
बिश्रामपुर,7 क,487,आवासिय क्षेत्र
बिश्रामपुर,7 क,488,आवासिय क्षेत्र
बिश्रामपुर,7 क,500,आवासिय क्षेत्र
बिश्रामपुर,7 क,503,आवासिय क्षेत्र
बिश्रामपुर,7 क,504,आवासिय क्षेत्र
बिश्रामपुर,7 क,509,आवासिय क्षेत्र
बिश्रामपुर,7 क,510,कृषि क्षेत्र
बिश्रामपुर,7 क,511,कृषि क्षेत्र
बिश्रामपुर,7 क,512,कृषि क्षेत्र
बिश्रामपुर,7 क,525,कृषि क्षेत्र
बिश्रामपुर,7 क,543,आवासिय क्षेत्र
बिश्रामपुर,7 क,544,आवासिय क्षेत्र
बिश्रामपुर,7 क,545,कृषि क्षेत्र
बिश्रामपुर,7 क,546,कृषि क्षेत्र
बिश्रामपुर,7 क,547,कृषि क्षेत्र
बिश्रामपुर,7 क,548,कृषि क्षेत्र
बिश्रामपुर,7 क,550,आवासिय क्षेत्र
बिश्रामपुर,7 क,551,आवासिय क्षेत्र
बिश्रामपुर,7 क,552,आवासिय क्षेत्र
बिश्रामपुर,7 क,553,आवासिय क्षेत्र
बिश्रामपुर,7 क,554,आवासिय क्षेत्र
बिश्रामपुर,7 क,555,आवासिय क्षेत्र
बिश्रामपुर,7 क,556,आवासिय क्षेत्र
बिश्रामपुर,7 क,563,आवासिय क्षेत्र
बिश्रामपुर,7 क,564,आवासिय क्षेत्र
बिश्रामपुर,7 क,567,आवासिय क्षेत्र
बिश्रामपुर,7 क,568,आवासिय क्षेत्र
बिश्रामपुर,7 क,570,आवासिय क्षेत्र
बिश्रामपुर,7 क,580,आवासिय क्षेत्र
बिश्रामपुर,7 क,581,आवासिय क्षेत्र
बिश्रामपुर,7 क,582,कृषि क्षेत्र
बिश्रामपुर,7 क,583,आवासिय क्षेत्र
बिश्रामपुर,7 क,584,आवासिय क्षेत्र
बिश्रामपुर,7 क,585,आवासिय क्षेत्र
बिश्रामपुर,7 क,586,कृषि क्षेत्र
बिश्रामपुर,7 क,587,कृषि क्षेत्र
बिश्रामपुर,7 क,590,आवासिय क्षेत्र
बिश्रामपुर,7 क,591,आवासिय क्षेत्र
बिश्रामपुर,7 क,592,आवासिय क्षेत्र
बिश्रामपुर,7 क,593,कृषि क्षेत्र
बिश्रामपुर,7 क,593,कृषि क्षेत्र
बिश्रामपुर,7 क,594,कृषि क्षेत्र
बिश्रामपुर,7 क,595,कृषि क्षेत्र
बिश्रामपुर,7 क,603,आवासिय क्षेत्र
बिश्रामपुर,7 क,605,आवासिय क्षेत्र
बिश्रामपुर,7 क,606,आवासिय क्षेत्र
बिश्रामपुर,7 क,607,आवासिय क्षेत्र
बिश्रामपुर,7 क,608,आवासिय क्षेत्र
बिश्रामपुर,7 क,609,आवासिय क्षेत्र
बिश्रामपुर,7 क,610,आवासिय क्षेत्र
बिश्रामपुर,7 क,611,आवासिय क्षेत्र
बिश्रामपुर,7 क,612,आवासिय क्षेत्र
बिश्रामपुर,7 क,613,आवासिय क्षेत्र
बिश्रामपुर,7 क,614,आवासिय क्षेत्र
बिश्रामपुर,7 क,615,आवासिय क्षेत्र
बिश्रामपुर,7 क,616,आवासिय क्षेत्र
बिश्रामपुर,7 क,626,आवासिय क्षेत्र
बिश्रामपुर,7 क,627,आवासिय क्षेत्र
बिश्रामपुर,7 क,628,आवासिय क्षेत्र
बिश्रामपुर,7 क,635,आवासिय क्षेत्र
बिश्रामपुर,7 क,637,आवासिय क्षेत्र
बिश्रामपुर,7 क,640,कृषि क्षेत्र
बिश्रामपुर,7 क,641,कृषि क्षेत्र
बिश्रामपुर,7 क,642,कृषि क्षेत्र
बिश्रामपुर,7 क,643,कृषि क्षेत्र
बिश्रामपुर,7 क,647,कृषि क्षेत्र
बिश्रामपुर,7 क,649,आवासिय क्षेत्र
बिश्रामपुर,7 क,650,आवासिय क्षेत्र
बिश्रामपुर,7 क,666,कृषि क्षेत्र
बिश्रामपुर,7 क,667,कृषि क्षेत्र
बिश्रामपुर,7 क,668,आवासिय क्षेत्र
बिश्रामपुर,7 क,669,आवासिय क्षेत्र
बिश्रामपुर,7 क,683,आवासिय क्षेत्र
बिश्रामपुर,7 क,684,आवासिय क्षेत्र
बिश्रामपुर,7 क,686,आवासिय क्षेत्र
बिश्रामपुर,7 क,698,आवासिय क्षेत्र
बिश्रामपुर,7 क,699,आवासिय क्षेत्र
बिश्रामपुर,7 क,700,आवासिय क्षेत्र
बिश्रामपुर,7 क,701,आवासिय क्षेत्र
बिश्रामपुर,7 क,706,आवासिय क्षेत्र
बिश्रामपुर,7 क,707,आवासिय क्षेत्र
बिश्रामपुर,7 क,708,आवासिय क्षेत्र
बिश्रामपुर,7 क,710,आवासिय क्षेत्र
बिश्रामपुर,7 क,711,आवासिय क्षेत्र
बिश्रामपुर,7 क,714,कृषि क्षेत्र
बिश्रामपुर,7 क,715,कृषि क्षेत्र
बिश्रामपुर,7 क,716,आवासिय क्षेत्र
बिश्रामपुर,7 क,717,आवासिय क्षेत्र
बिश्रामपुर,7 क,718,आवासिय क्षेत्र
बिश्रामपुर,7 क,719,आवासिय क्षेत्र
बिश्रामपुर,7 क,720,कृषि क्षेत्र
बिश्रामपुर,7 क,721,कृषि क्षेत्र
बिश्रामपुर,7 क,722,कृषि क्षेत्र
बिश्रामपुर,7 क,723,कृषि क्षेत्र
बिश्रामपुर,7 क,724,कृषि क्षेत्र
बिश्रामपुर,7 क,725,कृषि क्षेत्र
बिश्रामपुर,7 क,726,कृषि क्षेत्र
बिश्रामपुर,7 क,727,कृषि क्षेत्र
बिश्रामपुर,7 क,728,कृषि क्षेत्र
बिश्रामपुर,7 क,730,आवासिय क्षेत्र
बिश्रामपुर,7 क,731,आवासिय क्षेत्र
बिश्रामपुर,7 क,732,आवासिय क्षेत्र
बिश्रामपुर,7 क,733,आवासिय क्षेत्र
बिश्रामपुर,7 क,734,आवासिय क्षेत्र
बिश्रामपुर,7 क,735,आवासिय क्षेत्र
बिश्रामपुर,7 क,736,कृषि क्षेत्र
बिश्रामपुर,7 क,737,कृषि क्षेत्र
बिश्रामपुर,7 क,738,कृषि क्षेत्र
बिश्रामपुर,7 क,740,कृषि क्षेत्र
बिश्रामपुर,7 क,741,कृषि क्षेत्र
बिश्रामपुर,7 क,742,आवासिय क्षेत्र
बिश्रामपुर,7 क,743,आवासिय क्षेत्र
बिश्रामपुर,7 क,744,आवासिय क्षेत्र
बिश्रामपुर,7 क,745,आवासिय क्षेत्र
बिश्रामपुर,7 क,746,कृषि क्षेत्र
बिश्रामपुर,7 क,747,कृषि क्षेत्र
बिश्रामपुर,7 क,748,आवासिय क्षेत्र
बिश्रामपुर,7 क,749,आवासिय क्षेत्र
बिश्रामपुर,7 क,750,आवासिय क्षेत्र
बिश्रामपुर,7 क,751,आवासिय क्षेत्र
बिश्रामपुर,7 क,752,आवासिय क्षेत्र
बिश्रामपुर,7 क,753,आवासिय क्षेत्र
बिश्रामपुर,7 क,754,आवासिय क्षेत्र
बिश्रामपुर,7 क,756,आवासिय क्षेत्र
बिश्रामपुर,7 क,757,आवासिय क्षेत्र
बिश्रामपुर,7 क,758,कृषि क्षेत्र
बिश्रामपुर,7 क,759,आवासिय क्षेत्र
बिश्रामपुर,7 क,760,आवासिय क्षेत्र
बिश्रामपुर,7 क,761,आवासिय क्षेत्र
बिश्रामपुर,7 क,762,कृषि क्षेत्र
बिश्रामपुर,7 क,763,कृषि क्षेत्र
बिश्रामपुर,7 क,764,कृषि क्षेत्र
बिश्रामपुर,7 क,765,कृषि क्षेत्र
बिश्रामपुर,7 क,766,कृषि क्षेत्र
बिश्रामपुर,7 क,767,कृषि क्षेत्र
बिश्रामपुर,7 क,770,आवासिय क्षेत्र
बिश्रामपुर,7 क,771,आवासिय क्षेत्र
बिश्रामपुर,7 क,772,आवासिय क्षेत्र
बिश्रामपुर,7 क,773,कृषि क्षेत्र
बिश्रामपुर,7 क,774,कृषि क्षेत्र
बिश्रामपुर,7 क,775,कृषि क्षेत्र
बिश्रामपुर,7 क,780,कृषि क्षेत्र
बिश्रामपुर,7 क,781,कृषि क्षेत्र
बिश्रामपुर,7 क,999992,आवासिय क्षेत्र
बिश्रामपुर,7 क गाउँ,1,आवासिय क्षेत्र
बिश्रामपुर,7 क गाउँ,2,आवासिय क्षेत्र
बिश्रामपुर,7 क गाउँ,3,आवासिय क्षेत्र
बिश्रामपुर,7 क गाउँ,4,आवासिय क्षेत्र
बिश्रामपुर,7 क गाउँ,5,आवासिय क्षेत्र
बिश्रामपुर,7 क गाउँ,6,आवासिय क्षेत्र
बिश्रामपुर,7 क गाउँ,9,आवासिय क्षेत्र
बिश्रामपुर,7 क गाउँ,10,आवासिय क्षेत्र
बिश्रामपुर,7 क गाउँ,11,आवासिय क्षेत्र
बिश्रामपुर,7 क गाउँ,13,आवासिय क्षेत्र
बिश्रामपुर,7 क गाउँ,15,आवासिय क्षेत्र
बिश्रामपुर,7 क गाउँ,16,आवासिय क्षेत्र
बिश्रामपुर,7 क गाउँ,17,आवासिय क्षेत्र
बिश्रामपुर,7 क गाउँ,18,आवासिय क्षेत्र
बिश्रामपुर,7 क गाउँ,19,आवासिय क्षेत्र
बिश्रामपुर,7 क गाउँ,20,आवासिय क्षेत्र
बिश्रामपुर,7 क गाउँ,21,आवासिय क्षेत्र
बिश्रामपुर,7 क गाउँ,22,आवासिय क्षेत्र
बिश्रामपुर,7 क गाउँ,23,आवासिय क्षेत्र
बिश्रामपुर,7 क गाउँ,24,आवासिय क्षेत्र
बिश्रामपुर,7 क गाउँ,25,आवासिय क्षेत्र
बिश्रामपुर,7 क गाउँ,26,आवासिय क्षेत्र
बिश्रामपुर,7 क गाउँ,27,आवासिय क्षेत्र
बिश्रामपुर,7 क गाउँ,28,आवासिय क्षेत्र
बिश्रामपुर,7 क गाउँ,29,आवासिय क्षेत्र
बिश्रामपुर,7 क गाउँ,30,आवासिय क्षेत्र
बिश्रामपुर,7 क गाउँ,31,आवासिय क्षेत्र
बिश्रामपुर,7 क गाउँ,32,आवासिय क्षेत्र
बिश्रामपुर,7 क गाउँ,33,आवासिय क्षेत्र
बिश्रामपुर,7 क गाउँ,34,आवासिय क्षेत्र
बिश्रामपुर,7 क गाउँ,35,आवासिय क्षेत्र
बिश्रामपुर,7 क गाउँ,36,आवासिय क्षेत्र
बिश्रामपुर,7 क गाउँ,37,आवासिय क्षेत्र
बिश्रामपुर,7 क गाउँ,38,आवासिय क्षेत्र
बिश्रामपुर,7 क गाउँ,39,आवासिय क्षेत्र
बिश्रामपुर,7 क गाउँ,40,आवासिय क्षेत्र
बिश्रामपुर,7 क गाउँ,41,आवासिय क्षेत्र
बिश्रामपुर,7 क गाउँ,42,आवासिय क्षेत्र
बिश्रामपुर,7 क गाउँ,43,आवासिय क्षेत्र
बिश्रामपुर,7 क गाउँ,44,"नदी, खोला, ताल, सिमसार क्षेत्र"
बिश्रामपुर,7 क गाउँ,46,आवासिय क्षेत्र
बिश्रामपुर,7 क गाउँ,47,"नदी, खोला, ताल, सिमसार क्षेत्र"
बिश्रामपुर,7 क गाउँ,49,आवासिय क्षेत्र
बिश्रामपुर,7 क गाउँ,50,आवासिय क्षेत्र
बिश्रामपुर,7 क गाउँ,52,आवासिय क्षेत्र
बिश्रामपुर,7 क गाउँ,53,आवासिय क्षेत्र
बिश्रामपुर,7 क गाउँ,54,आवासिय क्षेत्र
बिश्रामपुर,7 क गाउँ,56,आवासिय क्षेत्र
बिश्रामपुर,7 क गाउँ,57,आवासिय क्षेत्र
बिश्रामपुर,7 क गाउँ,67,आवासिय क्षेत्र
बिश्रामपुर,7 क गाउँ,68,आवासिय क्षेत्र
बिश्रामपुर,7 क गाउँ,69,आवासिय क्षेत्र
बिश्रामपुर,7 क गाउँ,70,आवासिय क्षेत्र
बिश्रामपुर,7 क गाउँ,71,आवासिय क्षेत्र
बिश्रामपुर,7 क गाउँ,72,आवासिय क्षेत्र
बिश्रामपुर,7 क गाउँ,73,आवासिय क्षेत्र
बिश्रामपुर,7 नहर,23,आवासिय क्षेत्र
बिश्रामपुर,7 नहर,303,सार्वजनिक उपयोग क्षेत्र
बिश्रामपुर,7 नहर,305,आवासिय क्षेत्र
बिश्रामपुर,7 नहर,306,सार्वजनिक उपयोग क्षेत्र
बिश्रामपुर,7 नहर,307,आवासिय क्षेत्र
बिश्रामपुर,7 नहर,308,आवासिय क्षेत्र
बिश्रामपुर,7 नहर,309,आवासिय क्षेत्र
बिश्रामपुर,7 नहर,310,आवासिय क्षेत्र
बिश्रामपुर,7 नहर,311,आवासिय क्षेत्र
बिश्रामपुर,7 नहर,312,आवासिय क्षेत्र
बिश्रामपुर,7 नहर,313,आवासिय क्षेत्र
बिश्रामपुर,7 नहर,314,आवासिय क्षेत्र
बिश्रामपुर,7 नहर,340,आवासिय क्षेत्र
बिश्रामपुर,7 नहर,341,आवासिय क्षेत्र
बिश्रामपुर,7 नहर,342,आवासिय क्षेत्र
बिश्रामपुर,7 नहर,357,आवासिय क्षेत्र
बिश्रामपुर,7 नहर,361,आवासिय क्षेत्र
बिश्रामपुर,7 नहर,362,आवासिय क्षेत्र
बिश्रामपुर,7 नहर,363,आवासिय क्षेत्र
बिश्रामपुर,7 नहर,390,आवासिय क्षेत्र
बिश्रामपुर,7 नहर,391,आवासिय क्षेत्र
बिश्रामपुर,7 नहर,392,आवासिय क्षेत्र
बिश्रामपुर,7 नहर,449,आवासिय क्षेत्र
बिश्रामपुर,7 नहर,450,आवासिय क्षेत्र
बिश्रामपुर,7 नहर,451,आवासिय क्षेत्र
बिश्रामपुर,7 नहर,452,आवासिय क्षेत्र
बिश्रामपुर,7 नहर,453,आवासिय क्षेत्र
बिश्रामपुर,7 नहर,454,आवासिय क्षेत्र
बिश्रामपुर,7 नहर,455,आवासिय क्षेत्र
बिश्रामपुर,7 नहर,456,आवासिय क्षेत्र
बिश्रामपुर,7 नहर,457,आवासिय क्षेत्र
बिश्रामपुर,7 नहर,458,आवासिय क्षेत्र
बिश्रामपुर,7 नहर,644,आवासिय क्षेत्र
बिश्रामपुर,7 नहर,645,आवासिय क्षेत्र
बिश्रामपुर,7 नहर,646,आवासिय क्षेत्र
बिश्रामपुर,8,1,आवासिय क्षेत्र
बिश्रामपुर,8,2,आवासिय क्षेत्र
बिश्रामपुर,8,3,आवासिय क्षेत्र
बिश्रामपुर,8,4,आवासिय क्षेत्र
बिश्रामपुर,8,6,आवासिय क्षेत्र
बिश्रामपुर,8,7,आवासिय क्षेत्र
बिश्रामपुर,8,8,आवासिय क्षेत्र
बिश्रामपुर,8,9,आवासिय क्षेत्र
बिश्रामपुर,8,11,आवासिय क्षेत्र
बिश्रामपुर,8,13,आवासिय क्षेत्र
बिश्रामपुर,8,14,आवासिय क्षेत्र
बिश्रामपुर,8,15,आवासिय क्षेत्र
बिश्रामपुर,8,16,आवासिय क्षेत्र
बिश्रामपुर,8,17,आवासिय क्षेत्र
बिश्रामपुर,8,21,कृषि क्षेत्र
बिश्रामपुर,8,22,कृषि क्षेत्र
बिश्रामपुर,8,26,कृषि क्षेत्र
बिश्रामपुर,8,28,कृषि क्षेत्र
बिश्रामपुर,8,29,कृषि क्षेत्र
बिश्रामपुर,8,30,कृषि क्षेत्र
बिश्रामपुर,8,31,कृषि क्षेत्र
बिश्रामपुर,8,32,आवासिय क्षेत्र
बिश्रामपुर,8,33,आवासिय क्षेत्र
बिश्रामपुर,8,36,आवासिय क्षेत्र
बिश्रामपुर,8,38,कृषि क्षेत्र
बिश्रामपुर,8,39,आवासिय क्षेत्र
बिश्रामपुर,8,40,आवासिय क्षेत्र
बिश्रामपुर,8,41,आवासिय क्षेत्र
बिश्रामपुर,8,42,आवासिय क्षेत्र
बिश्रामपुर,8,47,आवासिय क्षेत्र
बिश्रामपुर,8,48,आवासिय क्षेत्र
बिश्रामपुर,8,49,आवासिय क्षेत्र
बिश्रामपुर,8,56,आवासिय क्षेत्र
बिश्रामपुर,8,57,आवासिय क्षेत्र
बिश्रामपुर,8,58,आवासिय क्षेत्र
बिश्रामपुर,8,59,आवासिय क्षेत्र
बिश्रामपुर,8,60,आवासिय क्षेत्र
बिश्रामपुर,8,61,आवासिय क्षेत्र
बिश्रामपुर,8,62,आवासिय क्षेत्र
बिश्रामपुर,8,63,आवासिय क्षेत्र
बिश्रामपुर,8,64,आवासिय क्षेत्र
बिश्रामपुर,8,65,आवासिय क्षेत्र
बिश्रामपुर,8,66,आवासिय क्षेत्र
बिश्रामपुर,8,71,कृषि क्षेत्र
बिश्रामपुर,8,72,कृषि क्षेत्र
बिश्रामपुर,8,73,कृषि क्षेत्र
बिश्रामपुर,8,74,कृषि क्षेत्र
बिश्रामपुर,8,75,कृषि क्षेत्र
बिश्रामपुर,8,78,कृषि क्षेत्र
बिश्रामपुर,8,79,कृषि क्षेत्र
बिश्रामपुर,8,81,कृषि क्षेत्र
बिश्रामपुर,8,82,कृषि क्षेत्र
बिश्रामपुर,8,83,कृषि क्षेत्र
बिश्रामपुर,8,84,कृषि क्षेत्र
बिश्रामपुर,8,85,कृषि क्षेत्र
बिश्रामपुर,8,87,कृषि क्षेत्र
बिश्रामपुर,8,88,कृषि क्षेत्र
बिश्रामपुर,8,89,कृषि क्षेत्र
बिश्रामपुर,8,91,कृषि क्षेत्र
बिश्रामपुर,8,92,कृषि क्षेत्र
बिश्रामपुर,8,93,आवासिय क्षेत्र
बिश्रामपुर,8,94,आवासिय क्षेत्र
बिश्रामपुर,8,95,आवासिय क्षेत्र
बिश्रामपुर,8,96,आवासिय क्षेत्र
बिश्रामपुर,8,97,आवासिय क्षेत्र
बिश्रामपुर,8,98,आवासिय क्षेत्र
बिश्रामपुर,8,99,आवासिय क्षेत्र
बिश्रामपुर,8,100,"नदी, खोला, ताल, सिमसार क्षेत्र"
बिश्रामपुर,8,101,"नदी, खोला, ताल, सिमसार क्षेत्र"
बिश्रामपुर,8,102,सार्वजनिक उपयोग क्षेत्र
बिश्रामपुर,8,103,आवासिय क्षेत्र
बिश्रामपुर,8,104,आवासिय क्षेत्र
बिश्रामपुर,8,106,आवासिय क्षेत्र
बिश्रामपुर,8,107,आवासिय क्षेत्र
बिश्रामपुर,8,108,आवासिय क्षेत्र
बिश्रामपुर,8,109,आवासिय क्षेत्र
बिश्रामपुर,8,110,आवासिय क्षेत्र
बिश्रामपुर,8,118,आवासिय क्षेत्र
बिश्रामपुर,8,119,आवासिय क्षेत्र
बिश्रामपुर,8,120,आवासिय क्षेत्र
बिश्रामपुर,8,121,आवासिय क्षेत्र
बिश्रामपुर,8,122,आवासिय क्षेत्र
बिश्रामपुर,8,125,आवासिय क्षेत्र
बिश्रामपुर,8,126,आवासिय क्षेत्र
बिश्रामपुर,8,127,आवासिय क्षेत्र
बिश्रामपुर,8,128,आवासिय क्षेत्र
बिश्रामपुर,8,129,आवासिय क्षेत्र
बिश्रामपुर,8,130,आवासिय क्षेत्र
बिश्रामपुर,8,131,आवासिय क्षेत्र
बिश्रामपुर,8,132,आवासिय क्षेत्र
बिश्रामपुर,8,133,आवासिय क्षेत्र
बिश्रामपुर,8,134,आवासिय क्षेत्र
बिश्रामपुर,8,135,आवासिय क्षेत्र
बिश्रामपुर,8,136,आवासिय क्षेत्र
बिश्रामपुर,8,137,आवासिय क्षेत्र
बिश्रामपुर,8,140,आवासिय क्षेत्र
बिश्रामपुर,8,144,आवासिय क्षेत्र
बिश्रामपुर,8,146,कृषि क्षेत्र
बिश्रामपुर,8,147,कृषि क्षेत्र
बिश्रामपुर,8,150,आवासिय क्षेत्र
बिश्रामपुर,8,151,आवासिय क्षेत्र
बिश्रामपुर,8,152,आवासिय क्षेत्र
बिश्रामपुर,8,153,आवासिय क्षेत्र
बिश्रामपुर,8,154,आवासिय क्षेत्र
बिश्रामपुर,8,155,आवासिय क्षेत्र
बिश्रामपुर,8,156,आवासिय क्षेत्र
बिश्रामपुर,8,157,कृषि क्षेत्र
बिश्रामपुर,8,158,कृषि क्षेत्र
बिश्रामपुर,8,159,कृषि क्षेत्र
बिश्रामपुर,8,160,आवासिय क्षेत्र
बिश्रामपुर,8,161,आवासिय क्षेत्र
बिश्रामपुर,8,162,कृषि क्षेत्र
बिश्रामपुर,8,163,कृषि क्षेत्र
बिश्रामपुर,8,164,आवासिय क्षेत्र
बिश्रामपुर,8,165,कृषि क्षेत्र
बिश्रामपुर,8,166,कृषि क्षेत्र
बिश्रामपुर,8,167,कृषि क्षेत्र
बिश्रामपुर,8,168,कृषि क्षेत्र
बिश्रामपुर,8,169,कृषि क्षेत्र
बिश्रामपुर,8,170,कृषि क्षेत्र
बिश्रामपुर,8,171,कृषि क्षेत्र
बिश्रामपुर,8,175,कृषि क्षेत्र
बिश्रामपुर,8,176,कृषि क्षेत्र
बिश्रामपुर,8,177,कृषि क्षेत्र
बिश्रामपुर,8,178,कृषि क्षेत्र
बिश्रामपुर,8,180,कृषि क्षेत्र
बिश्रामपुर,8,185,कृषि क्षेत्र
बिश्रामपुर,8,186,कृषि क्षेत्र
बिश्रामपुर,8,187,कृषि क्षेत्र
बिश्रामपुर,8,188,कृषि क्षेत्र
बिश्रामपुर,8,190,कृषि क्षेत्र
बिश्रामपुर,8,194,आवासिय क्षेत्र
बिश्रामपुर,8,195,आवासिय क्षेत्र
बिश्रामपुर,8,204,आवासिय क्षेत्र
बिश्रामपुर,8,205,आवासिय क्षेत्र
बिश्रामपुर,8,207,आवासिय क्षेत्र
बिश्रामपुर,8,208,आवासिय क्षेत्र
बिश्रामपुर,8,210,आवासिय क्षेत्र
बिश्रामपुर,8,211,आवासिय क्षेत्र
बिश्रामपुर,8,215,आवासिय क्षेत्र
बिश्रामपुर,8,218,आवासिय क्षेत्र
बिश्रामपुर,8,219,आवासिय क्षेत्र
बिश्रामपुर,8,220,आवासिय क्षेत्र
बिश्रामपुर,8,221,आवासिय क्षेत्र
बिश्रामपुर,8,224,कृषि क्षेत्र
बिश्रामपुर,8,225,कृषि क्षेत्र
बिश्रामपुर,8,226,आवासिय क्षेत्र
बिश्रामपुर,8,227,आवासिय क्षेत्र
बिश्रामपुर,8,237,आवासिय क्षेत्र
बिश्रामपुर,8,238,आवासिय क्षेत्र
बिश्रामपुर,8,266,कृषि क्षेत्र
बिश्रामपुर,8,267,कृषि क्षेत्र
बिश्रामपुर,8,285,आवासिय क्षेत्र
बिश्रामपुर,8,286,आवासिय क्षेत्र
बिश्रामपुर,8,301,आवासिय क्षेत्र
बिश्रामपुर,8,302,आवासिय क्षेत्र
बिश्रामपुर,8,303,कृषि क्षेत्र
बिश्रामपुर,8,304,कृषि क्षेत्र
बिश्रामपुर,8,306,कृषि क्षेत्र
बिश्रामपुर,8,307,आवासिय क्षेत्र
बिश्रामपुर,8,309,आवासिय क्षेत्र
बिश्रामपुर,8,310,आवासिय क्षेत्र
बिश्रामपुर,8,311,आवासिय क्षेत्र
बिश्रामपुर,8,316,आवासिय क्षेत्र
बिश्रामपुर,8,318,कृषि क्षेत्र
बिश्रामपुर,8,319,आवासिय क्षेत्र
बिश्रामपुर,8,320,आवासिय क्षेत्र
बिश्रामपुर,8,321,आवासिय क्षेत्र
बिश्रामपुर,8,332,आवासिय क्षेत्र
बिश्रामपुर,8,333,आवासिय क्षेत्र
बिश्रामपुर,8,334,आवासिय क्षेत्र
बिश्रामपुर,8,343,आवासिय क्षेत्र
बिश्रामपुर,8,344,आवासिय क्षेत्र
बिश्रामपुर,8,344,आवासिय क्षेत्र
बिश्रामपुर,8,345,आवासिय क्षेत्र
बिश्रामपुर,8,346,आवासिय क्षेत्र
बिश्रामपुर,8,356,कृषि क्षेत्र
बिश्रामपुर,8,357,कृषि क्षेत्र
बिश्रामपुर,8,365,आवासिय क्षेत्र
बिश्रामपुर,8,366,आवासिय क्षेत्र
बिश्रामपुर,8,371,कृषि क्षेत्र
बिश्रामपुर,8,372,कृषि क्षेत्र
बिश्रामपुर,8,374,आवासिय क्षेत्र
बिश्रामपुर,8,375,आवासिय क्षेत्र
बिश्रामपुर,8,376,आवासिय क्षेत्र
बिश्रामपुर,8,377,आवासिय क्षेत्र
बिश्रामपुर,8,383,कृषि क्षेत्र
बिश्रामपुर,8,384,कृषि क्षेत्र
बिश्रामपुर,8,406,आवासिय क्षेत्र
बिश्रामपुर,8,407,आवासिय क्षेत्र
बिश्रामपुर,8,408,आवासिय क्षेत्र
बिश्रामपुर,8,409,आवासिय क्षेत्र
बिश्रामपुर,8,412,कृषि क्षेत्र
बिश्रामपुर,8,413,कृषि क्षेत्र
बिश्रामपुर,8,418,आवासिय क्षेत्र
बिश्रामपुर,8,420,कृषि क्षेत्र
बिश्रामपुर,8,422,आवासिय क्षेत्र
बिश्रामपुर,8,423,आवासिय क्षेत्र
बिश्रामपुर,8,434,आवासिय क्षेत्र
बिश्रामपुर,8,446,कृषि क्षेत्र
बिश्रामपुर,8,457,आवासिय क्षेत्र
बिश्रामपुर,8,458,आवासिय क्षेत्र
बिश्रामपुर,8,459,आवासिय क्षेत्र
बिश्रामपुर,8,460,आवासिय क्षेत्र
बिश्रामपुर,8,461,कृषि क्षेत्र
बिश्रामपुर,8,462,कृषि क्षेत्र
बिश्रामपुर,8,463,कृषि क्षेत्र
बिश्रामपुर,8,464,कृषि क्षेत्र
बिश्रामपुर,8,465,कृषि क्षेत्र
बिश्रामपुर,8,468,आवासिय क्षेत्र
बिश्रामपुर,8,472,आवासिय क्षेत्र
बिश्रामपुर,8,473,आवासिय क्षेत्र
बिश्रामपुर,8,476,कृषि क्षेत्र
बिश्रामपुर,8,479,कृषि क्षेत्र
बिश्रामपुर,8,480,कृषि क्षेत्र
बिश्रामपुर,8,490,आवासिय क्षेत्र
बिश्रामपुर,8,492,आवासिय क्षेत्र
बिश्रामपुर,8,493,आवासिय क्षेत्र
बिश्रामपुर,8,495,कृषि क्षेत्र
बिश्रामपुर,8,496,कृषि क्षेत्र
बिश्रामपुर,8,497,कृषि क्षेत्र
बिश्रामपुर,8,510,आवासिय क्षेत्र
बिश्रामपुर,8,525,आवासिय क्षेत्र
बिश्रामपुर,8,531,कृषि क्षेत्र
बिश्रामपुर,8,532,कृषि क्षेत्र
बिश्रामपुर,8,533,कृषि क्षेत्र
बिश्रामपुर,8,534,कृषि क्षेत्र
बिश्रामपुर,8,535,आवासिय क्षेत्र
बिश्रामपुर,8,536,आवासिय क्षेत्र
बिश्रामपुर,8,538,आवासिय क्षेत्र
बिश्रामपुर,8,548,कृषि क्षेत्र
बिश्रामपुर,8,549,कृषि क्षेत्र
बिश्रामपुर,8,578,आवासिय क्षेत्र
बिश्रामपुर,8,579,आवासिय क्षेत्र
बिश्रामपुर,8,580,कृषि क्षेत्र
बिश्रामपुर,8,581,कृषि क्षेत्र
बिश्रामपुर,8,582,आवासिय क्षेत्र
बिश्रामपुर,8,583,आवासिय क्षेत्र
बिश्रामपुर,8,584,कृषि क्षेत्र
बिश्रामपुर,8,585,कृषि क्षेत्र
बिश्रामपुर,8,627,आवासिय क्षेत्र
बिश्रामपुर,8,628,आवासिय क्षेत्र
बिश्रामपुर,8,642,आवासिय क्षेत्र
बिश्रामपुर,8,642,आवासिय क्षेत्र
बिश्रामपुर,8,645,आवासिय क्षेत्र
बिश्रामपुर,8,645,आवासिय क्षेत्र
बिश्रामपुर,8,646,आवासिय क्षेत्र
बिश्रामपुर,8,647,कृषि क्षेत्र
बिश्रामपुर,8,649,आवासिय क्षेत्र
बिश्रामपुर,8,650,आवासिय क्षेत्र
बिश्रामपुर,8,651,आवासिय क्षेत्र
बिश्रामपुर,8,652,आवासिय क्षेत्र
बिश्रामपुर,8,654,आवासिय क्षेत्र
बिश्रामपुर,8,663,आवासिय क्षेत्र
बिश्रामपुर,8,664,आवासिय क्षेत्र
बिश्रामपुर,8,665,आवासिय क्षेत्र
बिश्रामपुर,8,666,कृषि क्षेत्र
बिश्रामपुर,8,679,कृषि क्षेत्र
बिश्रामपुर,8,680,कृषि क्षेत्र
बिश्रामपुर,8,681,कृषि क्षेत्र
बिश्रामपुर,8,683,कृषि क्षेत्र
बिश्रामपुर,8,684,कृषि क्षेत्र
बिश्रामपुर,8,685,कृषि क्षेत्र
बिश्रामपुर,8,686,कृषि क्षेत्र
बिश्रामपुर,8,797,आवासिय क्षेत्र
बिश्रामपुर,8,798,आवासिय क्षेत्र
बिश्रामपुर,8,803,आवासिय क्षेत्र
बिश्रामपुर,8,804,आवासिय क्षेत्र
बिश्रामपुर,8,828,आवासिय क्षेत्र
बिश्रामपुर,8,828,आवासिय क्षेत्र
बिश्रामपुर,8,832,आवासिय क्षेत्र
बिश्रामपुर,8,836,आवासिय क्षेत्र
बिश्रामपुर,8,837,आवासिय क्षेत्र
बिश्रामपुर,8,848,आवासिय क्षेत्र
बिश्रामपुर,8,849,आवासिय क्षेत्र
बिश्रामपुर,8,852,कृषि क्षेत्र
बिश्रामपुर,8,853,कृषि क्षेत्र
बिश्रामपुर,8,854,आवासिय क्षेत्र
बिश्रामपुर,8,855,आवासिय क्षेत्र
बिश्रामपुर,8,868,आवासिय क्षेत्र
बिश्रामपुर,8,869,आवासिय क्षेत्र
बिश्रामपुर,8,875,आवासिय क्षेत्र
बिश्रामपुर,8,876,आवासिय क्षेत्र
बिश्रामपुर,8,877,कृषि क्षेत्र
बिश्रामपुर,8,878,कृषि क्षेत्र
बिश्रामपुर,8,879,आवासिय क्षेत्र
बिश्रामपुर,8,880,आवासिय क्षेत्र
बिश्रामपुर,8,881,आवासिय क्षेत्र
बिश्रामपुर,8,882,आवासिय क्षेत्र
बिश्रामपुर,8,883,आवासिय क्षेत्र
बिश्रामपुर,8,888,आवासिय क्षेत्र
बिश्रामपुर,8,889,आवासिय क्षेत्र
बिश्रामपुर,8,890,आवासिय क्षेत्र
बिश्रामपुर,8,891,आवासिय क्षेत्र
बिश्रामपुर,8,892,आवासिय क्षेत्र
बिश्रामपुर,8,893,आवासिय क्षेत्र
बिश्रामपुर,8,894,आवासिय क्षेत्र
बिश्रामपुर,8,895,आवासिय क्षेत्र
बिश्रामपुर,8,896,आवासिय क्षेत्र
बिश्रामपुर,8,897,आवासिय क्षेत्र
बिश्रामपुर,8,898,आवासिय क्षेत्र
बिश्रामपुर,8,902,आवासिय क्षेत्र
बिश्रामपुर,8,903,आवासिय क्षेत्र
बिश्रामपुर,8,904,कृषि क्षेत्र
बिश्रामपुर,8,905,कृषि क्षेत्र
बिश्रामपुर,8,906,आवासिय क्षेत्र
बिश्रामपुर,8,907,आवासिय क्षेत्र
बिश्रामपुर,8,908,आवासिय क्षेत्र
बिश्रामपुर,8,913,आवासिय क्षेत्र
बिश्रामपुर,8,914,आवासिय क्षेत्र
बिश्रामपुर,8,919,आवासिय क्षेत्र
बिश्रामपुर,8,920,आवासिय क्षेत्र
बिश्रामपुर,8,923,आवासिय क्षेत्र
बिश्रामपुर,8,924,आवासिय क्षेत्र
बिश्रामपुर,8,925,आवासिय क्षेत्र
बिश्रामपुर,8,932,आवासिय क्षेत्र
बिश्रामपुर,8,933,आवासिय क्षेत्र
बिश्रामपुर,8,941,आवासिय क्षेत्र
बिश्रामपुर,8,942,आवासिय क्षेत्र
बिश्रामपुर,8,955,कृषि क्षेत्र
बिश्रामपुर,8,956,कृषि क्षेत्र
बिश्रामपुर,8,957,कृषि क्षेत्र
बिश्रामपुर,8,958,आवासिय क्षेत्र
बिश्रामपुर,8,959,आवासिय क्षेत्र
बिश्रामपुर,8,960,कृषि क्षेत्र
बिश्रामपुर,8 गाउँ,1,आवासिय क्षेत्र
बिश्रामपुर,8 गाउँ,2,आवासिय क्षेत्र
बिश्रामपुर,8 गाउँ,3,आवासिय क्षेत्र
बिश्रामपुर,8 गाउँ,4,आवासिय क्षेत्र
बिश्रामपुर,8 गाउँ,5,आवासिय क्षेत्र
बिश्रामपुर,8 गाउँ,6,आवासिय क्षेत्र
बिश्रामपुर,8 गाउँ,7,आवासिय क्षेत्र
बिश्रामपुर,8 गाउँ,8,आवासिय क्षेत्र
बिश्रामपुर,8 गाउँ,9,आवासिय क्षेत्र
बिश्रामपुर,8 गाउँ,10,आवासिय क्षेत्र
बिश्रामपुर,8 गाउँ,11,आवासिय क्षेत्र
बिश्रामपुर,8 गाउँ,12,आवासिय क्षेत्र
बिश्रामपुर,8 गाउँ,14,आवासिय क्षेत्र
बिश्रामपुर,8 गाउँ,15,आवासिय क्षेत्र
बिश्रामपुर,8 गाउँ,16,आवासिय क्षेत्र
बिश्रामपुर,8 गाउँ,17,आवासिय क्षेत्र
बिश्रामपुर,8 गाउँ,18,आवासिय क्षेत्र
बिश्रामपुर,8 गाउँ,19,आवासिय क्षेत्र
बिश्रामपुर,8 गाउँ,20,आवासिय क्षेत्र
बिश्रामपुर,8 गाउँ,21,आवासिय क्षेत्र
बिश्रामपुर,8 गाउँ,22,आवासिय क्षेत्र
बिश्रामपुर,8 गाउँ,23,आवासिय क्षेत्र
बिश्रामपुर,8 गाउँ,24,आवासिय क्षेत्र
बिश्रामपुर,8 गाउँ,25,आवासिय क्षेत्र
बिश्रामपुर,8 गाउँ,26,आवासिय क्षेत्र
बिश्रामपुर,8 गाउँ,28,आवासिय क्षेत्र
बिश्रामपुर,8 गाउँ,30,आवासिय क्षेत्र
बिश्रामपुर,8 गाउँ,31,आवासिय क्षेत्र
बिश्रामपुर,8 गाउँ,32,आवासिय क्षेत्र
बिश्रामपुर,8 गाउँ,33,आवासिय क्षेत्र
बिश्रामपुर,8 गाउँ,34,आवासिय क्षेत्र
बिश्रामपुर,8 गाउँ,35,आवासिय क्षेत्र
बिश्रामपुर,8 गाउँ,36,आवासिय क्षेत्र
बिश्रामपुर,8 गाउँ,37,आवासिय क्षेत्र
बिश्रामपुर,8 गाउँ,38,आवासिय क्षेत्र
बिश्रामपुर,8 गाउँ,39,आवासिय क्षेत्र
बिश्रामपुर,8 गाउँ,40,आवासिय क्षेत्र
बिश्रामपुर,8 गाउँ,41,आवासिय क्षेत्र
बिश्रामपुर,8 गाउँ,43,आवासिय क्षेत्र
बिश्रामपुर,8 गाउँ,44,आवासिय क्षेत्र
बिश्रामपुर,8 गाउँ,45,आवासिय क्षेत्र
बिश्रामपुर,8 गाउँ,46,आवासिय क्षेत्र
बिश्रामपुर,8 गाउँ,47,आवासिय क्षेत्र
बिश्रामपुर,8 गाउँ,48,आवासिय क्षेत्र
बिश्रामपुर,8 गाउँ,49,आवासिय क्षेत्र
बिश्रामपुर,8 गाउँ,50,आवासिय क्षेत्र
बिश्रामपुर,8 गाउँ,53,आवासिय क्षेत्र
बिश्रामपुर,8 गाउँ,54,आवासिय क्षेत्र
बिश्रामपुर,8 गाउँ,55,आवासिय क्षेत्र
बिश्रामपुर,8 गाउँ,57,आवासिय क्षेत्र
बिश्रामपुर,8 गाउँ,58,आवासिय क्षेत्र
बिश्रामपुर,8 गाउँ,59,आवासिय क्षेत्र
बिश्रामपुर,8 गाउँ,66,आवासिय क्षेत्र
बिश्रामपुर,8 गाउँ,67,आवासिय क्षेत्र
बिश्रामपुर,8 गाउँ,73,आवासिय क्षेत्र
बिश्रामपुर,8 गाउँ,74,आवासिय क्षेत्र
बिश्रामपुर,8 गाउँ,75,आवासिय क्षेत्र
बिश्रामपुर,8 गाउँ,76,आवासिय क्षेत्र
बिश्रामपुर,8 गाउँ,79,आवासिय क्षेत्र
बिश्रामपुर,8 गाउँ,80,आवासिय क्षेत्र
बिश्रामपुर,8 गाउँ,81,आवासिय क्षेत्र
बिश्रामपुर,8 गाउँ,82,आवासिय क्षेत्र
बिश्रामपुर,8 गाउँ,84,आवासिय क्षेत्र
बिश्रामपुर,8 गाउँ,87,आवासिय क्षेत्र
बिश्रामपुर,8 गाउँ,88,आवासिय क्षेत्र
बिश्रामपुर,8 गाउँ,89,आवासिय क्षेत्र
बिश्रामपुर,8 गाउँ,90,आवासिय क्षेत्र
बिश्रामपुर,8 गाउँ,90,आवासिय क्षेत्र
बिश्रामपुर,8 गाउँ,93,आवासिय क्षेत्र
बिश्रामपुर,8 गाउँ,94,आवासिय क्षेत्र
बिश्रामपुर,8 गाउँ,95,आवासिय क्षेत्र
बिश्रामपुर,8 गाउँ,96,आवासिय क्षेत्र
बिश्रामपुर,8 गाउँ,97,आवासिय क्षेत्र
बिश्रामपुर,8 गाउँ,98,आवासिय क्षेत्र
बिश्रामपुर,8 गाउँ,999998,आवासिय क्षेत्र
बिश्रामपुर,8 नहर,2,आवासिय क्षेत्र
बिश्रामपुर,8 नहर,6,आवासिय क्षेत्र
बिश्रामपुर,8 नहर,10,आवासिय क्षेत्र
बिश्रामपुर,8 नहर,15,आवासिय क्षेत्र
बिश्रामपुर,8 नहर,235,आवासिय क्षेत्र
बिश्रामपुर,8 नहर,237,आवासिय क्षेत्र
बिश्रामपुर,8 नहर,238,आवासिय क्षेत्र
बिश्रामपुर,8 नहर,246,सार्वजनिक उपयोग क्षेत्र
बिश्रामपुर,8 नहर,247,आवासिय क्षेत्र
बिश्रामपुर,8 नहर,248,आवासिय क्षेत्र
बिश्रामपुर,8 नहर,249,आवासिय क्षेत्र
बिश्रामपुर,8 नहर,250,आवासिय क्षेत्र
बिश्रामपुर,8 नहर,251,सार्वजनिक उपयोग क्षेत्र
बिश्रामपुर,8 नहर,258,आवासिय क्षेत्र
बिश्रामपुर,8 नहर,260,आवासिय क्षेत्र
बिश्रामपुर,8 नहर,264,आवासिय क्षेत्र
बिश्रामपुर,8 नहर,265,आवासिय क्षेत्र
बिश्रामपुर,8 नहर,266,आवासिय क्षेत्र
बिश्रामपुर,8 नहर,270,आवासिय क्षेत्र
बिश्रामपुर,8 नहर,272,आवासिय क्षेत्र
बिश्रामपुर,8 नहर,273,आवासिय क्षेत्र
बिश्रामपुर,8 नहर,274,आवासिय क्षेत्र
बिश्रामपुर,8 नहर,275,आवासिय क्षेत्र
बिश्रामपुर,8 नहर,276,आवासिय क्षेत्र
बिश्रामपुर,8 नहर,277,आवासिय क्षेत्र
बिश्रामपुर,8 नहर,278,आवासिय क्षेत्र
बिश्रामपुर,8 नहर,292,आवासिय क्षेत्र
बिश्रामपुर,8 नहर,293,आवासिय क्षेत्र
बिश्रामपुर,8 नहर,294,आवासिय क्षेत्र
बिश्रामपुर,8 नहर,296,आवासिय क्षेत्र
बिश्रामपुर,8 नहर,296,आवासिय क्षेत्र
बिश्रामपुर,8 नहर,297,आवासिय क्षेत्र
बिश्रामपुर,8 नहर,334,आवासिय क्षेत्र
बिश्रामपुर,8 नहर,361,आवासिय क्षेत्र
बिश्रामपुर,8 नहर,364,आवासिय क्षेत्र
बिश्रामपुर,8 नहर,396,आवासिय क्षेत्र
बिश्रामपुर,8 नहर,397,आवासिय क्षेत्र
बिश्रामपुर,8 नहर,424,व्यावसायिक क्षेत्र
बिश्रामपुर,8 नहर,449,आवासिय क्षेत्र
बिश्रामपुर,8 नहर,450,आवासिय क्षेत्र
बिश्रामपुर,8 नहर,451,आवासिय क्षेत्र
बिश्रामपुर,8 नहर,452,आवासिय क्षेत्र
बिश्रामपुर,8 नहर,453,आवासिय क्षेत्र
बिश्रामपुर,8 नहर,454,आवासिय क्षेत्र
बिश्रामपुर,8 नहर,466,आवासिय क्षेत्र
बिश्रामपुर,8 नहर,470,आवासिय क्षेत्र
बिश्रामपुर,8 नहर,483,आवासिय क्षेत्र
बिश्रामपुर,8 नहर,485,आवासिय क्षेत्र
बिश्रामपुर,8 नहर,503,आवासिय क्षेत्र
बिश्रामपुर,8 नहर,504,आवासिय क्षेत्र
बिश्रामपुर,8 नहर,505,आवासिय क्षेत्र
बिश्रामपुर,8 नहर,560,आवासिय क्षेत्र
बिश्रामपुर,8 नहर,568,आवासिय क्षेत्र
बिश्रामपुर,8 नहर,569,आवासिय क्षेत्र
बिश्रामपुर,8 नहर,570,आवासिय क्षेत्र
बिश्रामपुर,8 नहर,571,आवासिय क्षेत्र
बिश्रामपुर,8 नहर,594,आवासिय क्षेत्र
बिश्रामपुर,8 नहर,596,आवासिय क्षेत्र
बिश्रामपुर,8 नहर,597,आवासिय क्षेत्र
बिश्रामपुर,8 नहर,623,आवासिय क्षेत्र
बिश्रामपुर,8 नहर,624,आवासिय क्षेत्र
बिश्रामपुर,8 नहर,629,आवासिय क्षेत्र
बिश्रामपुर,8 नहर,630,आवासिय क्षेत्र
बिश्रामपुर,8 नहर,638,आवासिय क्षेत्र
बिश्रामपुर,8 नहर,639,आवासिय क्षेत्र
बिश्रामपुर,8 नहर,640,आवासिय क्षेत्र
बिश्रामपुर,8 नहर,641,आवासिय क्षेत्र
बिश्रामपुर,8 नहर,673,आवासिय क्षेत्र
बिश्रामपुर,8 नहर,675,आवासिय क्षेत्र
बिश्रामपुर,8 नहर,687,आवासिय क्षेत्र
बिश्रामपुर,8 नहर,688,आवासिय क्षेत्र
बिश्रामपुर,8 नहर,689,व्यावसायिक क्षेत्र
बिश्रामपुर,8 नहर,698,आवासिय क्षेत्र
बिश्रामपुर,8 नहर,698,आवासिय क्षेत्र
बिश्रामपुर,8 नहर,699,आवासिय क्षेत्र
बिश्रामपुर,8 नहर,699,आवासिय क्षेत्र
बिश्रामपुर,8 नहर,700,आवासिय क्षेत्र
बिश्रामपुर,8 नहर,701,आवासिय क्षेत्र
बिश्रामपुर,8 नहर,702,आवासिय क्षेत्र
बिश्रामपुर,8 नहर,709,आवासिय क्षेत्र
बिश्रामपुर,8 नहर,710,आवासिय क्षेत्र
बिश्रामपुर,8 नहर,734,आवासिय क्षेत्र
बिश्रामपुर,8 नहर,736,आवासिय क्षेत्र
बिश्रामपुर,8 नहर,737,आवासिय क्षेत्र
बिश्रामपुर,8 नहर,737,आवासिय क्षेत्र
बिश्रामपुर,8 नहर,739,आवासिय क्षेत्र
बिश्रामपुर,8 नहर,747,आवासिय क्षेत्र
बिश्रामपुर,8 नहर,749,आवासिय क्षेत्र
बिश्रामपुर,8 नहर,751,व्यावसायिक क्षेत्र
बिश्रामपुर,8 नहर,752,व्यावसायिक क्षेत्र
बिश्रामपुर,8 नहर,753,आवासिय क्षेत्र
बिश्रामपुर,8 नहर,754,आवासिय क्षेत्र
बिश्रामपुर,8 नहर,755,आवासिय क्षेत्र
बिश्रामपुर,8 नहर,757,आवासिय क्षेत्र
बिश्रामपुर,8 नहर,758,आवासिय क्षेत्र
बिश्रामपुर,8 नहर,759,आवासिय क्षेत्र
बिश्रामपुर,8 नहर,760,आवासिय क्षेत्र
बिश्रामपुर,8 नहर,761,आवासिय क्षेत्र
बिश्रामपुर,8 नहर,775,आवासिय क्षेत्र
बिश्रामपुर,8 नहर,777,आवासिय क्षेत्र
बिश्रामपुर,8 नहर,785,आवासिय क्षेत्र
बिश्रामपुर,8 नहर,786,आवासिय क्षेत्र
बिश्रामपुर,8 नहर,789,आवासिय क्षेत्र
बिश्रामपुर,8 नहर,790,आवासिय क्षेत्र
बिश्रामपुर,8 नहर,791,व्यावसायिक क्षेत्र
बिश्रामपुर,8 नहर,792,व्यावसायिक क्षेत्र
बिश्रामपुर,8 नहर,795,आवासिय क्षेत्र
बिश्रामपुर,8 नहर,801,व्यावसायिक क्षेत्र
बिश्रामपुर,8 नहर,802,व्यावसायिक क्षेत्र
बिश्रामपुर,8 नहर,809,आवासिय क्षेत्र
बिश्रामपुर,8 नहर,810,आवासिय क्षेत्र
बिश्रामपुर,8 नहर,826,आवासिय क्षेत्र
बिश्रामपुर,8 नहर,827,आवासिय क्षेत्र
बिश्रामपुर,8 नहर,830,आवासिय क्षेत्र
बिश्रामपुर,8 नहर,838,आवासिय क्षेत्र
बिश्रामपुर,8 नहर,839,आवासिय क्षेत्र
बिश्रामपुर,8 नहर,840,आवासिय क्षेत्र
बिश्रामपुर,8 नहर,842,आवासिय क्षेत्र
बिश्रामपुर,8 नहर,845,आवासिय क्षेत्र
बिश्रामपुर,8 नहर,846,आवासिय क्षेत्र
बिश्रामपुर,8 नहर,850,आवासिय क्षेत्र
बिश्रामपुर,8 नहर,860,व्यावसायिक क्षेत्र
बिश्रामपुर,8 नहर,862,आवासिय क्षेत्र
बिश्रामपुर,8 नहर,863,आवासिय क्षेत्र
बिश्रामपुर,8 नहर,866,व्यावसायिक क्षेत्र
बिश्रामपुर,8 नहर,867,व्यावसायिक क्षेत्र
बिश्रामपुर,8 नहर,885,आवासिय क्षेत्र
बिश्रामपुर,8 नहर,886,आवासिय क्षेत्र
बिश्रामपुर,8 नहर,887,आवासिय क्षेत्र
बिश्रामपुर,8 नहर,909,आवासिय क्षेत्र
बिश्रामपुर,8 नहर,910,आवासिय क्षेत्र
बिश्रामपुर,8 नहर,915,सार्वजनिक उपयोग क्षेत्र
बिश्रामपुर,8 नहर,916,आवासिय क्षेत्र
बिश्रामपुर,8 नहर,917,आवासिय क्षेत्र
बिश्रामपुर,8 नहर,918,आवासिय क्षेत्र
बिश्रामपुर,8 नहर,926,आवासिय क्षेत्र
बिश्रामपुर,8 नहर,927,आवासिय क्षेत्र
बिश्रामपुर,8 नहर,928,आवासिय क्षेत्र
बिश्रामपुर,8 नहर,929,आवासिय क्षेत्र
बिश्रामपुर,8 नहर,9994,आवासिय क्षेत्र
बिश्रामपुर,8 नहर,9995,सार्वजनिक उपयोग क्षेत्र
बिश्रामपुर,8 नहर,9996,आवासिय क्षेत्र
बिश्रामपुर,8 नहर,9997,सार्वजनिक उपयोग क्षेत्र
बिश्रामपुर,8 नहर,9998,सार्वजनिक उपयोग क्षेत्र
बिश्रामपुर,8 नहर,9999,आवासिय क्षेत्र
बिश्रामपुर,9,1,आवासिय क्षेत्र
बिश्रामपुर,9,2,आवासिय क्षेत्र
बिश्रामपुर,9,3,आवासिय क्षेत्र
बिश्रामपुर,9,5,आवासिय क्षेत्र
बिश्रामपुर,9,7,आवासिय क्षेत्र
बिश्रामपुर,9,8,आवासिय क्षेत्र
बिश्रामपुर,9,9,आवासिय क्षेत्र
बिश्रामपुर,9,10,आवासिय क्षेत्र
बिश्रामपुर,9,11,आवासिय क्षेत्र
बिश्रामपुर,9,12,आवासिय क्षेत्र
बिश्रामपुर,9,13,आवासिय क्षेत्र
बिश्रामपुर,9,14,आवासिय क्षेत्र
बिश्रामपुर,9,15,आवासिय क्षेत्र
बिश्रामपुर,9,16,आवासिय क्षेत्र
बिश्रामपुर,9,17,आवासिय क्षेत्र
बिश्रामपुर,9,18,आवासिय क्षेत्र
बिश्रामपुर,9,20,आवासिय क्षेत्र
बिश्रामपुर,9,21,आवासिय क्षेत्र
बिश्रामपुर,9,22,आवासिय क्षेत्र
बिश्रामपुर,9,23,आवासिय क्षेत्र
बिश्रामपुर,9,24,आवासिय क्षेत्र
बिश्रामपुर,9,25,आवासिय क्षेत्र
बिश्रामपुर,9,26,आवासिय क्षेत्र
बिश्रामपुर,9,27,आवासिय क्षेत्र
बिश्रामपुर,9,28,आवासिय क्षेत्र
बिश्रामपुर,9,29,आवासिय क्षेत्र
बिश्रामपुर,9,31,आवासिय क्षेत्र
बिश्रामपुर,9,37,आवासिय क्षेत्र
बिश्रामपुर,9,38,आवासिय क्षेत्र
बिश्रामपुर,9,39,आवासिय क्षेत्र
बिश्रामपुर,9,43,आवासिय क्षेत्र
बिश्रामपुर,9,44,आवासिय क्षेत्र
बिश्रामपुर,9,45,आवासिय क्षेत्र
बिश्रामपुर,9,46,आवासिय क्षेत्र
बिश्रामपुर,9,47,आवासिय क्षेत्र
बिश्रामपुर,9,48,आवासिय क्षेत्र
बिश्रामपुर,9,52,आवासिय क्षेत्र
बिश्रामपुर,9,53,आवासिय क्षेत्र
बिश्रामपुर,9,54,आवासिय क्षेत्र
बिश्रामपुर,9,55,आवासिय क्षेत्र
बिश्रामपुर,9,58,आवासिय क्षेत्र
बिश्रामपुर,9,63,आवासिय क्षेत्र
बिश्रामपुर,9,66,आवासिय क्षेत्र
बिश्रामपुर,9,69,आवासिय क्षेत्र
बिश्रामपुर,9,72,आवासिय क्षेत्र
बिश्रामपुर,9,73,आवासिय क्षेत्र
बिश्रामपुर,9,75,आवासिय क्षेत्र
बिश्रामपुर,9,76,आवासिय क्षेत्र
बिश्रामपुर,9,77,आवासिय क्षेत्र
बिश्रामपुर,9,78,आवासिय क्षेत्र
बिश्रामपुर,9,79,आवासिय क्षेत्र
बिश्रामपुर,9,81,आवासिय क्षेत्र
बिश्रामपुर,9,82,आवासिय क्षेत्र
बिश्रामपुर,9,83,आवासिय क्षेत्र
बिश्रामपुर,9,84,आवासिय क्षेत्र
बिश्रामपुर,9,85,आवासिय क्षेत्र
बिश्रामपुर,9,86,आवासिय क्षेत्र
बिश्रामपुर,9,87,आवासिय क्षेत्र
बिश्रामपुर,9,88,आवासिय क्षेत्र
बिश्रामपुर,9,89,आवासिय क्षेत्र
बिश्रामपुर,9,90,आवासिय क्षेत्र
बिश्रामपुर,9,91,आवासिय क्षेत्र
बिश्रामपुर,9,92,आवासिय क्षेत्र
बिश्रामपुर,9,93,आवासिय क्षेत्र
बिश्रामपुर,9,94,आवासिय क्षेत्र
बिश्रामपुर,9,95,आवासिय क्षेत्र
बिश्रामपुर,9,96,आवासिय क्षेत्र
बिश्रामपुर,9,97,आवासिय क्षेत्र
बिश्रामपुर,9,98,आवासिय क्षेत्र
बिश्रामपुर,9,100,आवासिय क्षेत्र
बिश्रामपुर,9,101,आवासिय क्षेत्र
बिश्रामपुर,9,102,आवासिय क्षेत्र
बिश्रामपुर,9,103,आवासिय क्षेत्र
बिश्रामपुर,9,104,आवासिय क्षेत्र
बिश्रामपुर,9,105,आवासिय क्षेत्र
बिश्रामपुर,9,106,आवासिय क्षेत्र
बिश्रामपुर,9,107,आवासिय क्षेत्र
बिश्रामपुर,9,108,आवासिय क्षेत्र
बिश्रामपुर,9,109,आवासिय क्षेत्र
बिश्रामपुर,9,113,आवासिय क्षेत्र
बिश्रामपुर,9,114,आवासिय क्षेत्र
बिश्रामपुर,9,115,आवासिय क्षेत्र
बिश्रामपुर,9,116,आवासिय क्षेत्र
बिश्रामपुर,9,118,आवासिय क्षेत्र
बिश्रामपुर,9,119,आवासिय क्षेत्र
बिश्रामपुर,9,120,आवासिय क्षेत्र
बिश्रामपुर,9,121,आवासिय क्षेत्र
बिश्रामपुर,9,122,आवासिय क्षेत्र
बिश्रामपुर,9,123,आवासिय क्षेत्र
बिश्रामपुर,9,124,आवासिय क्षेत्र
बिश्रामपुर,9,125,आवासिय क्षेत्र
बिश्रामपुर,9,127,आवासिय क्षेत्र
बिश्रामपुर,9,128,आवासिय क्षेत्र
बिश्रामपुर,9,129,आवासिय क्षेत्र
बिश्रामपुर,9,130,आवासिय क्षेत्र
बिश्रामपुर,9,131,आवासिय क्षेत्र
बिश्रामपुर,9,132,आवासिय क्षेत्र
बिश्रामपुर,9,134,आवासिय क्षेत्र
बिश्रामपुर,9,135,आवासिय क्षेत्र
बिश्रामपुर,9,136,आवासिय क्षेत्र
बिश्रामपुर,9,137,आवासिय क्षेत्र
बिश्रामपुर,9,138,आवासिय क्षेत्र
बिश्रामपुर,9,139,आवासिय क्षेत्र
बिश्रामपुर,9,140,आवासिय क्षेत्र
बिश्रामपुर,9,142,आवासिय क्षेत्र
बिश्रामपुर,9,143,आवासिय क्षेत्र
बिश्रामपुर,9,145,आवासिय क्षेत्र
बिश्रामपुर,9,146,आवासिय क्षेत्र
बिश्रामपुर,9,146,आवासिय क्षेत्र
बिश्रामपुर,9,148,आवासिय क्षेत्र
बिश्रामपुर,9,149,आवासिय क्षेत्र
बिश्रामपुर,9,151,आवासिय क्षेत्र
बिश्रामपुर,9,152,आवासिय क्षेत्र
बिश्रामपुर,9,153,आवासिय क्षेत्र
बिश्रामपुर,9,154,आवासिय क्षेत्र
बिश्रामपुर,9,155,आवासिय क्षेत्र
बिश्रामपुर,9,156,आवासिय क्षेत्र
बिश्रामपुर,9,157,आवासिय क्षेत्र
बिश्रामपुर,9,160,आवासिय क्षेत्र
बिश्रामपुर,9,161,आवासिय क्षेत्र
बिश्रामपुर,9,162,आवासिय क्षेत्र
बिश्रामपुर,9,163,आवासिय क्षेत्र
बिश्रामपुर,9,165,आवासिय क्षेत्र
बिश्रामपुर,9,166,आवासिय क्षेत्र
बिश्रामपुर,9,168,आवासिय क्षेत्र
बिश्रामपुर,9,169,आवासिय क्षेत्र
बिश्रामपुर,9,170,आवासिय क्षेत्र
बिश्रामपुर,9,171,आवासिय क्षेत्र
बिश्रामपुर,9,172,आवासिय क्षेत्र
बिश्रामपुर,9,173,आवासिय क्षेत्र
बिश्रामपुर,9,174,आवासिय क्षेत्र
बिश्रामपुर,9,175,आवासिय क्षेत्र
बिश्रामपुर,9,176,आवासिय क्षेत्र
बिश्रामपुर,9,177,आवासिय क्षेत्र
बिश्रामपुर,9,181,आवासिय क्षेत्र
बिश्रामपुर,9,183,आवासिय क्षेत्र
बिश्रामपुर,9,184,आवासिय क्षेत्र
बिश्रामपुर,9,185,आवासिय क्षेत्र
बिश्रामपुर,9,187,आवासिय क्षेत्र
बिश्रामपुर,9,188,आवासिय क्षेत्र
बिश्रामपुर,9,189,आवासिय क्षेत्र
बिश्रामपुर,9,190,आवासिय क्षेत्र
बिश्रामपुर,9,192,आवासिय क्षेत्र
बिश्रामपुर,9,193,आवासिय क्षेत्र
बिश्रामपुर,9,195,आवासिय क्षेत्र
बिश्रामपुर,9,196,आवासिय क्षेत्र
बिश्रामपुर,9,197,आवासिय क्षेत्र
बिश्रामपुर,9,198,आवासिय क्षेत्र
बिश्रामपुर,9,199,आवासिय क्षेत्र
बिश्रामपुर,9,200,आवासिय क्षेत्र
बिश्रामपुर,9,201,आवासिय क्षेत्र
बिश्रामपुर,9,202,आवासिय क्षेत्र
बिश्रामपुर,9,203,आवासिय क्षेत्र
बिश्रामपुर,9,204,आवासिय क्षेत्र
बिश्रामपुर,9,205,आवासिय क्षेत्र
बिश्रामपुर,9,206,आवासिय क्षेत्र
बिश्रामपुर,9,207,आवासिय क्षेत्र
बिश्रामपुर,9,208,आवासिय क्षेत्र
बिश्रामपुर,9,211,आवासिय क्षेत्र
बिश्रामपुर,9,212,आवासिय क्षेत्र
बिश्रामपुर,9,213,आवासिय क्षेत्र
बिश्रामपुर,9,214,आवासिय क्षेत्र
बिश्रामपुर,9,215,आवासिय क्षेत्र
बिश्रामपुर,9,216,आवासिय क्षेत्र
बिश्रामपुर,9,217,आवासिय क्षेत्र
बिश्रामपुर,9,219,आवासिय क्षेत्र
बिश्रामपुर,9,222,आवासिय क्षेत्र
बिश्रामपुर,9,223,आवासिय क्षेत्र
बिश्रामपुर,9,225,कृषि क्षेत्र
बिश्रामपुर,9,227,आवासिय क्षेत्र
बिश्रामपुर,9,228,आवासिय क्षेत्र
बिश्रामपुर,9,230,आवासिय क्षेत्र
बिश्रामपुर,9,231,आवासिय क्षेत्र
बिश्रामपुर,9,233,आवासिय क्षेत्र
बिश्रामपुर,9,234,आवासिय क्षेत्र
बिश्रामपुर,9,237,आवासिय क्षेत्र
बिश्रामपुर,9,238,आवासिय क्षेत्र
बिश्रामपुर,9,241,कृषि क्षेत्र
बिश्रामपुर,9,244,आवासिय क्षेत्र
बिश्रामपुर,9,245,आवासिय क्षेत्र
बिश्रामपुर,9,246,आवासिय क्षेत्र
बिश्रामपुर,9,247,आवासिय क्षेत्र
बिश्रामपुर,9,248,आवासिय क्षेत्र
बिश्रामपुर,9,249,आवासिय क्षेत्र
बिश्रामपुर,9,250,आवासिय क्षेत्र
बिश्रामपुर,9,251,आवासिय क्षेत्र
बिश्रामपुर,9,253,आवासिय क्षेत्र
बिश्रामपुर,9,255,आवासिय क्षेत्र
बिश्रामपुर,9,257,कृषि क्षेत्र
बिश्रामपुर,9,259,आवासिय क्षेत्र
बिश्रामपुर,9,260,आवासिय क्षेत्र
बिश्रामपुर,9,261,आवासिय क्षेत्र
बिश्रामपुर,9,262,आवासिय क्षेत्र
बिश्रामपुर,9,264,आवासिय क्षेत्र
बिश्रामपुर,9,267,आवासिय क्षेत्र
बिश्रामपुर,9,268,आवासिय क्षेत्र
बिश्रामपुर,9,269,आवासिय क्षेत्र
बिश्रामपुर,9,270,आवासिय क्षेत्र
बिश्रामपुर,9,271,आवासिय क्षेत्र
बिश्रामपुर,9,274,आवासिय क्षेत्र
बिश्रामपुर,9,275,आवासिय क्षेत्र
बिश्रामपुर,9,276,आवासिय क्षेत्र
बिश्रामपुर,9,278,आवासिय क्षेत्र
बिश्रामपुर,9,282,आवासिय क्षेत्र
बिश्रामपुर,9,283,आवासिय क्षेत्र
बिश्रामपुर,9,285,आवासिय क्षेत्र
बिश्रामपुर,9,288,कृषि क्षेत्र
बिश्रामपुर,9,290,कृषि क्षेत्र
बिश्रामपुर,9,291,कृषि क्षेत्र
बिश्रामपुर,9,292,कृषि क्षेत्र
बिश्रामपुर,9,300,आवासिय क्षेत्र
बिश्रामपुर,9,305,कृषि क्षेत्र
बिश्रामपुर,9,308,कृषि क्षेत्र
बिश्रामपुर,9,309,कृषि क्षेत्र
बिश्रामपुर,9,310,कृषि क्षेत्र
बिश्रामपुर,9,311,कृषि क्षेत्र
बिश्रामपुर,9,313,कृषि क्षेत्र
बिश्रामपुर,9,314,कृषि क्षेत्र
बिश्रामपुर,9,315,कृषि क्षेत्र
बिश्रामपुर,9,316,कृषि क्षेत्र
बिश्रामपुर,9,317,कृषि क्षेत्र
बिश्रामपुर,9,320,आवासिय क्षेत्र
बिश्रामपुर,9,321,आवासिय क्षेत्र
बिश्रामपुर,9,322,आवासिय क्षेत्र
बिश्रामपुर,9,323,आवासिय क्षेत्र
बिश्रामपुर,9,324,आवासिय क्षेत्र
बिश्रामपुर,9,326,आवासिय क्षेत्र
बिश्रामपुर,9,327,आवासिय क्षेत्र
बिश्रामपुर,9,328,आवासिय क्षेत्र
बिश्रामपुर,9,329,आवासिय क्षेत्र
बिश्रामपुर,9,332,आवासिय क्षेत्र
बिश्रामपुर,9,333,आवासिय क्षेत्र
बिश्रामपुर,9,335,आवासिय क्षेत्र
बिश्रामपुर,9,336,आवासिय क्षेत्र
बिश्रामपुर,9,337,आवासिय क्षेत्र
बिश्रामपुर,9,338,आवासिय क्षेत्र
बिश्रामपुर,9,339,आवासिय क्षेत्र
बिश्रामपुर,9,341,आवासिय क्षेत्र
बिश्रामपुर,9,342,आवासिय क्षेत्र
बिश्रामपुर,9,343,कृषि क्षेत्र
बिश्रामपुर,9,344,कृषि क्षेत्र
बिश्रामपुर,9,345,कृषि क्षेत्र
बिश्रामपुर,9,346,आवासिय क्षेत्र
बिश्रामपुर,9,348,आवासिय क्षेत्र
बिश्रामपुर,9,350,आवासिय क्षेत्र
बिश्रामपुर,9,352,आवासिय क्षेत्र
बिश्रामपुर,9,353,आवासिय क्षेत्र
बिश्रामपुर,9,355,आवासिय क्षेत्र
बिश्रामपुर,9,356,आवासिय क्षेत्र
बिश्रामपुर,9,357,आवासिय क्षेत्र
बिश्रामपुर,9,358,आवासिय क्षेत्र
बिश्रामपुर,9,359,आवासिय क्षेत्र
बिश्रामपुर,9,361,आवासिय क्षेत्र
बिश्रामपुर,9,362,आवासिय क्षेत्र
बिश्रामपुर,9,363,आवासिय क्षेत्र
बिश्रामपुर,9,364,आवासिय क्षेत्र
बिश्रामपुर,9,365,आवासिय क्षेत्र
बिश्रामपुर,9,366,आवासिय क्षेत्र
बिश्रामपुर,9,368,आवासिय क्षेत्र
बिश्रामपुर,9,368,आवासिय क्षेत्र
बिश्रामपुर,9,369,आवासिय क्षेत्र
बिश्रामपुर,9,370,आवासिय क्षेत्र
बिश्रामपुर,9,371,आवासिय क्षेत्र
बिश्रामपुर,9,372,आवासिय क्षेत्र
बिश्रामपुर,9,373,आवासिय क्षेत्र
बिश्रामपुर,9,374,आवासिय क्षेत्र
बिश्रामपुर,9,375,आवासिय क्षेत्र
बिश्रामपुर,9,377,आवासिय क्षेत्र
बिश्रामपुर,9,378,आवासिय क्षेत्र
बिश्रामपुर,9,380,आवासिय क्षेत्र
बिश्रामपुर,9,381,आवासिय क्षेत्र
बिश्रामपुर,9,384,आवासिय क्षेत्र
बिश्रामपुर,9,385,आवासिय क्षेत्र
बिश्रामपुर,9,386,आवासिय क्षेत्र
बिश्रामपुर,9,389,आवासिय क्षेत्र
बिश्रामपुर,9,390,आवासिय क्षेत्र
बिश्रामपुर,9,391,आवासिय क्षेत्र
बिश्रामपुर,9,392,आवासिय क्षेत्र
बिश्रामपुर,9,394,आवासिय क्षेत्र
बिश्रामपुर,9,395,आवासिय क्षेत्र
बिश्रामपुर,9,396,आवासिय क्षेत्र
बिश्रामपुर,9,397,आवासिय क्षेत्र
बिश्रामपुर,9,398,आवासिय क्षेत्र
बिश्रामपुर,9,400,आवासिय क्षेत्र
बिश्रामपुर,9,401,आवासिय क्षेत्र
बिश्रामपुर,9,403,आवासिय क्षेत्र
बिश्रामपुर,9,404,आवासिय क्षेत्र
बिश्रामपुर,9,409,आवासिय क्षेत्र
बिश्रामपुर,9,410,आवासिय क्षेत्र
बिश्रामपुर,9,414,आवासिय क्षेत्र
बिश्रामपुर,9,415,आवासिय क्षेत्र
बिश्रामपुर,9,416,आवासिय क्षेत्र
बिश्रामपुर,9,417,आवासिय क्षेत्र
बिश्रामपुर,9,418,आवासिय क्षेत्र
बिश्रामपुर,9,419,आवासिय क्षेत्र
बिश्रामपुर,9,421,आवासिय क्षेत्र
बिश्रामपुर,9,422,आवासिय क्षेत्र
बिश्रामपुर,9,427,आवासिय क्षेत्र
बिश्रामपुर,9,428,आवासिय क्षेत्र
बिश्रामपुर,9,429,आवासिय क्षेत्र
बिश्रामपुर,9,430,आवासिय क्षेत्र
बिश्रामपुर,9,431,आवासिय क्षेत्र
बिश्रामपुर,9,432,आवासिय क्षेत्र
बिश्रामपुर,9,433,आवासिय क्षेत्र
बिश्रामपुर,9,435,आवासिय क्षेत्र
बिश्रामपुर,9,436,आवासिय क्षेत्र
बिश्रामपुर,9,441,आवासिय क्षेत्र
बिश्रामपुर,9,442,कृषि क्षेत्र
बिश्रामपुर,9,445,आवासिय क्षेत्र
बिश्रामपुर,9,446,आवासिय क्षेत्र
बिश्रामपुर,9,447,आवासिय क्षेत्र
बिश्रामपुर,9,448,आवासिय क्षेत्र
बिश्रामपुर,9,449,आवासिय क्षेत्र
बिश्रामपुर,9,450,आवासिय क्षेत्र
बिश्रामपुर,9,451,आवासिय क्षेत्र
बिश्रामपुर,9,452,आवासिय क्षेत्र
बिश्रामपुर,9,453,आवासिय क्षेत्र
बिश्रामपुर,9,454,आवासिय क्षेत्र
बिश्रामपुर,9,456,आवासिय क्षेत्र
बिश्रामपुर,9,458,आवासिय क्षेत्र
बिश्रामपुर,9,459,आवासिय क्षेत्र
बिश्रामपुर,9,460,आवासिय क्षेत्र
बिश्रामपुर,9,462,आवासिय क्षेत्र
बिश्रामपुर,9,463,आवासिय क्षेत्र
बिश्रामपुर,9,466,आवासिय क्षेत्र
बिश्रामपुर,9,468,आवासिय क्षेत्र
बिश्रामपुर,9,469,आवासिय क्षेत्र
बिश्रामपुर,9,473,आवासिय क्षेत्र
बिश्रामपुर,9,474,आवासिय क्षेत्र
बिश्रामपुर,9,476,आवासिय क्षेत्र
बिश्रामपुर,9,480,कृषि क्षेत्र
बिश्रामपुर,9,480,सार्वजनिक उपयोग क्षेत्र
बिश्रामपुर,9,481,कृषि क्षेत्र
बिश्रामपुर,9,482,कृषि क्षेत्र
बिश्रामपुर,9,486,कृषि क्षेत्र
बिश्रामपुर,9,492,कृषि क्षेत्र
बिश्रामपुर,9,493,कृषि क्षेत्र
बिश्रामपुर,9,494,आवासिय क्षेत्र
बिश्रामपुर,9,495,आवासिय क्षेत्र
बिश्रामपुर,9,496,कृषि क्षेत्र
बिश्रामपुर,9,497,कृषि क्षेत्र
बिश्रामपुर,9,498,आवासिय क्षेत्र
बिश्रामपुर,9,499,आवासिय क्षेत्र
बिश्रामपुर,9,500,आवासिय क्षेत्र
बिश्रामपुर,9,502,आवासिय क्षेत्र
बिश्रामपुर,9,504,आवासिय क्षेत्र
बिश्रामपुर,9,505,आवासिय क्षेत्र
बिश्रामपुर,9,506,आवासिय क्षेत्र
बिश्रामपुर,9,509,आवासिय क्षेत्र
बिश्रामपुर,9,510,आवासिय क्षेत्र
बिश्रामपुर,9,514,आवासिय क्षेत्र
बिश्रामपुर,9,515,आवासिय क्षेत्र
बिश्रामपुर,9,517,कृषि क्षेत्र
बिश्रामपुर,9,518,कृषि क्षेत्र
बिश्रामपुर,9,519,आवासिय क्षेत्र
बिश्रामपुर,9,521,आवासिय क्षेत्र
बिश्रामपुर,9,523,आवासिय क्षेत्र
बिश्रामपुर,9,525,आवासिय क्षेत्र
बिश्रामपुर,9,527,आवासिय क्षेत्र
बिश्रामपुर,9,531,आवासिय क्षेत्र
बिश्रामपुर,9,536,आवासिय क्षेत्र
बिश्रामपुर,9,537,आवासिय क्षेत्र
बिश्रामपुर,9,538,आवासिय क्षेत्र
बिश्रामपुर,9,539,आवासिय क्षेत्र
बिश्रामपुर,9,544,आवासिय क्षेत्र
बिश्रामपुर,9,546,कृषि क्षेत्र
बिश्रामपुर,9,548,आवासिय क्षेत्र
बिश्रामपुर,9,552,आवासिय क्षेत्र
बिश्रामपुर,9,553,आवासिय क्षेत्र
बिश्रामपुर,9,561,कृषि क्षेत्र
बिश्रामपुर,9,562,कृषि क्षेत्र
बिश्रामपुर,9,563,आवासिय क्षेत्र
बिश्रामपुर,9,565,आवासिय क्षेत्र
बिश्रामपुर,9,566,आवासिय क्षेत्र
बिश्रामपुर,9,567,कृषि क्षेत्र
बिश्रामपुर,9,571,आवासिय क्षेत्र
बिश्रामपुर,9,573,आवासिय क्षेत्र
बिश्रामपुर,9,574,आवासिय क्षेत्र
बिश्रामपुर,9,575,आवासिय क्षेत्र
बिश्रामपुर,9,576,आवासिय क्षेत्र
बिश्रामपुर,9,582,आवासिय क्षेत्र
बिश्रामपुर,9,583,आवासिय क्षेत्र
बिश्रामपुर,9,584,आवासिय क्षेत्र
बिश्रामपुर,9,585,आवासिय क्षेत्र
बिश्रामपुर,9,586,आवासिय क्षेत्र
बिश्रामपुर,9,588,आवासिय क्षेत्र
बिश्रामपुर,9,590,आवासिय क्षेत्र
बिश्रामपुर,9,591,आवासिय क्षेत्र
बिश्रामपुर,9,592,आवासिय क्षेत्र
बिश्रामपुर,9,594,आवासिय क्षेत्र
बिश्रामपुर,9,595,आवासिय क्षेत्र
बिश्रामपुर,9,596,आवासिय क्षेत्र
बिश्रामपुर,9,597,आवासिय क्षेत्र
बिश्रामपुर,9,598,आवासिय क्षेत्र
बिश्रामपुर,9,599,आवासिय क्षेत्र
बिश्रामपुर,9,600,आवासिय क्षेत्र
बिश्रामपुर,9,605,आवासिय क्षेत्र
बिश्रामपुर,9,606,आवासिय क्षेत्र
बिश्रामपुर,9,610,आवासिय क्षेत्र
बिश्रामपुर,9,613,आवासिय क्षेत्र
बिश्रामपुर,9,620,आवासिय क्षेत्र
बिश्रामपुर,9,621,आवासिय क्षेत्र
बिश्रामपुर,9,622,आवासिय क्षेत्र
बिश्रामपुर,9,623,आवासिय क्षेत्र
बिश्रामपुर,9,625,आवासिय क्षेत्र
बिश्रामपुर,9,799,आवासिय क्षेत्र
बिश्रामपुर,9,801,आवासिय क्षेत्र
बिश्रामपुर,9,802,आवासिय क्षेत्र
बिश्रामपुर,9,803,आवासिय क्षेत्र
बिश्रामपुर,9,804,कृषि क्षेत्र
बिश्रामपुर,9,805,कृषि क्षेत्र
बिश्रामपुर,9,806,कृषि क्षेत्र
बिश्रामपुर,9,807,कृषि क्षेत्र
बिश्रामपुर,9,808,कृषि क्षेत्र
बिश्रामपुर,9,809,कृषि क्षेत्र
बिश्रामपुर,9,813,आवासिय क्षेत्र
बिश्रामपुर,9,814,आवासिय क्षेत्र
बिश्रामपुर,9,816,आवासिय क्षेत्र
बिश्रामपुर,9,826,आवासिय क्षेत्र
बिश्रामपुर,9,836,आवासिय क्षेत्र
बिश्रामपुर,9,840,आवासिय क्षेत्र
बिश्रामपुर,9,842,आवासिय क्षेत्र
बिश्रामपुर,9,843,आवासिय क्षेत्र
बिश्रामपुर,9,844,आवासिय क्षेत्र
बिश्रामपुर,9,845,आवासिय क्षेत्र
बिश्रामपुर,9,876,आवासिय क्षेत्र
बिश्रामपुर,9,888,आवासिय क्षेत्र
बिश्रामपुर,9,889,आवासिय क्षेत्र
बिश्रामपुर,9,896,कृषि क्षेत्र
बिश्रामपुर,9,897,कृषि क्षेत्र
बिश्रामपुर,9,899,कृषि क्षेत्र
बिश्रामपुर,9,900,कृषि क्षेत्र
बिश्रामपुर,9,911,कृषि क्षेत्र
बिश्रामपुर,9,912,कृषि क्षेत्र
बिश्रामपुर,9,913,कृषि क्षेत्र
बिश्रामपुर,9,914,कृषि क्षेत्र
बिश्रामपुर,9,915,कृषि क्षेत्र
बिश्रामपुर,9,916,कृषि क्षेत्र
बिश्रामपुर,9,917,कृषि क्षेत्र
बिश्रामपुर,9,921,आवासिय क्षेत्र
बिश्रामपुर,9,929,कृषि क्षेत्र
बिश्रामपुर,9,930,कृषि क्षेत्र
बिश्रामपुर,9,936,कृषि क्षेत्र
बिश्रामपुर,9,938,कृषि क्षेत्र
बिश्रामपुर,9,947,आवासिय क्षेत्र
बिश्रामपुर,9,948,आवासिय क्षेत्र
बिश्रामपुर,9,952,आवासिय क्षेत्र
बिश्रामपुर,9,961,आवासिय क्षेत्र
बिश्रामपुर,9,964,आवासिय क्षेत्र
बिश्रामपुर,9,965,कृषि क्षेत्र
बिश्रामपुर,9,980,आवासिय क्षेत्र
बिश्रामपुर,9,981,आवासिय क्षेत्र
बिश्रामपुर,9,982,आवासिय क्षेत्र
बिश्रामपुर,9,1006,आवासिय क्षेत्र
बिश्रामपुर,9,1007,आवासिय क्षेत्र
बिश्रामपुर,9,1009,आवासिय क्षेत्र
बिश्रामपुर,9,1011,आवासिय क्षेत्र
बिश्रामपुर,9,1013,आवासिय क्षेत्र
बिश्रामपुर,9,1025,आवासिय क्षेत्र
बिश्रामपुर,9,1026,आवासिय क्षेत्र
बिश्रामपुर,9,1033,आवासिय क्षेत्र
बिश्रामपुर,9,1035,आवासिय क्षेत्र
बिश्रामपुर,9,1042,आवासिय क्षेत्र
बिश्रामपुर,9,1043,आवासिय क्षेत्र
बिश्रामपुर,9,1062,आवासिय क्षेत्र
बिश्रामपुर,9,1065,आवासिय क्षेत्र
बिश्रामपुर,9,1098,आवासिय क्षेत्र
बिश्रामपुर,9,1099,आवासिय क्षेत्र
बिश्रामपुर,9,1100,आवासिय क्षेत्र
बिश्रामपुर,9,1103,आवासिय क्षेत्र
बिश्रामपुर,9,1104,आवासिय क्षेत्र
बिश्रामपुर,9,1105,आवासिय क्षेत्र
बिश्रामपुर,9,1110,आवासिय क्षेत्र
बिश्रामपुर,9,1111,आवासिय क्षेत्र
बिश्रामपुर,9,1121,आवासिय क्षेत्र
बिश्रामपुर,9,1122,आवासिय क्षेत्र
बिश्रामपुर,9,1130,कृषि क्षेत्र
बिश्रामपुर,9,1131,कृषि क्षेत्र
बिश्रामपुर,9,1134,आवासिय क्षेत्र
बिश्रामपुर,9,1135,आवासिय क्षेत्र
बिश्रामपुर,9,1144,आवासिय क्षेत्र
बिश्रामपुर,9,1148,आवासिय क्षेत्र
बिश्रामपुर,9,1149,आवासिय क्षेत्र
बिश्रामपुर,9,1150,कृषि क्षेत्र
बिश्रामपुर,9,1151,कृषि क्षेत्र
बिश्रामपुर,9,1152,आवासिय क्षेत्र
बिश्रामपुर,9,1153,आवासिय क्षेत्र
बिश्रामपुर,9,1154,आवासिय क्षेत्र
बिश्रामपुर,9,1155,आवासिय क्षेत्र
बिश्रामपुर,9,1166,आवासिय क्षेत्र
बिश्रामपुर,9,1167,आवासिय क्षेत्र
बिश्रामपुर,9,1168,आवासिय क्षेत्र
बिश्रामपुर,9,1169,आवासिय क्षेत्र
बिश्रामपुर,9,1170,आवासिय क्षेत्र
बिश्रामपुर,9,1173,आवासिय क्षेत्र
बिश्रामपुर,9,1177,कृषि क्षेत्र
बिश्रामपुर,9,1181,आवासिय क्षेत्र
बिश्रामपुर,9,1182,आवासिय क्षेत्र
बिश्रामपुर,9,1183,आवासिय क्षेत्र
बिश्रामपुर,9,1184,आवासिय क्षेत्र
बिश्रामपुर,9,1185,आवासिय क्षेत्र
बिश्रामपुर,9,1186,आवासिय क्षेत्र
बिश्रामपुर,9,1189,आवासिय क्षेत्र
बिश्रामपुर,9,1191,आवासिय क्षेत्र
बिश्रामपुर,9,1192,आवासिय क्षेत्र
बिश्रामपुर,9,1199,आवासिय क्षेत्र
बिश्रामपुर,9,1200,आवासिय क्षेत्र
बिश्रामपुर,9,1201,आवासिय क्षेत्र
बिश्रामपुर,9,1202,आवासिय क्षेत्र
बिश्रामपुर,9,1203,आवासिय क्षेत्र
बिश्रामपुर,9,1204,आवासिय क्षेत्र
बिश्रामपुर,9,1219,आवासिय क्षेत्र
बिश्रामपुर,9,1221,आवासिय क्षेत्र
बिश्रामपुर,9,1222,आवासिय क्षेत्र
बिश्रामपुर,9,1223,आवासिय क्षेत्र
बिश्रामपुर,9,1224,आवासिय क्षेत्र
बिश्रामपुर,9,1225,आवासिय क्षेत्र
बिश्रामपुर,9,1245,आवासिय क्षेत्र
बिश्रामपुर,9,1246,आवासिय क्षेत्र
बिश्रामपुर,9,1246,आवासिय क्षेत्र
बिश्रामपुर,9,1264,आवासिय क्षेत्र
बिश्रामपुर,9,1265,आवासिय क्षेत्र
बिश्रामपुर,9,1270,आवासिय क्षेत्र
बिश्रामपुर,9,1271,आवासिय क्षेत्र
बिश्रामपुर,9,1276,आवासिय क्षेत्र
बिश्रामपुर,9,1277,आवासिय क्षेत्र
बिश्रामपुर,9,1285,आवासिय क्षेत्र
बिश्रामपुर,9,1286,आवासिय क्षेत्र
बिश्रामपुर,9,1287,कृषि क्षेत्र
बिश्रामपुर,9,1288,कृषि क्षेत्र
बिश्रामपुर,9,1293,आवासिय क्षेत्र
बिश्रामपुर,9,1294,आवासिय क्षेत्र
बिश्रामपुर,9,1303,कृषि क्षेत्र
बिश्रामपुर,9,1315,आवासिय क्षेत्र
बिश्रामपुर,9,1320,आवासिय क्षेत्र
बिश्रामपुर,9,1321,आवासिय क्षेत्र
बिश्रामपुर,9,1332,आवासिय क्षेत्र
बिश्रामपुर,9,1333,आवासिय क्षेत्र
बिश्रामपुर,9,1336,कृषि क्षेत्र
बिश्रामपुर,9,1336,आवासिय क्षेत्र
बिश्रामपुर,9,1337,आवासिय क्षेत्र
बिश्रामपुर,9,1337,कृषि क्षेत्र
बिश्रामपुर,9,1349,आवासिय क्षेत्र
बिश्रामपुर,9,1351,आवासिय क्षेत्र
बिश्रामपुर,9,1352,आवासिय क्षेत्र
बिश्रामपुर,9,1357,आवासिय क्षेत्र
बिश्रामपुर,9,1358,आवासिय क्षेत्र
बिश्रामपुर,9,1380,आवासिय क्षेत्र
बिश्रामपुर,9,1381,आवासिय क्षेत्र
बिश्रामपुर,9,1383,आवासिय क्षेत्र
बिश्रामपुर,9,1384,आवासिय क्षेत्र
बिश्रामपुर,9,1385,आवासिय क्षेत्र
बिश्रामपुर,9,1388,आवासिय क्षेत्र
बिश्रामपुर,9,1389,आवासिय क्षेत्र
बिश्रामपुर,9,1402,आवासिय क्षेत्र
बिश्रामपुर,9,1403,आवासिय क्षेत्र
बिश्रामपुर,9,1404,आवासिय क्षेत्र
बिश्रामपुर,9,1408,आवासिय क्षेत्र
बिश्रामपुर,9,1427,आवासिय क्षेत्र
बिश्रामपुर,9,1428,आवासिय क्षेत्र
बिश्रामपुर,9,1429,आवासिय क्षेत्र
बिश्रामपुर,9,1430,आवासिय क्षेत्र
बिश्रामपुर,9,1436,आवासिय क्षेत्र
बिश्रामपुर,9,1437,आवासिय क्षेत्र
बिश्रामपुर,9,1438,आवासिय क्षेत्र
बिश्रामपुर,9,1439,आवासिय क्षेत्र
बिश्रामपुर,9,1445,कृषि क्षेत्र
बिश्रामपुर,9,1446,कृषि क्षेत्र
बिश्रामपुर,9,1447,आवासिय क्षेत्र
बिश्रामपुर,9,1448,आवासिय क्षेत्र
बिश्रामपुर,9,1461,आवासिय क्षेत्र
बिश्रामपुर,9,1462,आवासिय क्षेत्र
बिश्रामपुर,9,1463,आवासिय क्षेत्र
बिश्रामपुर,9,1484,आवासिय क्षेत्र
बिश्रामपुर,9,1558,कृषि क्षेत्र
बिश्रामपुर,9,1564,आवासिय क्षेत्र
बिश्रामपुर,9,1572,आवासिय क्षेत्र
बिश्रामपुर,9,1573,आवासिय क्षेत्र
बिश्रामपुर,9,1578,आवासिय क्षेत्र
बिश्रामपुर,9,1590,आवासिय क्षेत्र
बिश्रामपुर,9,1596,आवासिय क्षेत्र
बिश्रामपुर,9,1597,आवासिय क्षेत्र
बिश्रामपुर,9,1616,आवासिय क्षेत्र
बिश्रामपुर,9,1619,आवासिय क्षेत्र
बिश्रामपुर,9,1620,आवासिय क्षेत्र
बिश्रामपुर,9,1633,आवासिय क्षेत्र
बिश्रामपुर,9,1634,आवासिय क्षेत्र
बिश्रामपुर,9,1651,आवासिय क्षेत्र
बिश्रामपुर,9,1658,आवासिय क्षेत्र
बिश्रामपुर,9,1658,कृषि क्षेत्र
बिश्रामपुर,9,1659,कृषि क्षेत्र
बिश्रामपुर,9,1666,आवासिय क्षेत्र
बिश्रामपुर,9,1667,आवासिय क्षेत्र
बिश्रामपुर,9,1745,आवासिय क्षेत्र
बिश्रामपुर,9,1746,आवासिय क्षेत्र
बिश्रामपुर,9,1786,आवासिय क्षेत्र
बिश्रामपुर,9,1787,आवासिय क्षेत्र
बिश्रामपुर,9,1804,सार्वजनिक उपयोग क्षेत्र
बिश्रामपुर,9,1805,सार्वजनिक उपयोग क्षेत्र
बिश्रामपुर,9,1805,सार्वजनिक उपयोग क्षेत्र
बिश्रामपुर,9,1805,सार्वजनिक उपयोग क्षेत्र
बिश्रामपुर,9,1805,सार्वजनिक उपयोग क्षेत्र
बिश्रामपुर,9,1919,आवासिय क्षेत्र
बिश्रामपुर,9,1920,आवासिय क्षेत्र
बिश्रामपुर,9,1921,आवासिय क्षेत्र
बिश्रामपुर,9,1922,आवासिय क्षेत्र
बिश्रामपुर,9,1948,आवासिय क्षेत्र
बिश्रामपुर,9,1969,आवासिय क्षेत्र
बिश्रामपुर,9,1970,आवासिय क्षेत्र
बिश्रामपुर,9,1971,आवासिय क्षेत्र
बिश्रामपुर,9,1972,आवासिय क्षेत्र
बिश्रामपुर,9,1973,आवासिय क्षेत्र
बिश्रामपुर,9,1974,आवासिय क्षेत्र
बिश्रामपुर,9,1975,आवासिय क्षेत्र
बिश्रामपुर,9,1976,आवासिय क्षेत्र
बिश्रामपुर,9,1999,आवासिय क्षेत्र
बिश्रामपुर,9,2000,आवासिय क्षेत्र
बिश्रामपुर,9,2049,आवासिय क्षेत्र
बिश्रामपुर,9,2050,आवासिय क्षेत्र
बिश्रामपुर,9,2069,आवासिय क्षेत्र
बिश्रामपुर,9,2083,आवासिय क्षेत्र
बिश्रामपुर,9,2084,आवासिय क्षेत्र
बिश्रामपुर,9,2085,आवासिय क्षेत्र
बिश्रामपुर,9,2141,कृषि क्षेत्र
बिश्रामपुर,9,2142,कृषि क्षेत्र
बिश्रामपुर,9,2143,कृषि क्षेत्र
बिश्रामपुर,9,2144,कृषि क्षेत्र
बिश्रामपुर,9,2178,आवासिय क्षेत्र
बिश्रामपुर,9,2179,आवासिय क्षेत्र
बिश्रामपुर,9,2180,आवासिय क्षेत्र
बिश्रामपुर,9,2204,आवासिय क्षेत्र
बिश्रामपुर,9,2205,आवासिय क्षेत्र
बिश्रामपुर,9,2244,आवासिय क्षेत्र
बिश्रामपुर,9,2245,आवासिय क्षेत्र
बिश्रामपुर,9,2273,आवासिय क्षेत्र
बिश्रामपुर,9,2275,आवासिय क्षेत्र
बिश्रामपुर,9,2276,आवासिय क्षेत्र
बिश्रामपुर,9,2277,आवासिय क्षेत्र
बिश्रामपुर,9,2306,कृषि क्षेत्र
बिश्रामपुर,9,2307,कृषि क्षेत्र
बिश्रामपुर,9,2396,आवासिय क्षेत्र
बिश्रामपुर,9,2397,आवासिय क्षेत्र
बिश्रामपुर,9,2405,आवासिय क्षेत्र
बिश्रामपुर,9,2406,आवासिय क्षेत्र
बिश्रामपुर,9,2433,आवासिय क्षेत्र
बिश्रामपुर,9,2434,आवासिय क्षेत्र
बिश्रामपुर,9,2435,आवासिय क्षेत्र
बिश्रामपुर,9,2437,आवासिय क्षेत्र
बिश्रामपुर,9,2438,आवासिय क्षेत्र
बिश्रामपुर,9,2439,आवासिय क्षेत्र
बिश्रामपुर,9,2440,आवासिय क्षेत्र
बिश्रामपुर,9,2483,आवासिय क्षेत्र
बिश्रामपुर,9,2484,आवासिय क्षेत्र
बिश्रामपुर,9,2485,आवासिय क्षेत्र
बिश्रामपुर,9,2550,आवासिय क्षेत्र
बिश्रामपुर,9,2552,आवासिय क्षेत्र
बिश्रामपुर,9,2554,आवासिय क्षेत्र
बिश्रामपुर,9,2556,आवासिय क्षेत्र
बिश्रामपुर,9,2565,आवासिय क्षेत्र
बिश्रामपुर,9,2567,आवासिय क्षेत्र
बिश्रामपुर,9,2568,आवासिय क्षेत्र
बिश्रामपुर,9,2569,आवासिय क्षेत्र
बिश्रामपुर,9,2572,आवासिय क्षेत्र
बिश्रामपुर,9,2573,आवासिय क्षेत्र
बिश्रामपुर,9,2574,आवासिय क्षेत्र
बिश्रामपुर,9,2575,आवासिय क्षेत्र
बिश्रामपुर,9,2576,आवासिय क्षेत्र
बिश्रामपुर,9,2577,आवासिय क्षेत्र
बिश्रामपुर,9,2578,आवासिय क्षेत्र
बिश्रामपुर,9,2579,आवासिय क्षेत्र
बिश्रामपुर,9,2580,आवासिय क्षेत्र
बिश्रामपुर,9,2581,आवासिय क्षेत्र
बिश्रामपुर,9,2588,आवासिय क्षेत्र
बिश्रामपुर,9,2589,आवासिय क्षेत्र
बिश्रामपुर,9,2592,आवासिय क्षेत्र
बिश्रामपुर,9,2593,आवासिय क्षेत्र
बिश्रामपुर,9,2604,आवासिय क्षेत्र
बिश्रामपुर,9,2605,आवासिय क्षेत्र
बिश्रामपुर,9,2626,आवासिय क्षेत्र
बिश्रामपुर,9,2638,आवासिय क्षेत्र
बिश्रामपुर,9,2639,आवासिय क्षेत्र
बिश्रामपुर,9,2646,आवासिय क्षेत्र
बिश्रामपुर,9,2647,आवासिय क्षेत्र
बिश्रामपुर,9,2662,कृषि क्षेत्र
बिश्रामपुर,9,2663,कृषि क्षेत्र
बिश्रामपुर,9,2664,कृषि क्षेत्र
बिश्रामपुर,9,2667,कृषि क्षेत्र
बिश्रामपुर,9,2668,कृषि क्षेत्र
बिश्रामपुर,9,2669,आवासिय क्षेत्र
बिश्रामपुर,9,2678,आवासिय क्षेत्र
बिश्रामपुर,9,2679,आवासिय क्षेत्र
बिश्रामपुर,9,2680,आवासिय क्षेत्र
बिश्रामपुर,9,2683,आवासिय क्षेत्र
बिश्रामपुर,9,2684,आवासिय क्षेत्र
बिश्रामपुर,9,2685,आवासिय क्षेत्र
बिश्रामपुर,9,2687,आवासिय क्षेत्र
बिश्रामपुर,9,2694,आवासिय क्षेत्र
बिश्रामपुर,9,2695,आवासिय क्षेत्र
बिश्रामपुर,9,2696,आवासिय क्षेत्र
बिश्रामपुर,9,2697,आवासिय क्षेत्र
बिश्रामपुर,9,2698,आवासिय क्षेत्र
बिश्रामपुर,9,2699,आवासिय क्षेत्र
बिश्रामपुर,9,2700,आवासिय क्षेत्र
बिश्रामपुर,9,2701,आवासिय क्षेत्र
बिश्रामपुर,9,2702,आवासिय क्षेत्र
बिश्रामपुर,9,2703,आवासिय क्षेत्र
बिश्रामपुर,9,2704,आवासिय क्षेत्र
बिश्रामपुर,9,2705,आवासिय क्षेत्र
बिश्रामपुर,9,2706,आवासिय क्षेत्र
बिश्रामपुर,9,2707,आवासिय क्षेत्र
बिश्रामपुर,9,2708,कृषि क्षेत्र
बिश्रामपुर,9,2710,आवासिय क्षेत्र
बिश्रामपुर,9,2711,आवासिय क्षेत्र
बिश्रामपुर,9,2716,आवासिय क्षेत्र
बिश्रामपुर,9,2717,आवासिय क्षेत्र
बिश्रामपुर,9,2718,आवासिय क्षेत्र
बिश्रामपुर,9,2719,आवासिय क्षेत्र
बिश्रामपुर,9,2720,आवासिय क्षेत्र
बिश्रामपुर,9,2728,आवासिय क्षेत्र
बिश्रामपुर,9,2729,आवासिय क्षेत्र
बिश्रामपुर,9,2736,आवासिय क्षेत्र
बिश्रामपुर,9,2737,आवासिय क्षेत्र
बिश्रामपुर,9,2738,आवासिय क्षेत्र
बिश्रामपुर,9,2756,आवासिय क्षेत्र
बिश्रामपुर,9,2772,आवासिय क्षेत्र
बिश्रामपुर,9,2774,आवासिय क्षेत्र
बिश्रामपुर,9,2775,आवासिय क्षेत्र
बिश्रामपुर,9,2777,आवासिय क्षेत्र
बिश्रामपुर,9,2778,आवासिय क्षेत्र
बिश्रामपुर,9,2780,आवासिय क्षेत्र
बिश्रामपुर,9,2780,आवासिय क्षेत्र
बिश्रामपुर,9,2783,आवासिय क्षेत्र
बिश्रामपुर,9,2784,आवासिय क्षेत्र
बिश्रामपुर,9,2785,आवासिय क्षेत्र
बिश्रामपुर,9,2786,आवासिय क्षेत्र
बिश्रामपुर,9,2787,आवासिय क्षेत्र
बिश्रामपुर,9,2788,आवासिय क्षेत्र
बिश्रामपुर,9,2789,आवासिय क्षेत्र
बिश्रामपुर,9,2790,आवासिय क्षेत्र
बिश्रामपुर,9,2792,आवासिय क्षेत्र
बिश्रामपुर,9,2793,आवासिय क्षेत्र
बिश्रामपुर,9,2794,आवासिय क्षेत्र
बिश्रामपुर,9,2795,आवासिय क्षेत्र
बिश्रामपुर,9,2796,आवासिय क्षेत्र
बिश्रामपुर,9,2797,आवासिय क्षेत्र
बिश्रामपुर,9,2798,आवासिय क्षेत्र
बिश्रामपुर,9,2800,आवासिय क्षेत्र
बिश्रामपुर,9,2801,आवासिय क्षेत्र
बिश्रामपुर,9,2802,आवासिय क्षेत्र
बिश्रामपुर,9,2803,आवासिय क्षेत्र
बिश्रामपुर,9,2804,आवासिय क्षेत्र
बिश्रामपुर,9,2805,आवासिय क्षेत्र
बिश्रामपुर,9,2806,आवासिय क्षेत्र
बिश्रामपुर,9,2807,आवासिय क्षेत्र
बिश्रामपुर,9,2808,आवासिय क्षेत्र
बिश्रामपुर,9,2811,आवासिय क्षेत्र
बिश्रामपुर,9,2812,आवासिय क्षेत्र
बिश्रामपुर,9,2813,आवासिय क्षेत्र
बिश्रामपुर,9,2814,आवासिय क्षेत्र
बिश्रामपुर,9,2815,आवासिय क्षेत्र
बिश्रामपुर,9,2818,आवासिय क्षेत्र
बिश्रामपुर,9,2819,आवासिय क्षेत्र
बिश्रामपुर,9,2820,आवासिय क्षेत्र
बिश्रामपुर,9,2821,आवासिय क्षेत्र
बिश्रामपुर,9,2826,आवासिय क्षेत्र
बिश्रामपुर,9,2827,आवासिय क्षेत्र
बिश्रामपुर,9,2828,आवासिय क्षेत्र
बिश्रामपुर,9,2829,आवासिय क्षेत्र
बिश्रामपुर,9,2830,आवासिय क्षेत्र
बिश्रामपुर,9,2831,आवासिय क्षेत्र
बिश्रामपुर,9,2832,आवासिय क्षेत्र
बिश्रामपुर,9,2833,आवासिय क्षेत्र
बिश्रामपुर,9,2834,आवासिय क्षेत्र
बिश्रामपुर,9,2835,आवासिय क्षेत्र
बिश्रामपुर,9,2836,आवासिय क्षेत्र
बिश्रामपुर,9,2837,आवासिय क्षेत्र
बिश्रामपुर,9,2838,आवासिय क्षेत्र
बिश्रामपुर,9,2839,आवासिय क्षेत्र
बिश्रामपुर,9,2840,आवासिय क्षेत्र
बिश्रामपुर,9,2841,आवासिय क्षेत्र
बिश्रामपुर,9,2842,आवासिय क्षेत्र
बिश्रामपुर,9,2847,आवासिय क्षेत्र
बिश्रामपुर,9,2848,आवासिय क्षेत्र
बिश्रामपुर,9,2849,आवासिय क्षेत्र
बिश्रामपुर,9,2850,आवासिय क्षेत्र
बिश्रामपुर,9,2851,आवासिय क्षेत्र
बिश्रामपुर,9,2852,आवासिय क्षेत्र
बिश्रामपुर,9,2853,कृषि क्षेत्र
बिश्रामपुर,9,2857,आवासिय क्षेत्र
बिश्रामपुर,9,2858,आवासिय क्षेत्र
बिश्रामपुर,9,2859,आवासिय क्षेत्र
बिश्रामपुर,9,2860,आवासिय क्षेत्र
बिश्रामपुर,9,2861,आवासिय क्षेत्र
बिश्रामपुर,9,2862,आवासिय क्षेत्र
बिश्रामपुर,9,2863,आवासिय क्षेत्र
बिश्रामपुर,9,2864,आवासिय क्षेत्र
बिश्रामपुर,9,2865,आवासिय क्षेत्र
बिश्रामपुर,9,2880,आवासिय क्षेत्र
बिश्रामपुर,9,2881,आवासिय क्षेत्र
बिश्रामपुर,9,2882,आवासिय क्षेत्र
बिश्रामपुर,9,2883,आवासिय क्षेत्र
बिश्रामपुर,9,2884,आवासिय क्षेत्र
बिश्रामपुर,9,2888,आवासिय क्षेत्र
बिश्रामपुर,9,2888,आवासिय क्षेत्र
बिश्रामपुर,9,2889,आवासिय क्षेत्र
बिश्रामपुर,9,2912,आवासिय क्षेत्र
बिश्रामपुर,9,2913,आवासिय क्षेत्र
बिश्रामपुर,9,2914,आवासिय क्षेत्र
बिश्रामपुर,9,2929,आवासिय क्षेत्र
बिश्रामपुर,9,2930,आवासिय क्षेत्र
बिश्रामपुर,9,2931,आवासिय क्षेत्र
बिश्रामपुर,9,2937,आवासिय क्षेत्र
बिश्रामपुर,9,2938,आवासिय क्षेत्र
बिश्रामपुर,9,2939,आवासिय क्षेत्र
बिश्रामपुर,9,2940,आवासिय क्षेत्र
बिश्रामपुर,9,2941,आवासिय क्षेत्र
बिश्रामपुर,9,2942,आवासिय क्षेत्र
बिश्रामपुर,9,2943,आवासिय क्षेत्र
बिश्रामपुर,9,2944,आवासिय क्षेत्र
बिश्रामपुर,9,2945,आवासिय क्षेत्र
बिश्रामपुर,9,2946,आवासिय क्षेत्र
बिश्रामपुर,9,2947,कृषि क्षेत्र
बिश्रामपुर,9,2948,आवासिय क्षेत्र
बिश्रामपुर,9,2949,आवासिय क्षेत्र
बिश्रामपुर,9,2950,आवासिय क्षेत्र
बिश्रामपुर,9,2951,आवासिय क्षेत्र
बिश्रामपुर,9,2952,आवासिय क्षेत्र
बिश्रामपुर,9,2953,आवासिय क्षेत्र
बिश्रामपुर,9,2954,आवासिय क्षेत्र
बिश्रामपुर,9,2955,आवासिय क्षेत्र
बिश्रामपुर,9,2960,आवासिय क्षेत्र
बिश्रामपुर,9,2961,आवासिय क्षेत्र
बिश्रामपुर,9,2962,आवासिय क्षेत्र
बिश्रामपुर,9,2966,आवासिय क्षेत्र
बिश्रामपुर,9,2967,आवासिय क्षेत्र
बिश्रामपुर,9,2968,आवासिय क्षेत्र
बिश्रामपुर,9,2969,आवासिय क्षेत्र
बिश्रामपुर,9,2970,आवासिय क्षेत्र
बिश्रामपुर,9,2971,आवासिय क्षेत्र
बिश्रामपुर,9,2972,आवासिय क्षेत्र
बिश्रामपुर,9,2973,आवासिय क्षेत्र
बिश्रामपुर,9,2974,आवासिय क्षेत्र
बिश्रामपुर,9,2975,आवासिय क्षेत्र
बिश्रामपुर,9,2977,आवासिय क्षेत्र
बिश्रामपुर,9,2978,आवासिय क्षेत्र
बिश्रामपुर,9,2981,आवासिय क्षेत्र
बिश्रामपुर,9,2982,आवासिय क्षेत्र
बिश्रामपुर,9,2983,आवासिय क्षेत्र
बिश्रामपुर,9,2984,आवासिय क्षेत्र
बिश्रामपुर,9,2985,आवासिय क्षेत्र
बिश्रामपुर,9,2988,आवासिय क्षेत्र
बिश्रामपुर,9,2990,आवासिय क्षेत्र
बिश्रामपुर,9,2992,आवासिय क्षेत्र
बिश्रामपुर,9,2997,आवासिय क्षेत्र
बिश्रामपुर,9,2998,आवासिय क्षेत्र
बिश्रामपुर,9,2999,आवासिय क्षेत्र
बिश्रामपुर,9,3000,आवासिय क्षेत्र
बिश्रामपुर,9,3001,आवासिय क्षेत्र
बिश्रामपुर,9,3002,आवासिय क्षेत्र
बिश्रामपुर,9,3003,आवासिय क्षेत्र
बिश्रामपुर,9,3016,आवासिय क्षेत्र
बिश्रामपुर,9,3018,आवासिय क्षेत्र
बिश्रामपुर,9,3020,आवासिय क्षेत्र
बिश्रामपुर,9,3022,आवासिय क्षेत्र
बिश्रामपुर,9,3023,आवासिय क्षेत्र
बिश्रामपुर,9,3024,आवासिय क्षेत्र
बिश्रामपुर,9,3025,आवासिय क्षेत्र
बिश्रामपुर,9,3026,आवासिय क्षेत्र
बिश्रामपुर,9,3027,आवासिय क्षेत्र
बिश्रामपुर,9,3041,आवासिय क्षेत्र
बिश्रामपुर,9,3042,आवासिय क्षेत्र
बिश्रामपुर,9,3043,आवासिय क्षेत्र
बिश्रामपुर,9,3044,आवासिय क्षेत्र
बिश्रामपुर,9,3045,आवासिय क्षेत्र
बिश्रामपुर,9,3047,आवासिय क्षेत्र
बिश्रामपुर,9,3048,आवासिय क्षेत्र
बिश्रामपुर,9,3049,आवासिय क्षेत्र
बिश्रामपुर,9,3050,आवासिय क्षेत्र
बिश्रामपुर,9,3052,आवासिय क्षेत्र
बिश्रामपुर,9,3053,आवासिय क्षेत्र
बिश्रामपुर,9,3054,आवासिय क्षेत्र
बिश्रामपुर,9,3055,आवासिय क्षेत्र
बिश्रामपुर,9,3056,आवासिय क्षेत्र
बिश्रामपुर,9,3057,आवासिय क्षेत्र
बिश्रामपुर,9,3067,आवासिय क्षेत्र
बिश्रामपुर,9,3068,आवासिय क्षेत्र
बिश्रामपुर,9,3069,आवासिय क्षेत्र
बिश्रामपुर,9,3070,आवासिय क्षेत्र
बिश्रामपुर,9,3075,आवासिय क्षेत्र
बिश्रामपुर,9,3076,आवासिय क्षेत्र
बिश्रामपुर,9,3077,आवासिय क्षेत्र
बिश्रामपुर,9,3078,आवासिय क्षेत्र
बिश्रामपुर,9,3079,आवासिय क्षेत्र
बिश्रामपुर,9,3080,आवासिय क्षेत्र
बिश्रामपुर,9,3081,आवासिय क्षेत्र
बिश्रामपुर,9,3082,आवासिय क्षेत्र
बिश्रामपुर,9,3083,आवासिय क्षेत्र
बिश्रामपुर,9,3084,आवासिय क्षेत्र
बिश्रामपुर,9,3085,आवासिय क्षेत्र
बिश्रामपुर,9,3100,कृषि क्षेत्र
बिश्रामपुर,9,3101,कृषि क्षेत्र
बिश्रामपुर,9,3107,आवासिय क्षेत्र
बिश्रामपुर,9,3109,आवासिय क्षेत्र
बिश्रामपुर,9,3110,आवासिय क्षेत्र
बिश्रामपुर,9,3112,आवासिय क्षेत्र
बिश्रामपुर,9,3113,आवासिय क्षेत्र
बिश्रामपुर,9,3114,आवासिय क्षेत्र
बिश्रामपुर,9,3116,आवासिय क्षेत्र
बिश्रामपुर,9,3117,आवासिय क्षेत्र
बिश्रामपुर,9,3118,आवासिय क्षेत्र
बिश्रामपुर,9,3119,आवासिय क्षेत्र
बिश्रामपुर,9,3120,आवासिय क्षेत्र
बिश्रामपुर,9,3121,आवासिय क्षेत्र
बिश्रामपुर,9,3123,आवासिय क्षेत्र
बिश्रामपुर,9,3124,आवासिय क्षेत्र
बिश्रामपुर,9,3125,आवासिय क्षेत्र
बिश्रामपुर,9,3126,आवासिय क्षेत्र
बिश्रामपुर,9,3127,आवासिय क्षेत्र
बिश्रामपुर,9,3128,कृषि क्षेत्र
बिश्रामपुर,9,3129,कृषि क्षेत्र
बिश्रामपुर,9,3132,आवासिय क्षेत्र
बिश्रामपुर,9,3133,आवासिय क्षेत्र
बिश्रामपुर,9,3134,आवासिय क्षेत्र
बिश्रामपुर,9,3147,आवासिय क्षेत्र
बिश्रामपुर,9,3148,आवासिय क्षेत्र
बिश्रामपुर,9,3149,आवासिय क्षेत्र
बिश्रामपुर,9,3158,कृषि क्षेत्र
बिश्रामपुर,9,3159,कृषि क्षेत्र
बिश्रामपुर,9,3160,कृषि क्षेत्र
बिश्रामपुर,9,3161,कृषि क्षेत्र
बिश्रामपुर,9,3162,आवासिय क्षेत्र
बिश्रामपुर,9,3163,आवासिय क्षेत्र
बिश्रामपुर,9,3164,आवासिय क्षेत्र
बिश्रामपुर,9,3165,आवासिय क्षेत्र
बिश्रामपुर,9,3166,आवासिय क्षेत्र
बिश्रामपुर,9,3167,आवासिय क्षेत्र
बिश्रामपुर,9,3168,आवासिय क्षेत्र
बिश्रामपुर,9,3171,आवासिय क्षेत्र
बिश्रामपुर,9,3172,आवासिय क्षेत्र
बिश्रामपुर,9,3173,आवासिय क्षेत्र
बिश्रामपुर,9,3174,आवासिय क्षेत्र
बिश्रामपुर,9,3175,आवासिय क्षेत्र
बिश्रामपुर,9,3176,आवासिय क्षेत्र
बिश्रामपुर,9,3177,आवासिय क्षेत्र
बिश्रामपुर,9,3178,आवासिय क्षेत्र
बिश्रामपुर,9,3179,आवासिय क्षेत्र
बिश्रामपुर,9,3180,आवासिय क्षेत्र
बिश्रामपुर,9,3181,आवासिय क्षेत्र
बिश्रामपुर,9,3182,आवासिय क्षेत्र
बिश्रामपुर,9,3183,आवासिय क्षेत्र
बिश्रामपुर,9,3184,आवासिय क्षेत्र
बिश्रामपुर,9,3185,आवासिय क्षेत्र
बिश्रामपुर,9,3186,आवासिय क्षेत्र
बिश्रामपुर,9,3187,आवासिय क्षेत्र
बिश्रामपुर,9,3188,आवासिय क्षेत्र
बिश्रामपुर,9,3189,आवासिय क्षेत्र
बिश्रामपुर,9,3190,आवासिय क्षेत्र
बिश्रामपुर,9,3191,आवासिय क्षेत्र
बिश्रामपुर,9,3192,आवासिय क्षेत्र
बिश्रामपुर,9,3193,आवासिय क्षेत्र
बिश्रामपुर,9,3194,आवासिय क्षेत्र
बिश्रामपुर,9,9999,"नदी, खोला, ताल, सिमसार क्षेत्र"
बिश्रामपुर,9,9999,आवासिय क्षेत्र
बिश्रामपुर,9,99956,आवासिय क्षेत्र
बिश्रामपुर,9 गाउँ,2,आवासिय क्षेत्र
बिश्रामपुर,9 गाउँ,3,आवासिय क्षेत्र
बिश्रामपुर,9 गाउँ,7,आवासिय क्षेत्र
बिश्रामपुर,9 गाउँ,8,आवासिय क्षेत्र
बिश्रामपुर,9 गाउँ,9,आवासिय क्षेत्र
बिश्रामपुर,9 गाउँ,10,आवासिय क्षेत्र
बिश्रामपुर,9 गाउँ,11,आवासिय क्षेत्र
बिश्रामपुर,9 गाउँ,12,आवासिय क्षेत्र
बिश्रामपुर,9 गाउँ,13,आवासिय क्षेत्र
बिश्रामपुर,9 गाउँ,14,आवासिय क्षेत्र
बिश्रामपुर,9 गाउँ,16,आवासिय क्षेत्र
बिश्रामपुर,9 गाउँ,19,आवासिय क्षेत्र
बिश्रामपुर,9 गाउँ,21,आवासिय क्षेत्र
बिश्रामपुर,9 गाउँ,22,आवासिय क्षेत्र
बिश्रामपुर,9 गाउँ,25,आवासिय क्षेत्र
बिश्रामपुर,9 गाउँ,26,आवासिय क्षेत्र
बिश्रामपुर,9 गाउँ,27,आवासिय क्षेत्र
बिश्रामपुर,9 गाउँ,28,आवासिय क्षेत्र
बिश्रामपुर,9 गाउँ,29,आवासिय क्षेत्र
बिश्रामपुर,9 गाउँ,30,आवासिय क्षेत्र
बिश्रामपुर,9 गाउँ,31,आवासिय क्षेत्र
बिश्रामपुर,9 गाउँ,36,आवासिय क्षेत्र
बिश्रामपुर,9 गाउँ,37,आवासिय क्षेत्र
बिश्रामपुर,9 गाउँ,38,आवासिय क्षेत्र
बिश्रामपुर,9 गाउँ,39,आवासिय क्षेत्र
बिश्रामपुर,9 गाउँ,40,आवासिय क्षेत्र
बिश्रामपुर,9 गाउँ,41,आवासिय क्षेत्र
बिश्रामपुर,9 गाउँ,42,आवासिय क्षेत्र
बिश्रामपुर,9 गाउँ,44,आवासिय क्षेत्र
बिश्रामपुर,9 गाउँ,45,आवासिय क्षेत्र
बिश्रामपुर,9 गाउँ,46,आवासिय क्षेत्र
बिश्रामपुर,9 गाउँ,47,आवासिय क्षेत्र
बिश्रामपुर,9 गाउँ,48,आवासिय क्षेत्र
बिश्रामपुर,9 गाउँ,49,आवासिय क्षेत्र
बिश्रामपुर,9 गाउँ,50,आवासिय क्षेत्र
बिश्रामपुर,9 गाउँ,51,आवासिय क्षेत्र
बिश्रामपुर,9 गाउँ,52,आवासिय क्षेत्र
बिश्रामपुर,9 गाउँ,53,आवासिय क्षेत्र
बिश्रामपुर,9 गाउँ,55,आवासिय क्षेत्र
बिश्रामपुर,9 गाउँ,56,आवासिय क्षेत्र
बिश्रामपुर,9 गाउँ,57,आवासिय क्षेत्र
बिश्रामपुर,9 गाउँ,58,आवासिय क्षेत्र
बिश्रामपुर,9 गाउँ,59,आवासिय क्षेत्र
बिश्रामपुर,9 गाउँ,60,आवासिय क्षेत्र
बिश्रामपुर,9 गाउँ,61,आवासिय क्षेत्र
बिश्रामपुर,9 गाउँ,62,आवासिय क्षेत्र
बिश्रामपुर,9 गाउँ,63,आवासिय क्षेत्र
बिश्रामपुर,9 गाउँ,64,आवासिय क्षेत्र
बिश्रामपुर,9 गाउँ,65,आवासिय क्षेत्र
बिश्रामपुर,9 गाउँ,66,आवासिय क्षेत्र
बिश्रामपुर,9 गाउँ,68,आवासिय क्षेत्र
बिश्रामपुर,9 गाउँ,69,आवासिय क्षेत्र
बिश्रामपुर,9 गाउँ,70,आवासिय क्षेत्र
बिश्रामपुर,9 गाउँ,73,आवासिय क्षेत्र
बिश्रामपुर,9 गाउँ,75,आवासिय क्षेत्र
बिश्रामपुर,9 गाउँ,76,आवासिय क्षेत्र
बिश्रामपुर,9 गाउँ,77,आवासिय क्षेत्र
बिश्रामपुर,9 गाउँ,78,आवासिय क्षेत्र
बिश्रामपुर,9 गाउँ,79,आवासिय क्षेत्र
बिश्रामपुर,9 गाउँ,80,आवासिय क्षेत्र
बिश्रामपुर,9 गाउँ,81,आवासिय क्षेत्र
बिश्रामपुर,9 गाउँ,82,आवासिय क्षेत्र
बिश्रामपुर,9 गाउँ,83,आवासिय क्षेत्र
बिश्रामपुर,9 गाउँ,85,आवासिय क्षेत्र
बिश्रामपुर,9 गाउँ,86,आवासिय क्षेत्र
बिश्रामपुर,9 गाउँ,87,आवासिय क्षेत्र
बिश्रामपुर,9 गाउँ,88,आवासिय क्षेत्र
बिश्रामपुर,9 गाउँ,89,आवासिय क्षेत्र
बिश्रामपुर,9 गाउँ,90,आवासिय क्षेत्र
बिश्रामपुर,9 गाउँ,91,आवासिय क्षेत्र
बिश्रामपुर,9 गाउँ,92,आवासिय क्षेत्र
बिश्रामपुर,9 गाउँ,93,आवासिय क्षेत्र
बिश्रामपुर,9 गाउँ,94,आवासिय क्षेत्र
बिश्रामपुर,9 गाउँ,95,आवासिय क्षेत्र
बिश्रामपुर,9 गाउँ,96,आवासिय क्षेत्र
बिश्रामपुर,9 गाउँ,97,आवासिय क्षेत्र
बिश्रामपुर,9 गाउँ,98,आवासिय क्षेत्र
बिश्रामपुर,9 गाउँ,101,आवासिय क्षेत्र
बिश्रामपुर,9 गाउँ,102,आवासिय क्षेत्र
बिश्रामपुर,9 गाउँ,103,आवासिय क्षेत्र
बिश्रामपुर,9 गाउँ,104,आवासिय क्षेत्र
बिश्रामपुर,9 गाउँ,105,आवासिय क्षेत्र
बिश्रामपुर,9 गाउँ,106,आवासिय क्षेत्र
बिश्रामपुर,9 गाउँ,107,आवासिय क्षेत्र
बिश्रामपुर,9 गाउँ,108,आवासिय क्षेत्र
बिश्रामपुर,9 नहर,118,आवासिय क्षेत्र
बिश्रामपुर,9 नहर,234,आवासिय क्षेत्र
बिश्रामपुर,9 नहर,249,आवासिय क्षेत्र
बिश्रामपुर,9 नहर,319,आवासिय क्षेत्र
बिश्रामपुर,9 नहर,526,आवासिय क्षेत्र
बिश्रामपुर,9 नहर,527,आवासिय क्षेत्र
बिश्रामपुर,9 नहर,539,आवासिय क्षेत्र
बिश्रामपुर,9 नहर,583,आवासिय क्षेत्र
बिश्रामपुर,9 नहर,607,आवासिय क्षेत्र
बिश्रामपुर,9 नहर,628,सार्वजनिक उपयोग क्षेत्र
बिश्रामपुर,9 नहर,633,आवासिय क्षेत्र
बिश्रामपुर,9 नहर,635,आवासिय क्षेत्र
बिश्रामपुर,9 नहर,636,आवासिय क्षेत्र
बिश्रामपुर,9 नहर,637,आवासिय क्षेत्र
बिश्रामपुर,9 नहर,638,आवासिय क्षेत्र
बिश्रामपुर,9 नहर,639,आवासिय क्षेत्र
बिश्रामपुर,9 नहर,644,आवासिय क्षेत्र
बिश्रामपुर,9 नहर,645,आवासिय क्षेत्र
बिश्रामपुर,9 नहर,646,आवासिय क्षेत्र
बिश्रामपुर,9 नहर,647,आवासिय क्षेत्र
बिश्रामपुर,9 नहर,648,आवासिय क्षेत्र
बिश्रामपुर,9 नहर,649,आवासिय क्षेत्र
बिश्रामपुर,9 नहर,650,आवासिय क्षेत्र
बिश्रामपुर,9 नहर,652,आवासिय क्षेत्र
बिश्रामपुर,9 नहर,653,आवासिय क्षेत्र
बिश्रामपुर,9 नहर,655,आवासिय क्षेत्र
बिश्रामपुर,9 नहर,657,आवासिय क्षेत्र
बिश्रामपुर,9 नहर,657,आवासिय क्षेत्र
बिश्रामपुर,9 नहर,659,आवासिय क्षेत्र
बिश्रामपुर,9 नहर,661,आवासिय क्षेत्र
बिश्रामपुर,9 नहर,662,आवासिय क्षेत्र
बिश्रामपुर,9 नहर,663,आवासिय क्षेत्र
बिश्रामपुर,9 नहर,668,आवासिय क्षेत्र
बिश्रामपुर,9 नहर,669,आवासिय क्षेत्र
बिश्रामपुर,9 नहर,670,आवासिय क्षेत्र
बिश्रामपुर,9 नहर,673,आवासिय क्षेत्र
बिश्रामपुर,9 नहर,880,आवासिय क्षेत्र
बिश्रामपुर,9 नहर,919,आवासिय क्षेत्र
बिश्रामपुर,9 नहर,920,आवासिय क्षेत्र
बिश्रामपुर,9 नहर,924,आवासिय क्षेत्र
बिश्रामपुर,9 नहर,927,आवासिय क्षेत्र
बिश्रामपुर,9 नहर,928,आवासिय क्षेत्र
बिश्रामपुर,9 नहर,973,आवासिय क्षेत्र
बिश्रामपुर,9 नहर,974,आवासिय क्षेत्र
बिश्रामपुर,9 नहर,975,आवासिय क्षेत्र
बिश्रामपुर,9 नहर,1193,आवासिय क्षेत्र
बिश्रामपुर,9 नहर,1194,आवासिय क्षेत्र
बिश्रामपुर,9 नहर,1272,आवासिय क्षेत्र
बिश्रामपुर,9 नहर,1273,आवासिय क्षेत्र
बिश्रामपुर,9 नहर,1361,आवासिय क्षेत्र
बिश्रामपुर,9 नहर,1489,आवासिय क्षेत्र
बिश्रामपुर,9 नहर,1490,आवासिय क्षेत्र
बिश्रामपुर,9 नहर,1566,आवासिय क्षेत्र
बिश्रामपुर,9 नहर,1828,आवासिय क्षेत्र
बिश्रामपुर,9 नहर,1829,आवासिय क्षेत्र
बिश्रामपुर,9 नहर,1965,आवासिय क्षेत्र
बिश्रामपुर,9 नहर,1967,आवासिय क्षेत्र
बिश्रामपुर,9 नहर,2117,आवासिय क्षेत्र
बिश्रामपुर,9 नहर,2118,आवासिय क्षेत्र
बिश्रामपुर,9 नहर,2229,आवासिय क्षेत्र
बिश्रामपुर,9 नहर,2231,आवासिय क्षेत्र
बिश्रामपुर,9 नहर,2246,आवासिय क्षेत्र
बिश्रामपुर,9 नहर,2247,आवासिय क्षेत्र
बिश्रामपुर,9 नहर,2284,आवासिय क्षेत्र
बिश्रामपुर,9 नहर,2285,आवासिय क्षेत्र
बिश्रामपुर,9 नहर,2513,आवासिय क्षेत्र
बिश्रामपुर,9 नहर,2514,आवासिय क्षेत्र
बिश्रामपुर,9 नहर,2544,आवासिय क्षेत्र
बिश्रामपुर,9 नहर,2545,आवासिय क्षेत्र
बिश्रामपुर,9 नहर,2590,आवासिय क्षेत्र
बिश्रामपुर,9 नहर,2591,आवासिय क्षेत्र
बिश्रामपुर,9 नहर,2594,आवासिय क्षेत्र
बिश्रामपुर,9 नहर,2595,आवासिय क्षेत्र
बिश्रामपुर,9 नहर,2632,आवासिय क्षेत्र
बिश्रामपुर,9 नहर,2633,आवासिय क्षेत्र
बिश्रामपुर,9 नहर,2635,आवासिय क्षेत्र
बिश्रामपुर,9 नहर,2642,आवासिय क्षेत्र
बिश्रामपुर,9 नहर,2643,आवासिय क्षेत्र
बिश्रामपुर,9 नहर,2644,आवासिय क्षेत्र
बिश्रामपुर,9 नहर,2645,आवासिय क्षेत्र
बिश्रामपुर,9 नहर,2651,आवासिय क्षेत्र
बिश्रामपुर,9 नहर,2652,आवासिय क्षेत्र
बिश्रामपुर,9 नहर,2741,आवासिय क्षेत्र
बिश्रामपुर,9 नहर,2742,आवासिय क्षेत्र
बिश्रामपुर,9 नहर,2743,आवासिय क्षेत्र
बिश्रामपुर,9 नहर,2744,आवासिय क्षेत्र
बिश्रामपुर,9 नहर,2762,आवासिय क्षेत्र
बिश्रामपुर,9 नहर,2763,आवासिय क्षेत्र
बिश्रामपुर,9 नहर,2809,आवासिय क्षेत्र
बिश्रामपुर,9 नहर,2810,आवासिय क्षेत्र
बिश्रामपुर,9 नहर,2843,आवासिय क्षेत्र
बिश्रामपुर,9 नहर,2844,आवासिय क्षेत्र
बिश्रामपुर,9 नहर,2869,आवासिय क्षेत्र
बिश्रामपुर,9 नहर,2870,आवासिय क्षेत्र
बिश्रामपुर,9 नहर,2874,आवासिय क्षेत्र
बिश्रामपुर,9 नहर,2875,आवासिय क्षेत्र
बिश्रामपुर,9 नहर,2876,आवासिय क्षेत्र
बिश्रामपुर,9 नहर,2877,आवासिय क्षेत्र
बिश्रामपुर,9 नहर,3152,आवासिय क्षेत्र
बिश्रामपुर,9 नहर,3153,आवासिय क्षेत्र
बिश्रामपुर,9 नहर,3195,आवासिय क्षेत्र
बिश्रामपुर,9 नहर,3196,आवासिय क्षेत्र
बिश्रामपुर,9 नहर,3197,आवासिय क्षेत्र
बिश्रामपुर,9 नहर,3198,आवासिय क्षेत्र
बिश्रामपुर,9 नहर,3199,आवासिय क्षेत्र
बिश्रामपुर,9 नहर,3200,आवासिय क्षेत्र
बिश्रामपुर,9 नहर,3201,आवासिय क्षेत्र
बिश्रामपुर,9 नहर,3207,आवासिय क्षेत्र
बिश्रामपुर,9 नहर,3208,आवासिय क्षेत्र
बिश्रामपुर,9 नहर,9993,आवासिय क्षेत्र
बिश्रामपुर,9 नहर,9994,आवासिय क्षेत्र
बिश्रामपुर,9 नहर,9995,आवासिय क्षेत्र
बिश्रामपुर,9 नहर,9996,आवासिय क्षेत्र
बिश्रामपुर,9 नहर,9997,आवासिय क्षेत्र
बिश्रामपुर,9 नहर,9998,आवासिय क्षेत्र
बिश्रामपुर,9 नहर,9999,आवासिय क्षेत्र
बिश्रामपुर,9(1-2) नहर,0,सार्वजनिक उपयोग क्षेत्र
बिश्रामपुर,9(1-2) नहर,0,सार्वजनिक उपयोग क्षेत्र
बिश्रामपुर,9(1-2) नहर,0,आवासिय क्षेत्र
बिश्रामपुर,9(1-2) नहर,0,आवासिय क्षेत्र
बिश्रामपुर,9(1-2) नहर,0,आवासिय क्षेत्र
बिश्रामपुर,9(1-2) नहर,0,सार्वजनिक उपयोग क्षेत्र
बिश्रामपुर,9(1-2) नहर,0,आवासिय क्षेत्र
बिश्रामपुर,9(1-2) नहर,0,आवासिय क्षेत्र
बिश्रामपुर,9(1-2) नहर,0,सार्वजनिक उपयोग क्षेत्र
बिश्रामपुर,9(1-2) नहर,0,आवासिय क्षेत्र
बिश्रामपुर,9(1-2) नहर,0,आवासिय क्षेत्र
बिश्रामपुर,9(1-2) नहर,0,आवासिय क्षेत्र
बिश्रामपुर,9(1-2) नहर,0,आवासिय क्षेत्र
बिश्रामपुर,9(1-2) नहर,0,सार्वजनिक उपयोग क्षेत्र
बिश्रामपुर,9(1-2) नहर,0,आवासिय क्षेत्र
बिश्रामपुर,9(1-2) नहर,0,आवासिय क्षेत्र
बिश्रामपुर,9(1-2) नहर,45,आवासिय क्षेत्र
बिश्रामपुर,9(1-2) नहर,49,आवासिय क्षेत्र
बिश्रामपुर,9(1-2) नहर,106,आवासिय क्षेत्र
बिश्रामपुर,9(1-2) नहर,381,आवासिय क्षेत्र
बिश्रामपुर,9(1-2) नहर,383,आवासिय क्षेत्र
बिश्रामपुर,9(1-2) नहर,393,आवासिय क्षेत्र
बिश्रामपुर,9(1-2) नहर,395,आवासिय क्षेत्र
बिश्रामपुर,9(1-2) नहर,396,आवासिय क्षेत्र
बिश्रामपुर,9(1-2) नहर,399,आवासिय क्षेत्र
बिश्रामपुर,9(1-2) नहर,400,आवासिय क्षेत्र
बिश्रामपुर,9(1-2) नहर,401,आवासिय क्षेत्र
बिश्रामपुर,9(1-2) नहर,405,आवासिय क्षेत्र
बिश्रामपुर,9(1-2) नहर,406,आवासिय क्षेत्र
बिश्रामपुर,9(1-2) नहर,408,आवासिय क्षेत्र
बिश्रामपुर,9(1-2) नहर,410,आवासिय क्षेत्र
बिश्रामपुर,9(1-2) नहर,411,आवासिय क्षेत्र
बिश्रामपुर,9(1-2) नहर,417,आवासिय क्षेत्र
बिश्रामपुर,9(1-2) नहर,418,आवासिय क्षेत्र
बिश्रामपुर,9(1-2) नहर,420,आवासिय क्षेत्र
बिश्रामपुर,9(1-2) नहर,447,आवासिय क्षेत्र
बिश्रामपुर,9(1-2) नहर,450,आवासिय क्षेत्र
बिश्रामपुर,9(1-2) नहर,462,आवासिय क्षेत्र
बिश्रामपुर,9(1-2) नहर,509,आवासिय क्षेत्र
बिश्रामपुर,9(1-2) नहर,579,आवासिय क्षेत्र
बिश्रामपुर,9(1-2) नहर,593,आवासिय क्षेत्र
बिश्रामपुर,9(1-2) नहर,604,आवासिय क्षेत्र
बिश्रामपुर,9(1-2) नहर,624,आवासिय क्षेत्र
बिश्रामपुर,9(1-2) नहर,677,आवासिय क्षेत्र
बिश्रामपुर,9(1-2) नहर,679,आवासिय क्षेत्र
बिश्रामपुर,9(1-2) नहर,688,आवासिय क्षेत्र
बिश्रामपुर,9(1-2) नहर,691,आवासिय क्षेत्र
बिश्रामपुर,9(1-2) नहर,692,आवासिय क्षेत्र
बिश्रामपुर,9(1-2) नहर,693,आवासिय क्षेत्र
बिश्रामपुर,9(1-2) नहर,695,आवासिय क्षेत्र
बिश्रामपुर,9(1-2) नहर,697,आवासिय क्षेत्र
बिश्रामपुर,9(1-2) नहर,698,आवासिय क्षेत्र
बिश्रामपुर,9(1-2) नहर,699,आवासिय क्षेत्र
बिश्रामपुर,9(1-2) नहर,700,आवासिय क्षेत्र
बिश्रामपुर,9(1-2) नहर,701,आवासिय क्षेत्र
बिश्रामपुर,9(1-2) नहर,702,आवासिय क्षेत्र
बिश्रामपुर,9(1-2) नहर,706,आवासिय क्षेत्र
बिश्रामपुर,9(1-2) नहर,707,आवासिय क्षेत्र
बिश्रामपुर,9(1-2) नहर,707,आवासिय क्षेत्र
बिश्रामपुर,9(1-2) नहर,717,आवासिय क्षेत्र
बिश्रामपुर,9(1-2) नहर,718,आवासिय क्षेत्र
बिश्रामपुर,9(1-2) नहर,719,आवासिय क्षेत्र
बिश्रामपुर,9(1-2) नहर,720,आवासिय क्षेत्र
बिश्रामपुर,9(1-2) नहर,721,आवासिय क्षेत्र
बिश्रामपुर,9(1-2) नहर,722,आवासिय क्षेत्र
बिश्रामपुर,9(1-2) नहर,725,आवासिय क्षेत्र
बिश्रामपुर,9(1-2) नहर,726,आवासिय क्षेत्र
बिश्रामपुर,9(1-2) नहर,727,आवासिय क्षेत्र
बिश्रामपुर,9(1-2) नहर,728,आवासिय क्षेत्र
बिश्रामपुर,9(1-2) नहर,731,आवासिय क्षेत्र
बिश्रामपुर,9(1-2) नहर,734,आवासिय क्षेत्र
बिश्रामपुर,9(1-2) नहर,736,आवासिय क्षेत्र
बिश्रामपुर,9(1-2) नहर,738,आवासिय क्षेत्र
बिश्रामपुर,9(1-2) नहर,739,आवासिय क्षेत्र
बिश्रामपुर,9(1-2) नहर,740,आवासिय क्षेत्र
बिश्रामपुर,9(1-2) नहर,741,आवासिय क्षेत्र
बिश्रामपुर,9(1-2) नहर,743,आवासिय क्षेत्र
बिश्रामपुर,9(1-2) नहर,744,आवासिय क्षेत्र
बिश्रामपुर,9(1-2) नहर,747,आवासिय क्षेत्र
बिश्रामपुर,9(1-2) नहर,748,आवासिय क्षेत्र
बिश्रामपुर,9(1-2) नहर,750,आवासिय क्षेत्र
बिश्रामपुर,9(1-2) नहर,751,आवासिय क्षेत्र
बिश्रामपुर,9(1-2) नहर,751,आवासिय क्षेत्र
बिश्रामपुर,9(1-2) नहर,752,आवासिय क्षेत्र
बिश्रामपुर,9(1-2) नहर,754,आवासिय क्षेत्र
बिश्रामपुर,9(1-2) नहर,756,आवासिय क्षेत्र
बिश्रामपुर,9(1-2) नहर,757,आवासिय क्षेत्र
बिश्रामपुर,9(1-2) नहर,770,आवासिय क्षेत्र
बिश्रामपुर,9(1-2) नहर,771,आवासिय क्षेत्र
बिश्रामपुर,9(1-2) नहर,975,आवासिय क्षेत्र
बिश्रामपुर,9(1-2) नहर,976,आवासिय क्षेत्र
बिश्रामपुर,9(1-2) नहर,999,आवासिय क्षेत्र
बिश्रामपुर,9(1-2) नहर,1197,आवासिय क्षेत्र
बिश्रामपुर,9(1-2) नहर,1198,आवासिय क्षेत्र
बिश्रामपुर,9(1-2) नहर,1205,आवासिय क्षेत्र
बिश्रामपुर,9(1-2) नहर,1206,आवासिय क्षेत्र
बिश्रामपुर,9(1-2) नहर,1207,आवासिय क्षेत्र
बिश्रामपुर,9(1-2) नहर,1208,आवासिय क्षेत्र
बिश्रामपुर,9(1-2) नहर,1209,आवासिय क्षेत्र
बिश्रामपुर,9(1-2) नहर,1210,आवासिय क्षेत्र
बिश्रामपुर,9(1-2) नहर,1390,आवासिय क्षेत्र
बिश्रामपुर,9(1-2) नहर,1391,आवासिय क्षेत्र
बिश्रामपुर,9(1-2) नहर,1393,आवासिय क्षेत्र
बिश्रामपुर,9(1-2) नहर,1394,आवासिय क्षेत्र
बिश्रामपुर,9(1-2) नहर,1396,आवासिय क्षेत्र
बिश्रामपुर,9(1-2) नहर,1397,आवासिय क्षेत्र
बिश्रामपुर,9(1-2) नहर,1443,आवासिय क्षेत्र
बिश्रामपुर,9(1-2) नहर,1444,आवासिय क्षेत्र
बिश्रामपुर,9(1-2) नहर,1451,आवासिय क्षेत्र
बिश्रामपुर,9(1-2) नहर,1514,आवासिय क्षेत्र
बिश्रामपुर,9(1-2) नहर,1890,आवासिय क्षेत्र
बिश्रामपुर,9(1-2) नहर,1891,आवासिय क्षेत्र
बिश्रामपुर,9(1-2) नहर,1893,आवासिय क्षेत्र
बिश्रामपुर,9(1-2) नहर,1901,आवासिय क्षेत्र
बिश्रामपुर,9(1-2) नहर,1902,आवासिय क्षेत्र
बिश्रामपुर,9(1-2) नहर,1902,आवासिय क्षेत्र
बिश्रामपुर,9(1-2) नहर,1903,आवासिय क्षेत्र
बिश्रामपुर,9(1-2) नहर,1910,आवासिय क्षेत्र
बिश्रामपुर,9(1-2) नहर,1915,आवासिय क्षेत्र
बिश्रामपुर,9(1-2) नहर,1923,आवासिय क्षेत्र
बिश्रामपुर,9(1-2) नहर,1924,आवासिय क्षेत्र
बिश्रामपुर,9(1-2) नहर,1925,आवासिय क्षेत्र
बिश्रामपुर,9(1-2) नहर,1926,आवासिय क्षेत्र
बिश्रामपुर,9(1-2) नहर,1939,आवासिय क्षेत्र
बिश्रामपुर,9(1-2) नहर,1955,आवासिय क्षेत्र
बिश्रामपुर,9(1-2) नहर,1957,आवासिय क्षेत्र
बिश्रामपुर,9(1-2) नहर,2001,आवासिय क्षेत्र
बिश्रामपुर,9(1-2) नहर,2002,आवासिय क्षेत्र
बिश्रामपुर,9(1-2) नहर,2025,आवासिय क्षेत्र
बिश्रामपुर,9(1-2) नहर,2026,आवासिय क्षेत्र
बिश्रामपुर,9(1-2) नहर,2035,आवासिय क्षेत्र
बिश्रामपुर,9(1-2) नहर,2036,आवासिय क्षेत्र
बिश्रामपुर,9(1-2) नहर,2037,आवासिय क्षेत्र
बिश्रामपुर,9(1-2) नहर,2053,आवासिय क्षेत्र
बिश्रामपुर,9(1-2) नहर,2054,आवासिय क्षेत्र
बिश्रामपुर,9(1-2) नहर,2060,आवासिय क्षेत्र
बिश्रामपुर,9(1-2) नहर,2100,आवासिय क्षेत्र
बिश्रामपुर,9(1-2) नहर,2101,आवासिय क्षेत्र
बिश्रामपुर,9(1-2) नहर,2102,आवासिय क्षेत्र
बिश्रामपुर,9(1-2) नहर,2103,आवासिय क्षेत्र
बिश्रामपुर,9(1-2) नहर,2104,आवासिय क्षेत्र
बिश्रामपुर,9(1-2) नहर,2105,आवासिय क्षेत्र
बिश्रामपुर,9(1-2) नहर,2123,आवासिय क्षेत्र
बिश्रामपुर,9(1-2) नहर,2124,आवासिय क्षेत्र
बिश्रामपुर,9(1-2) नहर,2182,आवासिय क्षेत्र
बिश्रामपुर,9(1-2) नहर,2198,आवासिय क्षेत्र
बिश्रामपुर,9(1-2) नहर,2199,आवासिय क्षेत्र
बिश्रामपुर,9(1-2) नहर,2200,आवासिय क्षेत्र
बिश्रामपुर,9(1-2) नहर,2201,आवासिय क्षेत्र
बिश्रामपुर,9(1-2) नहर,2217,आवासिय क्षेत्र
बिश्रामपुर,9(1-2) नहर,2218,आवासिय क्षेत्र
बिश्रामपुर,9(1-2) नहर,2242,आवासिय क्षेत्र
बिश्रामपुर,9(1-2) नहर,2252,आवासिय क्षेत्र
बिश्रामपुर,9(1-2) नहर,2253,आवासिय क्षेत्र
बिश्रामपुर,9(1-2) नहर,2255,आवासिय क्षेत्र
बिश्रामपुर,9(1-2) नहर,2286,आवासिय क्षेत्र
बिश्रामपुर,9(1-2) नहर,2287,आवासिय क्षेत्र
बिश्रामपुर,9(1-2) नहर,2293,आवासिय क्षेत्र
बिश्रामपुर,9(1-2) नहर,2303,आवासिय क्षेत्र
बिश्रामपुर,9(1-2) नहर,2304,आवासिय क्षेत्र
बिश्रामपुर,9(1-2) नहर,2305,आवासिय क्षेत्र
बिश्रामपुर,9(1-2) नहर,2403,आवासिय क्षेत्र
बिश्रामपुर,9(1-2) नहर,2404,आवासिय क्षेत्र
बिश्रामपुर,9(1-2) नहर,2420,आवासिय क्षेत्र
बिश्रामपुर,9(1-2) नहर,2421,आवासिय क्षेत्र
बिश्रामपुर,9(1-2) नहर,2422,आवासिय क्षेत्र
बिश्रामपुर,9(1-2) नहर,2423,आवासिय क्षेत्र
बिश्रामपुर,9(1-2) नहर,2424,आवासिय क्षेत्र
बिश्रामपुर,9(1-2) नहर,2425,आवासिय क्षेत्र
बिश्रामपुर,9(1-2) नहर,2426,आवासिय क्षेत्र
बिश्रामपुर,9(1-2) नहर,2427,आवासिय क्षेत्र
बिश्रामपुर,9(1-2) नहर,2428,आवासिय क्षेत्र
बिश्रामपुर,9(1-2) नहर,2531,आवासिय क्षेत्र
बिश्रामपुर,9(1-2) नहर,2532,आवासिय क्षेत्र
बिश्रामपुर,9(1-2) नहर,2536,आवासिय क्षेत्र
बिश्रामपुर,9(1-2) नहर,2536,आवासिय क्षेत्र
बिश्रामपुर,9(1-2) नहर,2537,आवासिय क्षेत्र
बिश्रामपुर,9(1-2) नहर,2570,आवासिय क्षेत्र
बिश्रामपुर,9(1-2) नहर,2571,आवासिय क्षेत्र
बिश्रामपुर,9(1-2) नहर,2600,आवासिय क्षेत्र
बिश्रामपुर,9(1-2) नहर,2601,आवासिय क्षेत्र
बिश्रामपुर,9(1-2) नहर,2602,आवासिय क्षेत्र
बिश्रामपुर,9(1-2) नहर,2603,आवासिय क्षेत्र
बिश्रामपुर,9(1-2) नहर,2613,आवासिय क्षेत्र
बिश्रामपुर,9(1-2) नहर,2614,आवासिय क्षेत्र
बिश्रामपुर,9(1-2) नहर,2616,आवासिय क्षेत्र
बिश्रामपुर,9(1-2) नहर,2672,आवासिय क्षेत्र
बिश्रामपुर,9(1-2) नहर,2673,आवासिय क्षेत्र
बिश्रामपुर,9(1-2) नहर,2675,आवासिय क्षेत्र
बिश्रामपुर,9(1-2) नहर,2676,आवासिय क्षेत्र
बिश्रामपुर,9(1-2) नहर,2677,आवासिय क्षेत्र
बिश्रामपुर,9(1-2) नहर,2690,आवासिय क्षेत्र
बिश्रामपुर,9(1-2) नहर,2691,आवासिय क्षेत्र
बिश्रामपुर,9(1-2) नहर,2692,आवासिय क्षेत्र
बिश्रामपुर,9(1-2) नहर,2693,आवासिय क्षेत्र
बिश्रामपुर,9(1-2) नहर,2734,आवासिय क्षेत्र
बिश्रामपुर,9(1-2) नहर,2735,आवासिय क्षेत्र
बिश्रामपुर,9(1-2) नहर,2893,आवासिय क्षेत्र
बिश्रामपुर,9(1-2) नहर,2894,आवासिय क्षेत्र
बिश्रामपुर,9(1-2) नहर,2895,आवासिय क्षेत्र
बिश्रामपुर,9(1-2) नहर,2994,आवासिय क्षेत्र
बिश्रामपुर,9(1-2) नहर,2995,आवासिय क्षेत्र
बिश्रामपुर,9(1-2) नहर,2996,आवासिय क्षेत्र
बिश्रामपुर,9(1-2) नहर,3008,आवासिय क्षेत्र
बिश्रामपुर,9(1-2) नहर,3009,आवासिय क्षेत्र
बिश्रामपुर,9(1-2) नहर,3010,आवासिय क्षेत्र
बिश्रामपुर,9(1-2) नहर,3011,आवासिय क्षेत्र
बिश्रामपुर,9(1-2) नहर,3012,आवासिय क्षेत्र
बिश्रामपुर,9(1-2) नहर,3013,आवासिय क्षेत्र
बिश्रामपुर,9(1-2) नहर,3014,आवासिय क्षेत्र
बिश्रामपुर,9(1-2) नहर,3015,आवासिय क्षेत्र
बिश्रामपुर,9(1-2) नहर,3039,आवासिय क्षेत्र
बिश्रामपुर,9(1-2) नहर,3040,आवासिय क्षेत्र
बिश्रामपुर,9(1-2) नहर,3086,आवासिय क्षेत्र
बिश्रामपुर,9(1-2) नहर,3087,आवासिय क्षेत्र
बिश्रामपुर,9(1-2) नहर,3088,आवासिय क्षेत्र
बिश्रामपुर,9(1-2) नहर,3089,आवासिय क्षेत्र
बिश्रामपुर,9(1-2) नहर,3090,आवासिय क्षेत्र
बिश्रामपुर,9(1-2) नहर,3091,आवासिय क्षेत्र
बिश्रामपुर,9(1-2) नहर,3092,आवासिय क्षेत्र
बिश्रामपुर,9(1-2) नहर,3093,आवासिय क्षेत्र
बिश्रामपुर,9(1-2) नहर,3094,आवासिय क्षेत्र
बिश्रामपुर,9(1-2) नहर,3095,आवासिय क्षेत्र
बिश्रामपुर,9(1-2) नहर,3096,आवासिय क्षेत्र
बिश्रामपुर,9(1-2) नहर,3097,आवासिय क्षेत्र
बिश्रामपुर,9(1-2) नहर,3102,आवासिय क्षेत्र
बिश्रामपुर,9(1-2) नहर,3103,आवासिय क्षेत्र
बिश्रामपुर,9(1-2) नहर,3105,आवासिय क्षेत्र
बिश्रामपुर,9(1-2) नहर,3106,आवासिय क्षेत्र
बिश्रामपुर,9(1-2) नहर,3130,आवासिय क्षेत्र
बिश्रामपुर,9(1-2) नहर,3131,आवासिय क्षेत्र
बिश्रामपुर,9(1-2) नहर,3137,आवासिय क्षेत्र
बिश्रामपुर,9(1-2) नहर,3138,आवासिय क्षेत्र
बिश्रामपुर,9(1-2) नहर,3139,आवासिय क्षेत्र
बिश्रामपुर,9(1-2) नहर,3140,आवासिय क्षेत्र
बिश्रामपुर,9(1-2) नहर,3141,आवासिय क्षेत्र
बिश्रामपुर,9(1-2) नहर,3142,आवासिय क्षेत्र
बिश्रामपुर,9(1-2) नहर,3143,आवासिय क्षेत्र
बिश्रामपुर,9(1-2) नहर,3144,आवासिय क्षेत्र
बिश्रामपुर,9(1-2) नहर,3145,आवासिय क्षेत्र
बिश्रामपुर,9(1-2) नहर,3146,आवासिय क्षेत्र
बिश्रामपुर,9(1-2) नहर,3154,आवासिय क्षेत्र
बिश्रामपुर,9(1-2) नहर,3155,आवासिय क्षेत्र
बिश्रामपुर,9(1-2) नहर,3205,आवासिय क्षेत्र
बिश्रामपुर,9(1-2) नहर,3206,आवासिय क्षेत्र
बिश्रामपुर,9(1-2) नहर,7242,आवासिय क्षेत्र
बिश्रामपुर,9(1-3) नहर,0,आवासिय क्षेत्र
बिश्रामपुर,9(1-3) नहर,0,आवासिय क्षेत्र
बिश्रामपुर,9(1-3) नहर,0,सार्वजनिक उपयोग क्षेत्र
बिश्रामपुर,9(1-3) नहर,0,आवासिय क्षेत्र
बिश्रामपुर,9(1-3) नहर,0,सार्वजनिक उपयोग क्षेत्र
बिश्रामपुर,9(1-3) नहर,0,सार्वजनिक उपयोग क्षेत्र
बिश्रामपुर,9(1-3) नहर,0,सार्वजनिक उपयोग क्षेत्र
बिश्रामपुर,9(1-3) नहर,0,सार्वजनिक उपयोग क्षेत्र
बिश्रामपुर,9(1-3) नहर,0,आवासिय क्षेत्र
बिश्रामपुर,9(1-3) नहर,19,आवासिय क्षेत्र
बिश्रामपुर,9(1-3) नहर,20,आवासिय क्षेत्र
बिश्रामपुर,9(1-3) नहर,21,सार्वजनिक उपयोग क्षेत्र
बिश्रामपुर,9(1-3) नहर,199,आवासिय क्षेत्र
बिश्रामपुर,9(1-3) नहर,208,आवासिय क्षेत्र
बिश्रामपुर,9(1-3) नहर,507,सार्वजनिक उपयोग क्षेत्र
बिश्रामपुर,9(1-3) नहर,758,सार्वजनिक उपयोग क्षेत्र
बिश्रामपुर,9(1-3) नहर,758,सार्वजनिक उपयोग क्षेत्र
बिश्रामपुर,9(1-3) नहर,760,आवासिय क्षेत्र
बिश्रामपुर,9(1-3) नहर,761,आवासिय क्षेत्र
बिश्रामपुर,9(1-3) नहर,763,आवासिय क्षेत्र
बिश्रामपुर,9(1-3) नहर,765,आवासिय क्षेत्र
बिश्रामपुर,9(1-3) नहर,769,आवासिय क्षेत्र
बिश्रामपुर,9(1-3) नहर,772,आवासिय क्षेत्र
बिश्रामपुर,9(1-3) नहर,773,आवासिय क्षेत्र
बिश्रामपुर,9(1-3) नहर,775,आवासिय क्षेत्र
बिश्रामपुर,9(1-3) नहर,777,आवासिय क्षेत्र
बिश्रामपुर,9(1-3) नहर,782,आवासिय क्षेत्र
बिश्रामपुर,9(1-3) नहर,783,आवासिय क्षेत्र
बिश्रामपुर,9(1-3) नहर,784,आवासिय क्षेत्र
बिश्रामपुर,9(1-3) नहर,785,आवासिय क्षेत्र
बिश्रामपुर,9(1-3) नहर,788,आवासिय क्षेत्र
बिश्रामपुर,9(1-3) नहर,790,आवासिय क्षेत्र
बिश्रामपुर,9(1-3) नहर,792,आवासिय क्षेत्र
बिश्रामपुर,9(1-3) नहर,793,आवासिय क्षेत्र
बिश्रामपुर,9(1-3) नहर,797,आवासिय क्षेत्र
बिश्रामपुर,9(1-3) नहर,798,आवासिय क्षेत्र
बिश्रामपुर,9(1-3) नहर,824,आवासिय क्षेत्र
बिश्रामपुर,9(1-3) नहर,825,आवासिय क्षेत्र
बिश्रामपुर,9(1-3) नहर,901,आवासिय क्षेत्र
बिश्रामपुर,9(1-3) नहर,902,आवासिय क्षेत्र
बिश्रामपुर,9(1-3) नहर,903,आवासिय क्षेत्र
बिश्रामपुर,9(1-3) नहर,904,आवासिय क्षेत्र
बिश्रामपुर,9(1-3) नहर,926,आवासिय क्षेत्र
बिश्रामपुर,9(1-3) नहर,926,आवासिय क्षेत्र
बिश्रामपुर,9(1-3) नहर,1077,आवासिय क्षेत्र
बिश्रामपुर,9(1-3) नहर,1078,आवासिय क्षेत्र
बिश्रामपुर,9(1-3) नहर,1079,आवासिय क्षेत्र
बिश्रामपुर,9(1-3) नहर,1107,आवासिय क्षेत्र
बिश्रामपुर,9(1-3) नहर,1108,आवासिय क्षेत्र
बिश्रामपुर,9(1-3) नहर,1117,आवासिय क्षेत्र
बिश्रामपुर,9(1-3) नहर,1158,आवासिय क्षेत्र
बिश्रामपुर,9(1-3) नहर,1159,आवासिय क्षेत्र
बिश्रामपुर,9(1-3) नहर,1188,आवासिय क्षेत्र
बिश्रामपुर,9(1-3) नहर,1245,आवासिय क्षेत्र
बिश्रामपुर,9(1-3) नहर,1262,आवासिय क्षेत्र
बिश्रामपुर,9(1-3) नहर,1263,आवासिय क्षेत्र
बिश्रामपुर,9(1-3) नहर,1295,आवासिय क्षेत्र
बिश्रामपुर,9(1-3) नहर,1296,आवासिय क्षेत्र
बिश्रामपुर,9(1-3) नहर,1298,आवासिय क्षेत्र
बिश्रामपुर,9(1-3) नहर,1299,आवासिय क्षेत्र
बिश्रामपुर,9(1-3) नहर,1312,आवासिय क्षेत्र
बिश्रामपुर,9(1-3) नहर,1313,आवासिय क्षेत्र
बिश्रामपुर,9(1-3) नहर,1314,आवासिय क्षेत्र
बिश्रामपुर,9(1-3) नहर,1325,आवासिय क्षेत्र
बिश्रामपुर,9(1-3) नहर,1330,आवासिय क्षेत्र
बिश्रामपुर,9(1-3) नहर,1340,आवासिय क्षेत्र
बिश्रामपुर,9(1-3) नहर,1342,आवासिय क्षेत्र
बिश्रामपुर,9(1-3) नहर,1343,आवासिय क्षेत्र
बिश्रामपुर,9(1-3) नहर,1344,आवासिय क्षेत्र
बिश्रामपुर,9(1-3) नहर,1363,आवासिय क्षेत्र
बिश्रामपुर,9(1-3) नहर,1365,आवासिय क्षेत्र
बिश्रामपुर,9(1-3) नहर,1366,आवासिय क्षेत्र
बिश्रामपुर,9(1-3) नहर,1367,आवासिय क्षेत्र
बिश्रामपुर,9(1-3) नहर,1368,आवासिय क्षेत्र
बिश्रामपुर,9(1-3) नहर,1369,आवासिय क्षेत्र
बिश्रामपुर,9(1-3) नहर,1370,आवासिय क्षेत्र
बिश्रामपुर,9(1-3) नहर,1376,आवासिय क्षेत्र
बिश्रामपुर,9(1-3) नहर,1377,आवासिय क्षेत्र
बिश्रामपुर,9(1-3) नहर,1378,आवासिय क्षेत्र
बिश्रामपुर,9(1-3) नहर,1379,आवासिय क्षेत्र
बिश्रामपुर,9(1-3) नहर,1496,आवासिय क्षेत्र
बिश्रामपुर,9(1-3) नहर,1497,आवासिय क्षेत्र
बिश्रामपुर,9(1-3) नहर,1498,आवासिय क्षेत्र
बिश्रामपुर,9(1-3) नहर,1499,आवासिय क्षेत्र
बिश्रामपुर,9(1-3) नहर,1509,आवासिय क्षेत्र
बिश्रामपुर,9(1-3) नहर,1510,आवासिय क्षेत्र
बिश्रामपुर,9(1-3) नहर,1511,आवासिय क्षेत्र
बिश्रामपुर,9(1-3) नहर,1512,आवासिय क्षेत्र
बिश्रामपुर,9(1-3) नहर,1531,आवासिय क्षेत्र
बिश्रामपुर,9(1-3) नहर,1532,आवासिय क्षेत्र
बिश्रामपुर,9(1-3) नहर,1543,आवासिय क्षेत्र
बिश्रामपुर,9(1-3) नहर,1544,आवासिय क्षेत्र
बिश्रामपुर,9(1-3) नहर,1547,आवासिय क्षेत्र
बिश्रामपुर,9(1-3) नहर,1806,आवासिय क्षेत्र
बिश्रामपुर,9(1-3) नहर,1807,आवासिय क्षेत्र
बिश्रामपुर,9(1-3) नहर,1946,आवासिय क्षेत्र
बिश्रामपुर,9(1-3) नहर,1947,आवासिय क्षेत्र
बिश्रामपुर,9(1-3) नहर,2177,आवासिय क्षेत्र
बिश्रामपुर,9(1-3) नहर,2192,आवासिय क्षेत्र
बिश्रामपुर,9(1-3) नहर,2193,आवासिय क्षेत्र
बिश्रामपुर,9(1-3) नहर,2202,आवासिय क्षेत्र
बिश्रामपुर,9(1-3) नहर,2203,आवासिय क्षेत्र
बिश्रामपुर,9(1-3) नहर,2223,आवासिय क्षेत्र
बिश्रामपुर,9(1-3) नहर,2384,आवासिय क्षेत्र
बिश्रामपुर,9(1-3) नहर,2384,आवासिय क्षेत्र
बिश्रामपुर,9(1-3) नहर,2448,आवासिय क्षेत्र
बिश्रामपुर,9(1-3) नहर,2449,आवासिय क्षेत्र
बिश्रामपुर,9(1-3) नहर,2558,आवासिय क्षेत्र
बिश्रामपुर,9(1-3) नहर,2582,आवासिय क्षेत्र
बिश्रामपुर,9(1-3) नहर,2583,आवासिय क्षेत्र
बिश्रामपुर,9(1-3) नहर,2670,आवासिय क्षेत्र
बिश्रामपुर,9(1-3) नहर,2688,आवासिय क्षेत्र
बिश्रामपुर,9(1-3) नहर,2689,आवासिय क्षेत्र
बिश्रामपुर,9(1-3) नहर,2750,आवासिय क्षेत्र
बिश्रामपुर,9(1-3) नहर,2751,आवासिय क्षेत्र
बिश्रामपुर,9(1-3) नहर,2919,आवासिय क्षेत्र
बिश्रामपुर,9(1-3) नहर,2920,आवासिय क्षेत्र
बिश्रामपुर,9(1-3) नहर,2921,आवासिय क्षेत्र
बिश्रामपुर,9(1-3) नहर,2935,आवासिय क्षेत्र
बिश्रामपुर,9(1-3) नहर,2936,आवासिय क्षेत्र
बिश्रामपुर,9(1-3) नहर,9993,सार्वजनिक उपयोग क्षेत्र
बिश्रामपुर,9(1-3) नहर,9999,आवासिय क्षेत्र
बिश्रामपुर,9(1-3) नहर,9999,आवासिय क्षेत्र
बिश्रामपुर,9(1-3) नहर,9999,आवासिय क्षेत्र
बिश्रामपुर,9(1-3) नहर,9999,सार्वजनिक उपयोग क्षेत्र
बिश्रामपुर,9(1-3) नहर,9999,सार्वजनिक उपयोग क्षेत्र
बिश्रामपुर,9(1-3) नहर,9999,सार्वजनिक उपयोग क्षेत्र
बिश्रामपुर,9(1-3) नहर,9999,सार्वजनिक उपयोग क्षेत्र
बिश्रामपुर,9(1-3) नहर,9999,सार्वजनिक उपयोग क्षेत्र
बिश्रामपुर,9(1-3) नहर,9999,आवासिय क्षेत्र
बिश्रामपुर,9(1-3) नहर,9999,आवासिय क्षेत्र
बिश्रामपुर,9(1-3) नहर,99999,सार्वजनिक उपयोग क्षेत्र
बिश्रामपुर,9(1-3) नहर,99999,सार्वजनिक उपयोग क्षेत्र
बिश्रामपुर,9(1-3) नहर,99999,सार्वजनिक उपयोग क्षेत्र
बिश्रामपुर,9(1-3) नहर,99999,सार्वजनिक उपयोग क्षेत्र
बिश्रामपुर,9(1-3) नहर,99999,सार्वजनिक उपयोग क्षेत्र
भलुही भल्वरिया,9,1,आवासिय क्षेत्र
भलुही भल्वरिया,9,2,आवासिय क्षेत्र
भलुही भल्वरिया,9,5,आवासिय क्षेत्र
भलुही भल्वरिया,9,6,आवासिय क्षेत्र
भलुही भल्वरिया,9,7,आवासिय क्षेत्र
भलुही भल्वरिया,9,8,आवासिय क्षेत्र
भलुही भल्वरिया,9,9,आवासिय क्षेत्र
भलुही भल्वरिया,9,10,आवासिय क्षेत्र
भलुही भल्वरिया,9,11,आवासिय क्षेत्र
भलुही भल्वरिया,9,12,आवासिय क्षेत्र
भलुही भल्वरिया,9,14,आवासिय क्षेत्र
भलुही भल्वरिया,9,15,आवासिय क्षेत्र
भलुही भल्वरिया,9,16,आवासिय क्षेत्र
भलुही भल्वरिया,9,17,आवासिय क्षेत्र
भलुही भल्वरिया,9,18,आवासिय क्षेत्र
भलुही भल्वरिया,9,21,आवासिय क्षेत्र
भलुही भल्वरिया,9,22,आवासिय क्षेत्र
भलुही भल्वरिया,9,25,आवासिय क्षेत्र
भलुही भल्वरिया,9,30,आवासिय क्षेत्र
भलुही भल्वरिया,9,31,आवासिय क्षेत्र
भलुही भल्वरिया,9,32,आवासिय क्षेत्र
भलुही भल्वरिया,9,33,आवासिय क्षेत्र
भलुही भल्वरिया,9,34,आवासिय क्षेत्र
भलुही भल्वरिया,9,35,आवासिय क्षेत्र
भलुही भल्वरिया,9,38,आवासिय क्षेत्र
भलुही भल्वरिया,9,39,आवासिय क्षेत्र
भलुही भल्वरिया,9,40,आवासिय क्षेत्र
भलुही भल्वरिया,9,42,आवासिय क्षेत्र
भलुही भल्वरिया,9,43,आवासिय क्षेत्र
भलुही भल्वरिया,9,43,आवासिय क्षेत्र
भलुही भल्वरिया,9,43,आवासिय क्षेत्र
भलुही भल्वरिया,9,43,आवासिय क्षेत्र
भलुही भल्वरिया,9,43,आवासिय क्षेत्र
भलुही भल्वरिया,9,43,आवासिय क्षेत्र
भलुही भल्वरिया,9,44,आवासिय क्षेत्र
भलुही भल्वरिया,9,45,आवासिय क्षेत्र
भलुही भल्वरिया,9,46,आवासिय क्षेत्र
भलुही भल्वरिया,9,47,आवासिय क्षेत्र
भलुही भल्वरिया,9,48,आवासिय क्षेत्र
भलुही भल्वरिया,9,50,आवासिय क्षेत्र
भलुही भल्वरिया,9,51,आवासिय क्षेत्र
भलुही भल्वरिया,9,52,आवासिय क्षेत्र
भलुही भल्वरिया,9,55,आवासिय क्षेत्र
भलुही भल्वरिया,9,56,आवासिय क्षेत्र
भलुही भल्वरिया,9,57,आवासिय क्षेत्र
भलुही भल्वरिया,9,58,आवासिय क्षेत्र
भलुही भल्वरिया,9,59,आवासिय क्षेत्र
भलुही भल्वरिया,9,60,आवासिय क्षेत्र
भलुही भल्वरिया,9,61,आवासिय क्षेत्र
भलुही भल्वरिया,9,63,आवासिय क्षेत्र
भलुही भल्वरिया,9,65,आवासिय क्षेत्र
भलुही भल्वरिया,9,66,आवासिय क्षेत्र
भलुही भल्वरिया,9,68,आवासिय क्षेत्र
भलुही भल्वरिया,9,71,आवासिय क्षेत्र
भलुही भल्वरिया,9,72,आवासिय क्षेत्र
भलुही भल्वरिया,9,78,आवासिय क्षेत्र
भलुही भल्वरिया,9,81,आवासिय क्षेत्र
भलुही भल्वरिया,9,83,आवासिय क्षेत्र
भलुही भल्वरिया,9,84,आवासिय क्षेत्र
भलुही भल्वरिया,9,84,आवासिय क्षेत्र
भलुही भल्वरिया,9,85,आवासिय क्षेत्र
भलुही भल्वरिया,9,86,आवासिय क्षेत्र
भलुही भल्वरिया,9,87,आवासिय क्षेत्र
भलुही भल्वरिया,9,88,आवासिय क्षेत्र
भलुही भल्वरिया,9,89,आवासिय क्षेत्र
भलुही भल्वरिया,9,90,आवासिय क्षेत्र
भलुही भल्वरिया,9,91,आवासिय क्षेत्र
भलुही भल्वरिया,9,92,आवासिय क्षेत्र
भलुही भल्वरिया,9,94,आवासिय क्षेत्र
भलुही भल्वरिया,9,95,आवासिय क्षेत्र
भलुही भल्वरिया,9,96,आवासिय क्षेत्र
भलुही भल्वरिया,9,97,आवासिय क्षेत्र
भलुही भल्वरिया,9,98,आवासिय क्षेत्र
भलुही भल्वरिया,9,99,आवासिय क्षेत्र
भलुही भल्वरिया,9,100,आवासिय क्षेत्र
भलुही भल्वरिया,9,101,आवासिय क्षेत्र
भलुही भल्वरिया,9,104,आवासिय क्षेत्र
भलुही भल्वरिया,9,106,आवासिय क्षेत्र
भलुही भल्वरिया,9,107,आवासिय क्षेत्र
भलुही भल्वरिया,9,108,आवासिय क्षेत्र
भलुही भल्वरिया,9,109,आवासिय क्षेत्र
भलुही भल्वरिया,9,110,आवासिय क्षेत्र
भलुही भल्वरिया,9,111,आवासिय क्षेत्र
भलुही भल्वरिया,9,112,आवासिय क्षेत्र
भलुही भल्वरिया,9,115,आवासिय क्षेत्र
भलुही भल्वरिया,9,116,आवासिय क्षेत्र
भलुही भल्वरिया,9,118,आवासिय क्षेत्र
भलुही भल्वरिया,9,120,आवासिय क्षेत्र
भलुही भल्वरिया,9,121,आवासिय क्षेत्र
भलुही भल्वरिया,9,122,आवासिय क्षेत्र
भलुही भल्वरिया,9,124,आवासिय क्षेत्र
भलुही भल्वरिया,9,126,आवासिय क्षेत्र
भलुही भल्वरिया,9,127,आवासिय क्षेत्र
भलुही भल्वरिया,9,128,आवासिय क्षेत्र
भलुही भल्वरिया,9,129,आवासिय क्षेत्र
भलुही भल्वरिया,9,130,आवासिय क्षेत्र
भलुही भल्वरिया,9,135,आवासिय क्षेत्र
भलुही भल्वरिया,9,136,आवासिय क्षेत्र
भलुही भल्वरिया,9,137,आवासिय क्षेत्र
भलुही भल्वरिया,9,138,आवासिय क्षेत्र
भलुही भल्वरिया,9,140,आवासिय क्षेत्र
भलुही भल्वरिया,9,141,आवासिय क्षेत्र
भलुही भल्वरिया,9,142,आवासिय क्षेत्र
भलुही भल्वरिया,9,143,आवासिय क्षेत्र
भलुही भल्वरिया,9,144,आवासिय क्षेत्र
भलुही भल्वरिया,9,145,आवासिय क्षेत्र
भलुही भल्वरिया,9,146,आवासिय क्षेत्र
भलुही भल्वरिया,9,147,आवासिय क्षेत्र
भलुही भल्वरिया,9,148,आवासिय क्षेत्र
भलुही भल्वरिया,9,151,आवासिय क्षेत्र
भलुही भल्वरिया,9,154,आवासिय क्षेत्र
भलुही भल्वरिया,9,155,आवासिय क्षेत्र
भलुही भल्वरिया,9,156,आवासिय क्षेत्र
भलुही भल्वरिया,9,157,आवासिय क्षेत्र
भलुही भल्वरिया,9,158,आवासिय क्षेत्र
भलुही भल्वरिया,9,161,आवासिय क्षेत्र
भलुही भल्वरिया,9,162,आवासिय क्षेत्र
भलुही भल्वरिया,9,165,आवासिय क्षेत्र
भलुही भल्वरिया,9,166,आवासिय क्षेत्र
भलुही भल्वरिया,9,167,आवासिय क्षेत्र
भलुही भल्वरिया,9,168,आवासिय क्षेत्र
भलुही भल्वरिया,9,169,आवासिय क्षेत्र
भलुही भल्वरिया,9,170,आवासिय क्षेत्र
भलुही भल्वरिया,9,171,आवासिय क्षेत्र
भलुही भल्वरिया,9,172,आवासिय क्षेत्र
भलुही भल्वरिया,9,173,आवासिय क्षेत्र
भलुही भल्वरिया,9,174,आवासिय क्षेत्र
भलुही भल्वरिया,9,175,आवासिय क्षेत्र
भलुही भल्वरिया,9,176,आवासिय क्षेत्र
भलुही भल्वरिया,9,177,आवासिय क्षेत्र
भलुही भल्वरिया,9,178,आवासिय क्षेत्र
भलुही भल्वरिया,9,179,आवासिय क्षेत्र
भलुही भल्वरिया,9,180,आवासिय क्षेत्र
भलुही भल्वरिया,9,181,आवासिय क्षेत्र
भलुही भल्वरिया,9,182,आवासिय क्षेत्र
भलुही भल्वरिया,9,183,आवासिय क्षेत्र
भलुही भल्वरिया,9,184,आवासिय क्षेत्र
भलुही भल्वरिया,9,185,आवासिय क्षेत्र
भलुही भल्वरिया,9,186,आवासिय क्षेत्र
भलुही भल्वरिया,9,187,आवासिय क्षेत्र
भलुही भल्वरिया,9,188,आवासिय क्षेत्र
भलुही भल्वरिया,9,189,आवासिय क्षेत्र
भलुही भल्वरिया,9,190,आवासिय क्षेत्र
भलुही भल्वरिया,9,191,आवासिय क्षेत्र
भलुही भल्वरिया,9,192,कृषि क्षेत्र
भलुही भल्वरिया,9,193,कृषि क्षेत्र
भलुही भल्वरिया,9,194,आवासिय क्षेत्र
भलुही भल्वरिया,9,195,कृषि क्षेत्र
भलुही भल्वरिया,9,196,कृषि क्षेत्र
भलुही भल्वरिया,9,197,"नदी, खोला, ताल, सिमसार क्षेत्र"
भलुही भल्वरिया,9,198,कृषि क्षेत्र
भलुही भल्वरिया,9,200,कृषि क्षेत्र
भलुही भल्वरिया,9,202,कृषि क्षेत्र
भलुही भल्वरिया,9,203,कृषि क्षेत्र
भलुही भल्वरिया,9,205,कृषि क्षेत्र
भलुही भल्वरिया,9,206,"नदी, खोला, ताल, सिमसार क्षेत्र"
भलुही भल्वरिया,9,207,कृषि क्षेत्र
भलुही भल्वरिया,9,208,कृषि क्षेत्र
भलुही भल्वरिया,9,209,आवासिय क्षेत्र
भलुही भल्वरिया,9,210,आवासिय क्षेत्र
भलुही भल्वरिया,9,211,आवासिय क्षेत्र
भलुही भल्वरिया,9,213,आवासिय क्षेत्र
भलुही भल्वरिया,9,214,आवासिय क्षेत्र
भलुही भल्वरिया,9,219,आवासिय क्षेत्र
भलुही भल्वरिया,9,220,आवासिय क्षेत्र
भलुही भल्वरिया,9,221,आवासिय क्षेत्र
भलुही भल्वरिया,9,222,आवासिय क्षेत्र
भलुही भल्वरिया,9,223,आवासिय क्षेत्र
भलुही भल्वरिया,9,224,आवासिय क्षेत्र
भलुही भल्वरिया,9,225,आवासिय क्षेत्र
भलुही भल्वरिया,9,227,आवासिय क्षेत्र
भलुही भल्वरिया,9,228,आवासिय क्षेत्र
भलुही भल्वरिया,9,230,आवासिय क्षेत्र
भलुही भल्वरिया,9,231,आवासिय क्षेत्र
भलुही भल्वरिया,9,234,आवासिय क्षेत्र
भलुही भल्वरिया,9,238,आवासिय क्षेत्र
भलुही भल्वरिया,9,240,आवासिय क्षेत्र
भलुही भल्वरिया,9,241,आवासिय क्षेत्र
भलुही भल्वरिया,9,242,आवासिय क्षेत्र
भलुही भल्वरिया,9,243,आवासिय क्षेत्र
भलुही भल्वरिया,9,244,आवासिय क्षेत्र
भलुही भल्वरिया,9,245,आवासिय क्षेत्र
भलुही भल्वरिया,9,247,आवासिय क्षेत्र
भलुही भल्वरिया,9,252,आवासिय क्षेत्र
भलुही भल्वरिया,9,253,आवासिय क्षेत्र
भलुही भल्वरिया,9,254,आवासिय क्षेत्र
भलुही भल्वरिया,9,255,आवासिय क्षेत्र
भलुही भल्वरिया,9,257,आवासिय क्षेत्र
भलुही भल्वरिया,9,258,आवासिय क्षेत्र
भलुही भल्वरिया,9,259,आवासिय क्षेत्र
भलुही भल्वरिया,9,260,आवासिय क्षेत्र
भलुही भल्वरिया,9,261,आवासिय क्षेत्र
भलुही भल्वरिया,9,301,आवासिय क्षेत्र
भलुही भल्वरिया,9,302,आवासिय क्षेत्र
भलुही भल्वरिया,9,307,कृषि क्षेत्र
भलुही भल्वरिया,9,308,कृषि क्षेत्र
भलुही भल्वरिया,9,309,कृषि क्षेत्र
भलुही भल्वरिया,9,311,आवासिय क्षेत्र
भलुही भल्वरिया,9,313,आवासिय क्षेत्र
भलुही भल्वरिया,9,314,आवासिय क्षेत्र
भलुही भल्वरिया,9,315,आवासिय क्षेत्र
भलुही भल्वरिया,9,316,आवासिय क्षेत्र
भलुही भल्वरिया,9,317,आवासिय क्षेत्र
भलुही भल्वरिया,9,318,आवासिय क्षेत्र
भलुही भल्वरिया,9,319,आवासिय क्षेत्र
भलुही भल्वरिया,9,330,आवासिय क्षेत्र
भलुही भल्वरिया,9,331,आवासिय क्षेत्र
भलुही भल्वरिया,9,339,आवासिय क्षेत्र
भलुही भल्वरिया,9,346,कृषि क्षेत्र
भलुही भल्वरिया,9,348,आवासिय क्षेत्र
भलुही भल्वरिया,9,374,आवासिय क्षेत्र
भलुही भल्वरिया,9,375,आवासिय क्षेत्र
भलुही भल्वरिया,9,376,आवासिय क्षेत्र
भलुही भल्वरिया,9,380,आवासिय क्षेत्र
भलुही भल्वरिया,9,381,आवासिय क्षेत्र
भलुही भल्वरिया,9,384,आवासिय क्षेत्र
भलुही भल्वरिया,9,385,आवासिय क्षेत्र
भलुही भल्वरिया,9,385,आवासिय क्षेत्र
भलुही भल्वरिया,9,389,आवासिय क्षेत्र
भलुही भल्वरिया,9,390,आवासिय क्षेत्र
भलुही भल्वरिया,9,392,आवासिय क्षेत्र
भलुही भल्वरिया,9,393,आवासिय क्षेत्र
भलुही भल्वरिया,9,443,आवासिय क्षेत्र
भलुही भल्वरिया,9,445,आवासिय क्षेत्र
भलुही भल्वरिया,9,446,आवासिय क्षेत्र
भलुही भल्वरिया,9,447,आवासिय क्षेत्र
भलुही भल्वरिया,9,448,आवासिय क्षेत्र
भलुही भल्वरिया,9,449,आवासिय क्षेत्र
भलुही भल्वरिया,9,450,आवासिय क्षेत्र
भलुही भल्वरिया,9,451,आवासिय क्षेत्र
भलुही भल्वरिया,9,452,आवासिय क्षेत्र
भलुही भल्वरिया,9,453,आवासिय क्षेत्र
भलुही भल्वरिया,9,454,आवासिय क्षेत्र
भलुही भल्वरिया,9,455,आवासिय क्षेत्र
भलुही भल्वरिया,9,457,आवासिय क्षेत्र
भलुही भल्वरिया,9,458,आवासिय क्षेत्र
भलुही भल्वरिया,9,459,आवासिय क्षेत्र
भलुही भल्वरिया,9,460,आवासिय क्षेत्र
भलुही भल्वरिया,9,461,आवासिय क्षेत्र
भलुही भल्वरिया,9,462,आवासिय क्षेत्र
भलुही भल्वरिया,9,463,आवासिय क्षेत्र
भलुही भल्वरिया,9,464,आवासिय क्षेत्र
भलुही भल्वरिया,9,467,आवासिय क्षेत्र
भलुही भल्वरिया,9,469,आवासिय क्षेत्र
भलुही भल्वरिया,9,477,आवासिय क्षेत्र
भलुही भल्वरिया,9,478,आवासिय क्षेत्र
भलुही भल्वरिया,9,480,आवासिय क्षेत्र
भलुही भल्वरिया,9,488,आवासिय क्षेत्र
भलुही भल्वरिया,9,516,आवासिय क्षेत्र
भलुही भल्वरिया,9,517,आवासिय क्षेत्र
भलुही भल्वरिया,9,519,आवासिय क्षेत्र
भलुही भल्वरिया,9,522,आवासिय क्षेत्र
भलुही भल्वरिया,9,523,आवासिय क्षेत्र
भलुही भल्वरिया,9,524,आवासिय क्षेत्र
भलुही भल्वरिया,9,528,आवासिय क्षेत्र
भलुही भल्वरिया,9,533,आवासिय क्षेत्र
भलुही भल्वरिया,9,534,आवासिय क्षेत्र
भलुही भल्वरिया,9,535,आवासिय क्षेत्र
भलुही भल्वरिया,9,551,आवासिय क्षेत्र
भलुही भल्वरिया,9,559,आवासिय क्षेत्र
भलुही भल्वरिया,9,560,आवासिय क्षेत्र
भलुही भल्वरिया,9,565,आवासिय क्षेत्र
भलुही भल्वरिया,9,566,आवासिय क्षेत्र
भलुही भल्वरिया,9,569,आवासिय क्षेत्र
भलुही भल्वरिया,9,570,आवासिय क्षेत्र
भलुही भल्वरिया,9,576,आवासिय क्षेत्र
भलुही भल्वरिया,9,577,आवासिय क्षेत्र
भलुही भल्वरिया,9,578,आवासिय क्षेत्र
भलुही भल्वरिया,9,580,आवासिय क्षेत्र
भलुही भल्वरिया,9,581,आवासिय क्षेत्र
भलुही भल्वरिया,9,582,आवासिय क्षेत्र
भलुही भल्वरिया,9,583,आवासिय क्षेत्र
भलुही भल्वरिया,9,584,आवासिय क्षेत्र
भलुही भल्वरिया,9,585,आवासिय क्षेत्र
भलुही भल्वरिया,9,613,आवासिय क्षेत्र
भलुही भल्वरिया,9,614,आवासिय क्षेत्र
भलुही भल्वरिया,9,619,आवासिय क्षेत्र
भलुही भल्वरिया,9,620,आवासिय क्षेत्र
भलुही भल्वरिया,9,627,आवासिय क्षेत्र
भलुही भल्वरिया,9,648,आवासिय क्षेत्र
भलुही भल्वरिया,9,649,आवासिय क्षेत्र
भलुही भल्वरिया,9,654,आवासिय क्षेत्र
भलुही भल्वरिया,9,655,आवासिय क्षेत्र
भलुही भल्वरिया,9,659,आवासिय क्षेत्र
भलुही भल्वरिया,9,662,आवासिय क्षेत्र
भलुही भल्वरिया,9,663,आवासिय क्षेत्र
भलुही भल्वरिया,9,663,आवासिय क्षेत्र
भलुही भल्वरिया,9,666,आवासिय क्षेत्र
भलुही भल्वरिया,9,667,आवासिय क्षेत्र
भलुही भल्वरिया,9,674,आवासिय क्षेत्र
भलुही भल्वरिया,9,675,आवासिय क्षेत्र
भलुही भल्वरिया,9,677,आवासिय क्षेत्र
भलुही भल्वरिया,9,678,आवासिय क्षेत्र
भलुही भल्वरिया,9,679,आवासिय क्षेत्र
भलुही भल्वरिया,9,683,कृषि क्षेत्र
भलुही भल्वरिया,9,684,कृषि क्षेत्र
भलुही भल्वरिया,9,685,आवासिय क्षेत्र
भलुही भल्वरिया,9,687,आवासिय क्षेत्र
भलुही भल्वरिया,9,688,आवासिय क्षेत्र
भलुही भल्वरिया,9,689,आवासिय क्षेत्र
भलुही भल्वरिया,9,690,आवासिय क्षेत्र
भलुही भल्वरिया,9,693,आवासिय क्षेत्र
भलुही भल्वरिया,9,694,आवासिय क्षेत्र
भलुही भल्वरिया,9,700,आवासिय क्षेत्र
भलुही भल्वरिया,9,701,आवासिय क्षेत्र
भलुही भल्वरिया,9,709,आवासिय क्षेत्र
भलुही भल्वरिया,9,713,आवासिय क्षेत्र
भलुही भल्वरिया,9,714,आवासिय क्षेत्र
भलुही भल्वरिया,9,715,आवासिय क्षेत्र
भलुही भल्वरिया,9,716,आवासिय क्षेत्र
भलुही भल्वरिया,9,717,आवासिय क्षेत्र
भलुही भल्वरिया,9,718,आवासिय क्षेत्र
भलुही भल्वरिया,9,726,आवासिय क्षेत्र
भलुही भल्वरिया,9,727,आवासिय क्षेत्र
भलुही भल्वरिया,9,728,आवासिय क्षेत्र
भलुही भल्वरिया,9,729,आवासिय क्षेत्र
भलुही भल्वरिया,9,732,आवासिय क्षेत्र
भलुही भल्वरिया,9,739,आवासिय क्षेत्र
भलुही भल्वरिया,9,740,आवासिय क्षेत्र
भलुही भल्वरिया,9,741,आवासिय क्षेत्र
भलुही भल्वरिया,9,742,आवासिय क्षेत्र
भलुही भल्वरिया,9,752,आवासिय क्षेत्र
भलुही भल्वरिया,9,753,आवासिय क्षेत्र
भलुही भल्वरिया,9,780,आवासिय क्षेत्र
भलुही भल्वरिया,9,781,आवासिय क्षेत्र
भलुही भल्वरिया,9,782,आवासिय क्षेत्र
भलुही भल्वरिया,9,782,आवासिय क्षेत्र
भलुही भल्वरिया,9,783,आवासिय क्षेत्र
भलुही भल्वरिया,9,783,आवासिय क्षेत्र
भलुही भल्वरिया,9,790,आवासिय क्षेत्र
भलुही भल्वरिया,9,794,आवासिय क्षेत्र
भलुही भल्वरिया,9,795,आवासिय क्षेत्र
भलुही भल्वरिया,9,845,आवासिय क्षेत्र
भलुही भल्वरिया,9,846,आवासिय क्षेत्र
भलुही भल्वरिया,9,900,आवासिय क्षेत्र
भलुही भल्वरिया,9,909,आवासिय क्षेत्र
भलुही भल्वरिया,9,910,आवासिय क्षेत्र
भलुही भल्वरिया,9,911,आवासिय क्षेत्र
भलुही भल्वरिया,9,912,आवासिय क्षेत्र
भलुही भल्वरिया,9,921,आवासिय क्षेत्र
भलुही भल्वरिया,9,927,आवासिय क्षेत्र
भलुही भल्वरिया,9,928,आवासिय क्षेत्र
भलुही भल्वरिया,9,946,आवासिय क्षेत्र
भलुही भल्वरिया,9,947,आवासिय क्षेत्र
भलुही भल्वरिया,9,1022,आवासिय क्षेत्र
भलुही भल्वरिया,9,1023,आवासिय क्षेत्र
भलुही भल्वरिया,9,1074,आवासिय क्षेत्र
भलुही भल्वरिया,9,1075,आवासिय क्षेत्र
भलुही भल्वरिया,9,1086,आवासिय क्षेत्र
भलुही भल्वरिया,9,1087,आवासिय क्षेत्र
भलुही भल्वरिया,9,1088,आवासिय क्षेत्र
भलुही भल्वरिया,9,1089,आवासिय क्षेत्र
भलुही भल्वरिया,9,1107,आवासिय क्षेत्र
भलुही भल्वरिया,9,1108,आवासिय क्षेत्र
भलुही भल्वरिया,9,1109,आवासिय क्षेत्र
भलुही भल्वरिया,9,1110,आवासिय क्षेत्र
भलुही भल्वरिया,9,1111,आवासिय क्षेत्र
भलुही भल्वरिया,9,1112,आवासिय क्षेत्र
भलुही भल्वरिया,9,1125,आवासिय क्षेत्र
भलुही भल्वरिया,9,1126,आवासिय क्षेत्र
भलुही भल्वरिया,9,1146,आवासिय क्षेत्र
भलुही भल्वरिया,9,1147,आवासिय क्षेत्र
भलुही भल्वरिया,9,1157,आवासिय क्षेत्र
भलुही भल्वरिया,9,1158,आवासिय क्षेत्र
भलुही भल्वरिया,9,1163,आवासिय क्षेत्र
भलुही भल्वरिया,9,1164,आवासिय क्षेत्र
भलुही भल्वरिया,9,1169,आवासिय क्षेत्र
भलुही भल्वरिया,9,1170,आवासिय क्षेत्र
भलुही भल्वरिया,9,1192,आवासिय क्षेत्र
भलुही भल्वरिया,9,1192,आवासिय क्षेत्र
भलुही भल्वरिया,9,1193,आवासिय क्षेत्र
भलुही भल्वरिया,9,1194,कृषि क्षेत्र
भलुही भल्वरिया,9,1195,कृषि क्षेत्र
भलुही भल्वरिया,9,1196,आवासिय क्षेत्र
भलुही भल्वरिया,9,1197,आवासिय क्षेत्र
भलुही भल्वरिया,9,1198,आवासिय क्षेत्र
भलुही भल्वरिया,9,1199,आवासिय क्षेत्र
भलुही भल्वरिया,9,1206,आवासिय क्षेत्र
भलुही भल्वरिया,9,1207,आवासिय क्षेत्र
भलुही भल्वरिया,9,1208,आवासिय क्षेत्र
भलुही भल्वरिया,9,1209,आवासिय क्षेत्र
भलुही भल्वरिया,9,1212,आवासिय क्षेत्र
भलुही भल्वरिया,9,1213,आवासिय क्षेत्र
भलुही भल्वरिया,9,1216,आवासिय क्षेत्र
भलुही भल्वरिया,9,1217,आवासिय क्षेत्र
भलुही भल्वरिया,9,1218,आवासिय क्षेत्र
भलुही भल्वरिया,9,1219,आवासिय क्षेत्र
भलुही भल्वरिया,9,1220,आवासिय क्षेत्र
भलुही भल्वरिया,9,1221,आवासिय क्षेत्र
भलुही भल्वरिया,9,1222,आवासिय क्षेत्र
भलुही भल्वरिया,9,1223,आवासिय क्षेत्र
भलुही भल्वरिया,9,999990,आवासिय क्षेत्र
भलुही भल्वरिया,9,999999,आवासिय क्षेत्र
भलुही भल्वरिया,9 गाउँ,1,आवासिय क्षेत्र
भलुही भल्वरिया,9 गाउँ,2,आवासिय क्षेत्र
भलुही भल्वरिया,9 गाउँ,3,आवासिय क्षेत्र
भलुही भल्वरिया,9 गाउँ,4,आवासिय क्षेत्र
भलुही भल्वरिया,9 गाउँ,5,आवासिय क्षेत्र
भलुही भल्वरिया,9 गाउँ,6,आवासिय क्षेत्र
भलुही भल्वरिया,9 गाउँ,7,आवासिय क्षेत्र
भलुही भल्वरिया,9 गाउँ,8,आवासिय क्षेत्र
भलुही भल्वरिया,9 गाउँ,9,आवासिय क्षेत्र
भलुही भल्वरिया,9 गाउँ,10,आवासिय क्षेत्र
भलुही भल्वरिया,9 गाउँ,11,आवासिय क्षेत्र
भलुही भल्वरिया,9 गाउँ,12,आवासिय क्षेत्र
भलुही भल्वरिया,9 गाउँ,13,आवासिय क्षेत्र
भलुही भल्वरिया,9 गाउँ,14,आवासिय क्षेत्र
भलुही भल्वरिया,9 गाउँ,15,आवासिय क्षेत्र
भलुही भल्वरिया,9 गाउँ,16,आवासिय क्षेत्र
भलुही भल्वरिया,9 गाउँ,17,आवासिय क्षेत्र
भलुही भल्वरिया,9 गाउँ,18,आवासिय क्षेत्र
भलुही भल्वरिया,9 गाउँ,19,आवासिय क्षेत्र
भलुही भल्वरिया,9 गाउँ,20,आवासिय क्षेत्र
भलुही भल्वरिया,9 गाउँ,21,आवासिय क्षेत्र
भलुही भल्वरिया,9 गाउँ,22,आवासिय क्षेत्र
भलुही भल्वरिया,9 गाउँ,23,आवासिय क्षेत्र
भलुही भल्वरिया,9 गाउँ,24,आवासिय क्षेत्र
भलुही भल्वरिया,9 गाउँ,25,आवासिय क्षेत्र
भलुही भल्वरिया,9 गाउँ,26,आवासिय क्षेत्र
भलुही भल्वरिया,9 गाउँ,27,आवासिय क्षेत्र
भलुही भल्वरिया,9 गाउँ,28,आवासिय क्षेत्र
भलुही भल्वरिया,9 गाउँ,29,आवासिय क्षेत्र
भलुही भल्वरिया,9 गाउँ,30,आवासिय क्षेत्र
भलुही भल्वरिया,9 गाउँ,31,आवासिय क्षेत्र
भलुही भल्वरिया,9 गाउँ,32,आवासिय क्षेत्र
भलुही भल्वरिया,9 गाउँ,33,आवासिय क्षेत्र
भलुही भल्वरिया,9 गाउँ,35,आवासिय क्षेत्र
भलुही भल्वरिया,9 गाउँ,36,आवासिय क्षेत्र
भलुही भल्वरिया,9 गाउँ,37,आवासिय क्षेत्र
भलुही भल्वरिया,9 गाउँ,38,आवासिय क्षेत्र
भलुही भल्वरिया,9 गाउँ,39,आवासिय क्षेत्र
भलुही भल्वरिया,9 गाउँ,40,आवासिय क्षेत्र
भलुही भल्वरिया,9 गाउँ,42,आवासिय क्षेत्र
भलुही भल्वरिया,9 गाउँ,43,आवासिय क्षेत्र
भलुही भल्वरिया,9 गाउँ,44,आवासिय क्षेत्र
भलुही भल्वरिया,9 गाउँ,45,आवासिय क्षेत्र
भलुही भल्वरिया,9 गाउँ,47,आवासिय क्षेत्र
भलुही भल्वरिया,9 गाउँ,48,आवासिय क्षेत्र
भलुही भल्वरिया,9 गाउँ,49,आवासिय क्षेत्र
भलुही भल्वरिया,9 गाउँ,50,आवासिय क्षेत्र
भलुही भल्वरिया,9 गाउँ,51,आवासिय क्षेत्र
भलुही भल्वरिया,9 गाउँ,52,आवासिय क्षेत्र
भलुही भल्वरिया,9 गाउँ,53,आवासिय क्षेत्र
भलुही भल्वरिया,9 गाउँ,54,आवासिय क्षेत्र
भलुही भल्वरिया,9 गाउँ,55,आवासिय क्षेत्र
भलुही भल्वरिया,9 गाउँ,56,आवासिय क्षेत्र
भलुही भल्वरिया,9 गाउँ,57,आवासिय क्षेत्र
भलुही भल्वरिया,9 गाउँ,58,आवासिय क्षेत्र
भलुही भल्वरिया,9 गाउँ,59,आवासिय क्षेत्र
भलुही भल्वरिया,9 गाउँ,60,आवासिय क्षेत्र
भलुही भल्वरिया,9 गाउँ,61,आवासिय क्षेत्र
भलुही भल्वरिया,9 गाउँ,62,आवासिय क्षेत्र
भलुही भल्वरिया,9 गाउँ,63,आवासिय क्षेत्र
भलुही भल्वरिया,9 गाउँ,64,आवासिय क्षेत्र
भलुही भल्वरिया,9 गाउँ,65,आवासिय क्षेत्र
भलुही भल्वरिया,9 गाउँ,65,आवासिय क्षेत्र
भलुही भल्वरिया,9 गाउँ,66,आवासिय क्षेत्र
भलुही भल्वरिया,9 गाउँ,67,आवासिय क्षेत्र
भलुही भल्वरिया,9 गाउँ,75,आवासिय क्षेत्र
भलुही भल्वरिया,9 गाउँ,76,आवासिय क्षेत्र
भलुही भल्वरिया,9 गाउँ,80,आवासिय क्षेत्र
भलुही भल्वरिया,9 गाउँ,81,आवासिय क्षेत्र
भलुही भल्वरिया,9 गाउँ,82,आवासिय क्षेत्र
भलुही भल्वरिया,9 गाउँ,83,आवासिय क्षेत्र
भलुही भल्वरिया,9 गाउँ,84,आवासिय क्षेत्र
भलुही भल्वरिया,9 नहर,0,सार्वजनिक उपयोग क्षेत्र
भलुही भल्वरिया,9 नहर,0,सार्वजनिक उपयोग क्षेत्र
भलुही भल्वरिया,9 नहर,0,सार्वजनिक उपयोग क्षेत्र
भलुही भल्वरिया,9 नहर,0,आवासिय क्षेत्र
भलुही भल्वरिया,9 नहर,37,आवासिय क्षेत्र
भलुही भल्वरिया,9 नहर,180,आवासिय क्षेत्र
भलुही भल्वरिया,9 नहर,184,आवासिय क्षेत्र
भलुही भल्वरिया,9 नहर,189,आवासिय क्षेत्र
भलुही भल्वरिया,9 नहर,190,आवासिय क्षेत्र
भलुही भल्वरिया,9 नहर,286,आवासिय क्षेत्र
भलुही भल्वरिया,9 नहर,287,आवासिय क्षेत्र
भलुही भल्वरिया,9 नहर,288,आवासिय क्षेत्र
भलुही भल्वरिया,9 नहर,289,आवासिय क्षेत्र
भलुही भल्वरिया,9 नहर,293,आवासिय क्षेत्र
भलुही भल्वरिया,9 नहर,294,आवासिय क्षेत्र
भलुही भल्वरिया,9 नहर,305,आवासिय क्षेत्र
भलुही भल्वरिया,9 नहर,350,आवासिय क्षेत्र
भलुही भल्वरिया,9 नहर,351,आवासिय क्षेत्र
भलुही भल्वरिया,9 नहर,352,आवासिय क्षेत्र
भलुही भल्वरिया,9 नहर,353,आवासिय क्षेत्र
भलुही भल्वरिया,9 नहर,541,आवासिय क्षेत्र
भलुही भल्वरिया,9 नहर,544,आवासिय क्षेत्र
भलुही भल्वरिया,9 नहर,923,आवासिय क्षेत्र
भलुही भल्वरिया,9 नहर,929,आवासिय क्षेत्र
भलुही भल्वरिया,9 नहर,931,आवासिय क्षेत्र
भलुही भल्वरिया,9 नहर,932,आवासिय क्षेत्र
भलुही भल्वरिया,9 नहर,1033,आवासिय क्षेत्र
भलुही भल्वरिया,9 नहर,1033,आवासिय क्षेत्र
भलुही भल्वरिया,9 नहर,1033,आवासिय क्षेत्र
भलुही भल्वरिया,9 नहर,1033,आवासिय क्षेत्र
भलुही भल्वरिया,9 नहर,1034,आवासिय क्षेत्र
भलुही भल्वरिया,9 नहर,1034,आवासिय क्षेत्र
भलुही भल्वरिया,9 नहर,1034,आवासिय क्षेत्र
भलुही भल्वरिया,9 नहर,1034,आवासिय क्षेत्र
भलुही भल्वरिया,9 नहर,1035,आवासिय क्षेत्र
भलुही भल्वरिया,9 नहर,1035,आवासिय क्षेत्र
भलुही भल्वरिया,9 नहर,1036,आवासिय क्षेत्र
भलुही भल्वरिया,9 नहर,1036,आवासिय क्षेत्र
भलुही भल्वरिया,9 नहर,1036,आवासिय क्षेत्र
भलुही भल्वरिया,9 नहर,1090,आवासिय क्षेत्र
भलुही भल्वरिया,9 नहर,1091,आवासिय क्षेत्र
भलुही भल्वरिया,9 नहर,1092,आवासिय क्षेत्र
भलुही भल्वरिया,9 नहर,1093,आवासिय क्षेत्र
भलुही भल्वरिया,9 नहर,1094,आवासिय क्षेत्र
भलुही भल्वरिया,9 नहर,1095,आवासिय क्षेत्र
भलुही भल्वरिया,9 नहर,1096,आवासिय क्षेत्र
भलुही भल्वरिया,9 नहर,1097,आवासिय क्षेत्र
भलुही भल्वरिया,9 नहर,1098,आवासिय क्षेत्र
भलुही भल्वरिया,9 नहर,1200,आवासिय क्षेत्र
भलुही भल्वरिया,9 नहर,1201,आवासिय क्षेत्र
भलुही भल्वरिया,9 नहर,1202,आवासिय क्षेत्र
भलुही भल्वरिया,9 नहर,1203,आवासिय क्षेत्र
भलुही भल्वरिया,9(1-1) नहर,0,सार्वजनिक उपयोग क्षेत्र
भलुही भल्वरिया,9(1-1) नहर,0,सार्वजनिक उपयोग क्षेत्र
भलुही भल्वरिया,9(1-1) नहर,0,आवासिय क्षेत्र
भलुही भल्वरिया,9(1-1) नहर,0,आवासिय क्षेत्र
भलुही भल्वरिया,9(1-1) नहर,9,आवासिय क्षेत्र
भलुही भल्वरिया,9(1-1) नहर,101,आवासिय क्षेत्र
भलुही भल्वरिया,9(1-1) नहर,111,आवासिय क्षेत्र
भलुही भल्वरिया,9(1-1) नहर,112,आवासिय क्षेत्र
भलुही भल्वरिया,9(1-1) नहर,113,आवासिय क्षेत्र
भलुही भल्वरिया,9(1-1) नहर,123,आवासिय क्षेत्र
भलुही भल्वरिया,9(1-1) नहर,160,आवासिय क्षेत्र
भलुही भल्वरिया,9(1-1) नहर,161,आवासिय क्षेत्र
भलुही भल्वरिया,9(1-1) नहर,258,आवासिय क्षेत्र
भलुही भल्वरिया,9(1-1) नहर,262,सार्वजनिक उपयोग क्षेत्र
भलुही भल्वरिया,9(1-1) नहर,265,आवासिय क्षेत्र
भलुही भल्वरिया,9(1-1) नहर,266,आवासिय क्षेत्र
भलुही भल्वरिया,9(1-1) नहर,267,आवासिय क्षेत्र
भलुही भल्वरिया,9(1-1) नहर,270,आवासिय क्षेत्र
भलुही भल्वरिया,9(1-1) नहर,274,आवासिय क्षेत्र
भलुही भल्वरिया,9(1-1) नहर,275,सार्वजनिक उपयोग क्षेत्र
भलुही भल्वरिया,9(1-1) नहर,276,आवासिय क्षेत्र
भलुही भल्वरिया,9(1-1) नहर,276,आवासिय क्षेत्र
भलुही भल्वरिया,9(1-1) नहर,278,आवासिय क्षेत्र
भलुही भल्वरिया,9(1-1) नहर,279,आवासिय क्षेत्र
भलुही भल्वरिया,9(1-1) नहर,280,आवासिय क्षेत्र
भलुही भल्वरिया,9(1-1) नहर,281,आवासिय क्षेत्र
भलुही भल्वरिया,9(1-1) नहर,282,आवासिय क्षेत्र
भलुही भल्वरिया,9(1-1) नहर,283,सार्वजनिक उपयोग क्षेत्र
भलुही भल्वरिया,9(1-1) नहर,465,आवासिय क्षेत्र
भलुही भल्वरिया,9(1-1) नहर,466,आवासिय क्षेत्र
भलुही भल्वरिया,9(1-1) नहर,646,आवासिय क्षेत्र
भलुही भल्वरिया,9(1-1) नहर,681,आवासिय क्षेत्र
भलुही भल्वरिया,9(1-1) नहर,682,आवासिय क्षेत्र
भलुही भल्वरिया,9(1-1) नहर,737,आवासिय क्षेत्र
भलुही भल्वरिया,9(1-1) नहर,738,आवासिय क्षेत्र
भलुही भल्वरिया,9(1-1) नहर,753,आवासिय क्षेत्र
भलुही भल्वरिया,9(1-1) नहर,754,आवासिय क्षेत्र
भलुही भल्वरिया,9(1-1) नहर,756,आवासिय क्षेत्र
भलुही भल्वरिया,9(1-1) नहर,796,आवासिय क्षेत्र
भलुही भल्वरिया,9(1-1) नहर,797,आवासिय क्षेत्र
भलुही भल्वरिया,9(1-1) नहर,798,आवासिय क्षेत्र
भलुही भल्वरिया,9(1-1) नहर,827,आवासिय क्षेत्र
भलुही भल्वरिया,9(1-1) नहर,828,आवासिय क्षेत्र
भलुही भल्वरिया,9(1-1) नहर,863,आवासिय क्षेत्र
भलुही भल्वरिया,9(1-1) नहर,864,आवासिय क्षेत्र
भलुही भल्वरिया,9(1-1) नहर,865,आवासिय क्षेत्र
भलुही भल्वरिया,9(1-1) नहर,866,आवासिय क्षेत्र
भलुही भल्वरिया,9(1-1) नहर,867,आवासिय क्षेत्र
भलुही भल्वरिया,9(1-1) नहर,868,आवासिय क्षेत्र
भलुही भल्वरिया,9(1-1) नहर,869,आवासिय क्षेत्र
भलुही भल्वरिया,9(1-1) नहर,870,आवासिय क्षेत्र
भलुही भल्वरिया,9(1-1) नहर,871,आवासिय क्षेत्र
भलुही भल्वरिया,9(1-1) नहर,991,सार्वजनिक उपयोग क्षेत्र
भलुही भल्वरिया,9(1-3) नहर,299,आवासिय क्षेत्र
भलुही भल्वरिया,9(1-3) नहर,360,आवासिय क्षेत्र
भलुही भल्वरिया,9(1-3) नहर,515,आवासिय क्षेत्र
भलुही भल्वरिया,9(1-3) नहर,549,आवासिय क्षेत्र
भलुही भल्वरिया,9(1-3) नहर,557,आवासिय क्षेत्र
भलुही भल्वरिया,9(1-3) नहर,586,आवासिय क्षेत्र
भलुही भल्वरिया,9(1-3) नहर,587,आवासिय क्षेत्र
भलुही भल्वरिया,9(1-3) नहर,588,आवासिय क्षेत्र
भलुही भल्वरिया,9(1-3) नहर,589,आवासिय क्षेत्र
भलुही भल्वरिया,9(1-3) नहर,590,आवासिय क्षेत्र
भलुही भल्वरिया,9(1-3) नहर,594,आवासिय क्षेत्र
भलुही भल्वरिया,9(1-3) नहर,597,आवासिय क्षेत्र
भलुही भल्वरिया,9(1-3) नहर,600,आवासिय क्षेत्र
भलुही भल्वरिया,9(1-3) नहर,602,आवासिय क्षेत्र
भलुही भल्वरिया,9(1-3) नहर,603,आवासिय क्षेत्र
भलुही भल्वरिया,9(1-3) नहर,623,आवासिय क्षेत्र
भलुही भल्वरिया,9(1-3) नहर,629,आवासिय क्षेत्र
भलुही भल्वरिया,9(1-3) नहर,633,आवासिय क्षेत्र
भलुही भल्वरिया,9(1-3) नहर,634,आवासिय क्षेत्र
भलुही भल्वरिया,9(1-3) नहर,636,आवासिय क्षेत्र
भलुही भल्वरिया,9(1-3) नहर,644,आवासिय क्षेत्र
भलुही भल्वरिया,9(1-3) नहर,645,आवासिय क्षेत्र
भलुही भल्वरिया,9(1-3) नहर,650,आवासिय क्षेत्र
भलुही भल्वरिया,9(1-3) नहर,652,आवासिय क्षेत्र
भलुही भल्वरिया,9(1-3) नहर,653,आवासिय क्षेत्र
भलुही भल्वरिया,9(1-3) नहर,656,आवासिय क्षेत्र
भलुही भल्वरिया,9(1-3) नहर,657,आवासिय क्षेत्र
भलुही भल्वरिया,9(1-3) नहर,658,आवासिय क्षेत्र
भलुही भल्वरिया,9(1-3) नहर,668,आवासिय क्षेत्र
भलुही भल्वरिया,9(1-3) नहर,697,आवासिय क्षेत्र
भलुही भल्वरिया,9(1-3) नहर,722,आवासिय क्षेत्र
भलुही भल्वरिया,9(1-3) नहर,724,आवासिय क्षेत्र
भलुही भल्वरिया,9(1-3) नहर,745,आवासिय क्षेत्र
भलुही भल्वरिया,9(1-3) नहर,747,आवासिय क्षेत्र
भलुही भल्वरिया,9(1-3) नहर,748,आवासिय क्षेत्र
भलुही भल्वरिया,9(1-3) नहर,749,आवासिय क्षेत्र
भलुही भल्वरिया,9(1-3) नहर,750,आवासिय क्षेत्र
भलुही भल्वरिया,9(1-3) नहर,757,आवासिय क्षेत्र
भलुही भल्वरिया,9(1-3) नहर,758,आवासिय क्षेत्र
भलुही भल्वरिया,9(1-3) नहर,758,आवासिय क्षेत्र
भलुही भल्वरिया,9(1-3) नहर,758,आवासिय क्षेत्र
भलुही भल्वरिया,9(1-3) नहर,758,आवासिय क्षेत्र
भलुही भल्वरिया,9(1-3) नहर,758,आवासिय क्षेत्र
भलुही भल्वरिया,9(1-3) नहर,758,आवासिय क्षेत्र
भलुही भल्वरिया,9(1-3) नहर,758,आवासिय क्षेत्र
भलुही भल्वरिया,9(1-3) नहर,758,आवासिय क्षेत्र
भलुही भल्वरिया,9(1-3) नहर,758,आवासिय क्षेत्र
भलुही भल्वरिया,9(1-3) नहर,758,आवासिय क्षेत्र
भलुही भल्वरिया,9(1-3) नहर,758,आवासिय क्षेत्र
भलुही भल्वरिया,9(1-3) नहर,758,आवासिय क्षेत्र
भलुही भल्वरिया,9(1-3) नहर,774,आवासिय क्षेत्र
भलुही भल्वरिया,9(1-3) नहर,775,आवासिय क्षेत्र
भलुही भल्वरिया,9(1-3) नहर,778,आवासिय क्षेत्र
भलुही भल्वरिया,9(1-3) नहर,779,आवासिय क्षेत्र
भलुही भल्वरिया,9(1-3) नहर,792,आवासिय क्षेत्र
भलुही भल्वरिया,9(1-3) नहर,793,आवासिय क्षेत्र
भलुही भल्वरिया,9(1-3) नहर,799,आवासिय क्षेत्र
भलुही भल्वरिया,9(1-3) नहर,801,आवासिय क्षेत्र
भलुही भल्वरिया,9(1-3) नहर,803,आवासिय क्षेत्र
भलुही भल्वरिया,9(1-3) नहर,882,आवासिय क्षेत्र
भलुही भल्वरिया,9(1-3) नहर,883,आवासिय क्षेत्र
भलुही भल्वरिया,9(1-3) नहर,940,आवासिय क्षेत्र
भलुही भल्वरिया,9(1-3) नहर,989,आवासिय क्षेत्र
भलुही भल्वरिया,9(1-3) नहर,999,आवासिय क्षेत्र
भलुही भल्वरिया,9(1-3) नहर,1000,आवासिय क्षेत्र
भलुही भल्वरिया,9(1-3) नहर,1001,आवासिय क्षेत्र
भलुही भल्वरिया,9(1-3) नहर,1039,आवासिय क्षेत्र
भलुही भल्वरिया,9(1-3) नहर,1040,आवासिय क्षेत्र
भलुही भल्वरिया,9(1-3) नहर,1068,आवासिय क्षेत्र
भलुही भल्वरिया,9(1-3) नहर,1069,आवासिय क्षेत्र
भलुही भल्वरिया,9(1-3) नहर,1128,आवासिय क्षेत्र
भलुही भल्वरिया,9(1-3) नहर,1133,आवासिय क्षेत्र
भलुही भल्वरिया,9(1-3) नहर,1134,आवासिय क्षेत्र
भलुही भल्वरिया,9(1-3) नहर,1149,आवासिय क्षेत्र
भलुही भल्वरिया,9(1-3) नहर,1155,आवासिय क्षेत्र
भलुही भल्वरिया,9(1-3) नहर,1156,आवासिय क्षेत्र
भलुही भल्वरिया,9(1-3) नहर,1159,आवासिय क्षेत्र
भलुही भल्वरिया,9(1-3) नहर,1160,आवासिय क्षेत्र
भलुही भल्वरिया,9(1-3) नहर,1188,आवासिय क्षेत्र
भलुही भल्वरिया,9(1-3) नहर,1189,आवासिय क्षेत्र
भलुही भल्वरिया,9(1-3) नहर,1210,आवासिय क्षेत्र
भलुही भल्वरिया,9(1-3) नहर,1211,आवासिय क्षेत्र
भलुही भल्वरिया,9(1-3) नहर,9992,सार्वजनिक उपयोग क्षेत्र
भलुही भल्वरिया,9(1-3) नहर,9993,सार्वजनिक उपयोग क्षेत्र
भलुही भल्वरिया,9(1-3) नहर,9994,सार्वजनिक उपयोग क्षेत्र
भलुही भल्वरिया,9(1-3) नहर,9995,सार्वजनिक उपयोग क्षेत्र
भलुही भल्वरिया,9(1-3) नहर,9997,आवासिय क्षेत्र
भलुही भल्वरिया,9(1-3) नहर,9999,सार्वजनिक उपयोग क्षेत्र
